response_id,family_id,profile_id,detected_intent,detected_category,primary_state,conversation_stage,complexity_signature,conditions_signature,response_text,response_structure_json,source_type,confidence_score,usefulness_score,approved_for_reuse,usage_count,success_count,failure_count,avoid_rules,must_include,supporting_patterns,tags,llm_prompt_version,origin_case_id,notes,is_active,created_at,updated_at
33ad21ca-7dec-46e4-82e1-96e8cb3d3f51,28b2e675-056e-4641-905e-ff58e87ae9a7,2eeb7b96-d177-4620-abd6-76ca220ef059,general_support,transicion_rigidez,sensory_overload,focus_clarification,triple_or_high_complexity,"[""Ansiedad"", ""Trastorno del sueño"", ""Dislexia""]",No necesitas resolverlo todo de golpe. Veamos qué está pesando más. Una microacción posible es: mostrar qué sigue.,"{""full_text"": ""No necesitas resolverlo todo de golpe. Veamos qué está pesando más. Una microacción posible es: mostrar qué sigue.""}",human_curated,0.461,0.751,True,13,4,9,"[""culpabilizar"", ""moralizar""]","[""microacción concreta""]","[""anticipación""]","[""transicion_rigidez"", ""sensory_overload"", ""memoria""]",controlled_low_demand_support,e9a8c618-7b84-4128-af58-56c7a2bb30fb,dataset sintético-realista para memoria conversacional,True,2026-01-17T08:00:00,2026-05-16T21:00:00
96b8cb2d-083c-4d63-a39d-14a9acdf7521,cabd734c-419f-4c8e-ab9a-1b200e593abe,bb64bfd0-2878-4d2c-a172-94d611568f82,school_support,transicion_rigidez,sensory_overload,focus_clarification,triple_or_high_complexity,"[""TDAH""]","Antes de seguir, dime qué se ve más intenso ahora mismo: ruido, cansancio, tarea o emoción. Una microacción posible es: avisar el cambio con una frase clara.","{""full_text"": ""Antes de seguir, dime qué se ve más intenso ahora mismo: ruido, cansancio, tarea o emoción. Una microacción posible es: avisar el cambio con una frase clara.""}",system,0.921,0.752,False,3,2,1,"[""culpabilizar"", ""moralizar""]","[""microacción concreta""]","[""menos ruido"", ""menos palabras"", ""microacciones""]","[""transicion_rigidez"", ""sensory_overload"", ""memoria""]",controlled_low_demand_support,596d454a-b512-4ec6-9065-69ce97a8393e,dataset sintético-realista para memoria conversacional,True,2026-03-06T08:00:00,2026-05-18T21:00:00
86988658-a046-4f22-bdae-21d86d55e84c,174070a1-b993-450c-b8b6-564bd0b8aaa9,eb33458b-c037-4ddb-b549-91ef1fc774dc,general_support,transicion_rigidez,sensory_overload,focus_clarification,low_or_single,"[""TEA"", ""Discalculia""]","Antes de seguir, dime qué se ve más intenso ahora mismo: ruido, cansancio, tarea o emoción. Una microacción posible es: dar tiempo breve antes de cambiar.","{""full_text"": ""Antes de seguir, dime qué se ve más intenso ahora mismo: ruido, cansancio, tarea o emoción. Una microacción posible es: dar tiempo breve antes de cambiar.""}",llm_fallback,0.922,0.892,True,10,10,0,"[""culpabilizar"", ""moralizar""]","[""microacción concreta""]","[""anticipación""]","[""transicion_rigidez"", ""sensory_overload"", ""memoria""]",controlled_low_demand_support,a1202102-9d7b-480d-8760-f39c85f0d543,dataset sintético-realista para memoria conversacional,True,2026-01-14T08:00:00,2026-05-27T21:00:00
87cc8e9f-36b6-4ed9-ba36-3ac06e10d340,ecc7fd0f-c099-4120-83f8-b48c4d1e8a4e,0380aa17-34c0-4d89-abcf-644fa184d7bc,routine_request,transicion_rigidez,sensory_overload,focus_clarification,low_or_single,"[""AACC""]",No necesitas resolverlo todo de golpe. Veamos qué está pesando más. Una microacción posible es: dar tiempo breve antes de cambiar.,"{""full_text"": ""No necesitas resolverlo todo de golpe. Veamos qué está pesando más. Una microacción posible es: dar tiempo breve antes de cambiar.""}",llm_fallback,0.744,0.623,False,12,12,0,"[""culpabilizar"", ""moralizar""]","[""microacción concreta""]","[""menos ruido"", ""microacciones"", ""anticipación""]","[""transicion_rigidez"", ""sensory_overload"", ""memoria""]",controlled_crisis_support,b2566bbd-19e0-415b-bfac-f5e2e0e26b2d,dataset sintético-realista para memoria conversacional,True,2026-02-23T08:00:00,2026-05-19T21:00:00
a8367295-ce5f-44b3-9e3f-d46a4d4aae61,d90744ce-8978-418d-889d-31e4cdd05fb4,0b2d6f23-271e-4476-9bfc-357b3f168ab1,routine_request,transicion_rigidez,sensory_overload,focus_clarification,double_exceptionality_or_cooccurrence,"[""TEA"", ""Tourette""]",Parece que este momento está siendo muy demandante. Hagamos esto simple. Una microacción posible es: avisar el cambio con una frase clara.,"{""full_text"": ""Parece que este momento está siendo muy demandante. Hagamos esto simple. Una microacción posible es: avisar el cambio con una frase clara.""}",human_curated,0.473,0.327,True,14,11,3,"[""culpabilizar"", ""moralizar""]","[""microacción concreta""]","[""menos palabras"", ""anticipación""]","[""transicion_rigidez"", ""sensory_overload"", ""memoria""]",controlled_crisis_support,5fe36eb7-2e27-4052-8f64-f913138539e7,dataset sintético-realista para memoria conversacional,True,2026-03-13T08:00:00,2026-05-11T21:00:00
6dd3c58f-ca46-44d5-b59b-2b616b57b0d3,e2d1458a-d75a-4097-87bd-9c03905f769c,1121a47e-b078-4dbd-9da8-9212e3ed675a,strategy_feedback,transicion_rigidez,shutdown,adaptive_intervention,double_exceptionality_or_cooccurrence,"[""Tourette""]",Estoy contigo. Vamos a ir por una sola acción posible ahora. Una microacción posible es: dar tiempo breve antes de cambiar.,"{""full_text"": ""Estoy contigo. Vamos a ir por una sola acción posible ahora. Una microacción posible es: dar tiempo breve antes de cambiar.""}",system,0.711,0.701,True,13,8,5,"[""culpabilizar"", ""moralizar""]","[""microacción concreta""]","[""microacciones"", ""menos ruido""]","[""transicion_rigidez"", ""shutdown"", ""memoria""]",controlled_low_demand_support,60272a8c-82b0-4f84-8af5-4aeda7c69eed,dataset sintético-realista para memoria conversacional,True,2026-04-13T08:00:00,2026-05-13T21:00:00
bab718da-e827-4005-a649-bbfb824987c2,118e117b-54ea-4d19-879b-1254fafb11aa,a7105be4-28ae-4b64-bc17-4b6691b16a29,routine_request,transicion_rigidez,shutdown,adaptive_intervention,low_or_single,"[""Mutismo selectivo"", ""Tourette""]",Parece que este momento está siendo muy demandante. Hagamos esto simple. Una microacción posible es: dar tiempo breve antes de cambiar.,"{""full_text"": ""Parece que este momento está siendo muy demandante. Hagamos esto simple. Una microacción posible es: dar tiempo breve antes de cambiar.""}",llm_fallback,0.527,0.83,False,6,5,1,"[""culpabilizar"", ""moralizar""]","[""microacción concreta""]","[""menos ruido"", ""validación"", ""menos palabras""]","[""transicion_rigidez"", ""shutdown"", ""memoria""]",controlled_crisis_support,94adb029-8aa9-4454-afbf-ded2528c2418,dataset sintético-realista para memoria conversacional,True,2026-04-16T08:00:00,2026-05-18T21:00:00
ea0711d0-66b8-4935-b4ca-d2d8f12679b3,29907378-5e9b-4661-b240-f444d1725468,9ef7570a-1509-4672-9045-30877ab4f0a7,general_support,transicion_rigidez,shutdown,adaptive_intervention,double_exceptionality_or_cooccurrence,"[""Mutismo selectivo"", ""Dispraxia""]","Antes de seguir, dime qué se ve más intenso ahora mismo: ruido, cansancio, tarea o emoción. Una microacción posible es: dar tiempo breve antes de cambiar.","{""full_text"": ""Antes de seguir, dime qué se ve más intenso ahora mismo: ruido, cansancio, tarea o emoción. Una microacción posible es: dar tiempo breve antes de cambiar.""}",llm_fallback,0.489,0.716,False,13,6,7,"[""culpabilizar"", ""moralizar""]","[""microacción concreta""]","[""anticipación"", ""microacciones"", ""menos palabras""]","[""transicion_rigidez"", ""shutdown"", ""memoria""]",controlled_crisis_support,5cb23ff4-88cc-48e4-bbda-c2232913dd49,dataset sintético-realista para memoria conversacional,True,2026-01-30T08:00:00,2026-05-11T21:00:00
ea157f7a-eafe-45f3-829a-3ab2a804ee9d,e7f7306f-ee7a-475a-98b2-7237d089f915,283f7b7b-75da-4506-a0c8-401aee979bb8,emotional_venting,transicion_rigidez,shutdown,adaptive_intervention,low_or_single,"[""Dislexia"", ""Mutismo selectivo""]",No necesitas resolverlo todo de golpe. Veamos qué está pesando más. Una microacción posible es: dar tiempo breve antes de cambiar.,"{""full_text"": ""No necesitas resolverlo todo de golpe. Veamos qué está pesando más. Una microacción posible es: dar tiempo breve antes de cambiar.""}",human_curated,0.739,0.608,False,12,5,7,"[""culpabilizar"", ""moralizar""]","[""microacción concreta""]","[""microacciones"", ""menos palabras"", ""menos ruido""]","[""transicion_rigidez"", ""shutdown"", ""memoria""]",controlled_low_demand_support,f470012b-636b-4cb3-ae04-ec2e849e8ab5,dataset sintético-realista para memoria conversacional,True,2026-04-02T08:00:00,2026-05-31T21:00:00
d3ecbc75-911d-4f18-9d91-f0e08fa59e2c,a663973a-16d3-49e1-9336-7118691390ac,449a32ae-597f-4ab4-b797-6b34d4e2d2f7,routine_request,transicion_rigidez,shutdown,adaptive_intervention,triple_or_high_complexity,"[""AACC""]",Estoy contigo. Vamos a ir por una sola acción posible ahora. Una microacción posible es: mostrar qué sigue.,"{""full_text"": ""Estoy contigo. Vamos a ir por una sola acción posible ahora. Una microacción posible es: mostrar qué sigue.""}",llm_fallback,0.757,0.732,True,13,7,6,"[""culpabilizar"", ""moralizar""]","[""microacción concreta""]","[""anticipación"", ""menos palabras"", ""validación""]","[""transicion_rigidez"", ""shutdown"", ""memoria""]",controlled_crisis_support,66a81879-297d-4204-9d71-f615073e71a3,dataset sintético-realista para memoria conversacional,True,2026-03-09T08:00:00,2026-05-13T21:00:00
f4d094ad-fd5d-4902-81c8-ad5aa21e223a,1bdc9c33-f5b7-4049-af7d-aec73656c9cd,a0c01555-de92-487d-a0ed-21dacf3bad75,school_support,apoyo_general,emotional_dysregulation,case_learning,low_or_single,"[""TOC"", ""Sensibilidad sensorial""]",Estoy contigo. Vamos a ir por una sola acción posible ahora. Una microacción posible es: ajustar una cosa a la vez.,"{""full_text"": ""Estoy contigo. Vamos a ir por una sola acción posible ahora. Una microacción posible es: ajustar una cosa a la vez.""}",system,0.722,0.316,False,11,3,8,"[""culpabilizar"", ""moralizar""]","[""microacción concreta""]","[""anticipación"", ""menos palabras""]","[""apoyo_general"", ""emotional_dysregulation"", ""memoria""]",controlled_crisis_support,cf1bf043-ec64-4b63-8b11-4bb084fe9f1c,dataset sintético-realista para memoria conversacional,True,2026-04-11T08:00:00,2026-05-15T21:00:00
5656d9cb-3a14-4654-b14f-877563d5ec3d,796c6dd6-d124-4ba4-bc2b-36f7f5bd96b8,86c3fc22-b60d-49dc-9e2d-045b68bdf9a0,routine_request,apoyo_general,emotional_dysregulation,case_learning,double_exceptionality_or_cooccurrence,"[""Tourette""]","Antes de seguir, dime qué se ve más intenso ahora mismo: ruido, cansancio, tarea o emoción. Una microacción posible es: repetir una sola pauta útil.","{""full_text"": ""Antes de seguir, dime qué se ve más intenso ahora mismo: ruido, cansancio, tarea o emoción. Una microacción posible es: repetir una sola pauta útil.""}",llm_fallback,0.526,0.715,True,5,4,1,"[""culpabilizar"", ""moralizar""]","[""microacción concreta""]","[""anticipación"", ""microacciones"", ""menos palabras""]","[""apoyo_general"", ""emotional_dysregulation"", ""memoria""]",controlled_low_demand_support,0ff4bd2c-fa70-4661-a9fc-17d4254a45a3,dataset sintético-realista para memoria conversacional,True,2026-03-26T08:00:00,2026-05-11T21:00:00
2d8a6f1f-77eb-4abb-b178-c5dbe8be566c,1e078026-5215-4954-9008-8e40fc0623a0,27794c57-be73-49b2-85b9-275438618801,routine_request,apoyo_general,emotional_dysregulation,case_learning,triple_or_high_complexity,[],Estoy contigo. Vamos a ir por una sola acción posible ahora. Una microacción posible es: anotar lo que sí ayudó.,"{""full_text"": ""Estoy contigo. Vamos a ir por una sola acción posible ahora. Una microacción posible es: anotar lo que sí ayudó.""}",system,0.859,0.705,False,15,14,1,"[""culpabilizar"", ""moralizar""]","[""microacción concreta""]","[""microacciones""]","[""apoyo_general"", ""emotional_dysregulation"", ""memoria""]",controlled_crisis_support,35b71eca-7bbc-4128-8a12-e45dab05a9b4,dataset sintético-realista para memoria conversacional,True,2026-02-19T08:00:00,2026-05-15T21:00:00
eac98652-ad5b-481c-aebd-d622e02a48db,8e2aa368-b3e0-4edd-b5be-89e4779573e4,15ccbd91-0e1e-4e1a-9ca2-1790cf8996ed,general_support,apoyo_general,emotional_dysregulation,case_learning,low_or_single,"[""Sensibilidad sensorial""]",No necesitas resolverlo todo de golpe. Veamos qué está pesando más. Una microacción posible es: anotar lo que sí ayudó.,"{""full_text"": ""No necesitas resolverlo todo de golpe. Veamos qué está pesando más. Una microacción posible es: anotar lo que sí ayudó.""}",llm_fallback,0.457,0.59,True,6,4,2,"[""culpabilizar"", ""moralizar""]","[""microacción concreta""]","[""menos palabras""]","[""apoyo_general"", ""emotional_dysregulation"", ""memoria""]",controlled_support_generation,d319efa7-4ec4-4629-8c69-6b9d0eaebc7f,dataset sintético-realista para memoria conversacional,True,2026-03-08T08:00:00,2026-05-25T21:00:00
4fced707-929c-433d-b70c-cd81e4cbcda7,6de7afcf-3f18-4f11-94d1-55afc0aeefba,cbe32f90-e670-4f47-be07-1f581b613d94,urgent_support,apoyo_general,emotional_dysregulation,case_learning,triple_or_high_complexity,[],Parece que este momento está siendo muy demandante. Hagamos esto simple. Una microacción posible es: anotar lo que sí ayudó.,"{""full_text"": ""Parece que este momento está siendo muy demandante. Hagamos esto simple. Una microacción posible es: anotar lo que sí ayudó.""}",llm_fallback,0.92,0.201,False,16,14,2,"[""culpabilizar"", ""moralizar""]","[""microacción concreta""]","[""anticipación""]","[""apoyo_general"", ""emotional_dysregulation"", ""memoria""]",controlled_low_demand_support,b4da180e-ed45-46dd-99d6-b7705afa11f9,dataset sintético-realista para memoria conversacional,True,2026-03-15T08:00:00,2026-05-28T21:00:00
c4291405-9886-4a76-8af3-8abfe0b64b4b,9a9a09a3-5515-4657-9b0c-fb149bea0cf6,404fb6ad-d2d3-4d63-b05c-3b7675aae2fe,clarification_request,disfuncion_ejecutiva,executive_dysfunction,focus_clarification,double_exceptionality_or_cooccurrence,"[""Dispraxia"", ""Trastorno del sueño""]","Antes de seguir, dime qué se ve más intenso ahora mismo: ruido, cansancio, tarea o emoción. Una microacción posible es: hacer solo el primer paso.","{""full_text"": ""Antes de seguir, dime qué se ve más intenso ahora mismo: ruido, cansancio, tarea o emoción. Una microacción posible es: hacer solo el primer paso.""}",llm_fallback,0.793,0.848,True,18,16,2,"[""culpabilizar"", ""moralizar""]","[""microacción concreta""]","[""anticipación""]","[""disfuncion_ejecutiva"", ""executive_dysfunction"", ""memoria""]",controlled_low_demand_support,d05b01bc-e309-4e99-96a4-1719a33a2c92,dataset sintético-realista para memoria conversacional,True,2026-02-27T08:00:00,2026-05-29T21:00:00
e6a57fbf-3c03-4f48-966f-6551e446114b,b1620450-6abc-4812-a24e-6824cd8822e3,ed9b3593-cac7-4c26-966c-3e0dfc46d8e0,school_support,disfuncion_ejecutiva,executive_dysfunction,focus_clarification,triple_or_high_complexity,"[""TDAH""]",Parece que este momento está siendo muy demandante. Hagamos esto simple. Una microacción posible es: mostrar visualmente el inicio.,"{""full_text"": ""Parece que este momento está siendo muy demandante. Hagamos esto simple. Una microacción posible es: mostrar visualmente el inicio.""}",system,0.782,0.909,True,17,11,6,"[""culpabilizar"", ""moralizar""]","[""microacción concreta""]","[""anticipación"", ""menos palabras""]","[""disfuncion_ejecutiva"", ""executive_dysfunction"", ""memoria""]",controlled_low_demand_support,36a26716-2951-4226-bf27-06024f03c8f5,dataset sintético-realista para memoria conversacional,True,2026-01-18T08:00:00,2026-05-24T21:00:00
1a4bdd78-d149-4e11-8b7f-89efe90261f1,1c1bd122-e450-4702-bd7e-20c8ebc3cb30,49dfdb1f-6c86-4153-bc80-53568e703a2e,general_support,disfuncion_ejecutiva,executive_dysfunction,focus_clarification,triple_or_high_complexity,[],Parece que este momento está siendo muy demandante. Hagamos esto simple. Una microacción posible es: hacer solo el primer paso.,"{""full_text"": ""Parece que este momento está siendo muy demandante. Hagamos esto simple. Una microacción posible es: hacer solo el primer paso.""}",human_curated,0.479,0.413,False,17,7,10,"[""culpabilizar"", ""moralizar""]","[""microacción concreta""]","[""menos ruido"", ""menos palabras"", ""anticipación""]","[""disfuncion_ejecutiva"", ""executive_dysfunction"", ""memoria""]",controlled_low_demand_support,50e325cc-45dd-43b8-bc68-2e11144b21a6,dataset sintético-realista para memoria conversacional,True,2026-02-02T08:00:00,2026-05-24T21:00:00
2680b1e0-c086-485b-aa62-0321e4a4d1ee,289b7718-50d5-4656-ba6f-b176285c755f,fd87adf3-7e92-4f78-996e-9ef41b771bd9,routine_request,disfuncion_ejecutiva,executive_dysfunction,focus_clarification,double_exceptionality_or_cooccurrence,[],Estoy contigo. Vamos a ir por una sola acción posible ahora. Una microacción posible es: mostrar visualmente el inicio.,"{""full_text"": ""Estoy contigo. Vamos a ir por una sola acción posible ahora. Una microacción posible es: mostrar visualmente el inicio.""}",human_curated,0.448,0.835,True,12,9,3,"[""culpabilizar"", ""moralizar""]","[""microacción concreta""]","[""menos ruido""]","[""disfuncion_ejecutiva"", ""executive_dysfunction"", ""memoria""]",controlled_support_generation,b4afca14-9d4a-4fa1-9650-177bb14d975b,dataset sintético-realista para memoria conversacional,True,2026-04-15T08:00:00,2026-05-29T21:00:00
e506bb42-e50d-48db-bab7-3dcd677cdca7,4af5fd77-157f-484a-9fab-fe262b72bd43,00916892-3bb7-4e8e-8cd2-81f4079e5e03,emotional_venting,disfuncion_ejecutiva,executive_dysfunction,focus_clarification,low_or_single,"[""Dispraxia"", ""AACC""]","Antes de seguir, dime qué se ve más intenso ahora mismo: ruido, cansancio, tarea o emoción. Una microacción posible es: mostrar visualmente el inicio.","{""full_text"": ""Antes de seguir, dime qué se ve más intenso ahora mismo: ruido, cansancio, tarea o emoción. Una microacción posible es: mostrar visualmente el inicio.""}",llm_fallback,0.829,0.916,False,3,2,1,"[""culpabilizar"", ""moralizar""]","[""microacción concreta""]","[""menos palabras"", ""validación""]","[""disfuncion_ejecutiva"", ""executive_dysfunction"", ""memoria""]",controlled_support_generation,d505f690-438e-4fef-beae-5fe5f8d84782,dataset sintético-realista para memoria conversacional,True,2026-02-17T08:00:00,2026-05-30T21:00:00
ae7cf085-157a-4080-a6ff-e94c3a73e980,742340e8-14b4-4dbe-ab50-50293dc7a133,a7ed81ab-cae3-4459-aa48-d966a93486ba,routine_request,sobrecarga_sensorial,meltdown,closure_continuity,triple_or_high_complexity,[],"Antes de seguir, dime qué se ve más intenso ahora mismo: ruido, cansancio, tarea o emoción. Una microacción posible es: retirar estímulos innecesarios.","{""full_text"": ""Antes de seguir, dime qué se ve más intenso ahora mismo: ruido, cansancio, tarea o emoción. Una microacción posible es: retirar estímulos innecesarios.""}",llm_fallback,0.68,0.778,True,8,6,2,"[""culpabilizar"", ""moralizar""]","[""microacción concreta""]","[""menos palabras"", ""validación"", ""menos ruido""]","[""sobrecarga_sensorial"", ""meltdown"", ""memoria""]",controlled_crisis_support,1fc1b5ee-7181-42bd-a083-8a321664fd87,dataset sintético-realista para memoria conversacional,True,2026-03-24T08:00:00,2026-05-13T21:00:00
0db7c9d2-cc16-408d-bf32-61752572f814,d691ff58-3270-4370-8017-5091091f2369,9143abc3-6961-4eb8-a76c-0468c6e4a505,routine_request,sobrecarga_sensorial,meltdown,closure_continuity,triple_or_high_complexity,"[""Discalculia""]",No necesitas resolverlo todo de golpe. Veamos qué está pesando más. Una microacción posible es: dar espacio regulador breve.,"{""full_text"": ""No necesitas resolverlo todo de golpe. Veamos qué está pesando más. Una microacción posible es: dar espacio regulador breve.""}",llm_fallback,0.846,0.811,True,4,4,0,"[""culpabilizar"", ""moralizar""]","[""microacción concreta""]","[""menos ruido"", ""menos palabras"", ""validación""]","[""sobrecarga_sensorial"", ""meltdown"", ""memoria""]",controlled_support_generation,4bccb9bd-a8a5-4228-bbc0-847ad55030cc,dataset sintético-realista para memoria conversacional,True,2026-02-04T08:00:00,2026-05-26T21:00:00
d9edbe1e-7e0d-4e72-90b6-5f29e5183401,e567f6a9-5940-4125-9f3e-8b161538d3b4,e710876a-25bc-48d3-a422-f49c281e36aa,routine_request,sobrecarga_sensorial,meltdown,closure_continuity,double_exceptionality_or_cooccurrence,"[""Dispraxia"", ""Tourette"", ""Mutismo selectivo""]","Antes de seguir, dime qué se ve más intenso ahora mismo: ruido, cansancio, tarea o emoción. Una microacción posible es: bajar ruido o luz por unos minutos.","{""full_text"": ""Antes de seguir, dime qué se ve más intenso ahora mismo: ruido, cansancio, tarea o emoción. Una microacción posible es: bajar ruido o luz por unos minutos.""}",system,0.845,0.704,True,3,2,1,"[""culpabilizar"", ""moralizar""]","[""microacción concreta""]","[""validación"", ""menos ruido"", ""microacciones""]","[""sobrecarga_sensorial"", ""meltdown"", ""memoria""]",controlled_low_demand_support,90aac897-a59b-4ad6-bd33-21420f146c2f,dataset sintético-realista para memoria conversacional,True,2026-02-20T08:00:00,2026-05-16T21:00:00
602a6883-d30f-477d-b399-98b97776c581,7e8fca47-dcbc-4631-b448-a02621f476ad,b36a0db2-305b-488f-8850-6a19061af89c,strategy_feedback,sobrecarga_sensorial,meltdown,closure_continuity,triple_or_high_complexity,"[""TDAH"", ""Dislexia""]",Estoy contigo. Vamos a ir por una sola acción posible ahora. Una microacción posible es: dar espacio regulador breve.,"{""full_text"": ""Estoy contigo. Vamos a ir por una sola acción posible ahora. Una microacción posible es: dar espacio regulador breve.""}",human_curated,0.842,0.91,True,3,1,2,"[""culpabilizar"", ""moralizar""]","[""microacción concreta""]","[""validación""]","[""sobrecarga_sensorial"", ""meltdown"", ""memoria""]",controlled_low_demand_support,b5ebe867-ddea-4c67-8663-b5e11a8f9697,dataset sintético-realista para memoria conversacional,True,2026-01-26T08:00:00,2026-05-30T21:00:00
c2a22652-ef14-4fe9-aba8-d1cf1d4e4d8d,af1839cd-c731-46fe-ab8e-37f48fca6fcf,d9f9ee5f-ddb6-496f-b936-d7cd9b78f331,urgent_support,sobrecarga_sensorial,meltdown,closure_continuity,low_or_single,"[""Dispraxia""]",No necesitas resolverlo todo de golpe. Veamos qué está pesando más. Una microacción posible es: retirar estímulos innecesarios.,"{""full_text"": ""No necesitas resolverlo todo de golpe. Veamos qué está pesando más. Una microacción posible es: retirar estímulos innecesarios.""}",human_curated,0.766,0.742,False,5,1,4,"[""culpabilizar"", ""moralizar""]","[""microacción concreta""]","[""menos palabras""]","[""sobrecarga_sensorial"", ""meltdown"", ""memoria""]",controlled_low_demand_support,3a45a89b-18ea-4328-a8c0-212e2908d0b7,dataset sintético-realista para memoria conversacional,True,2026-01-22T08:00:00,2026-05-13T21:00:00
77b147cc-6ab6-4642-9b87-1f1a2732526f,7acdf96d-f0d6-47ef-a652-2296f18b05b7,922468b5-6a8d-4041-9001-775efa08c69d,school_support,sobrecarga_cuidador,parental_fatigue,reception_containment,low_or_single,"[""Trastorno del sueño""]",Parece que este momento está siendo muy demandante. Hagamos esto simple. Una microacción posible es: bajar autoexigencia por hoy.,"{""full_text"": ""Parece que este momento está siendo muy demandante. Hagamos esto simple. Una microacción posible es: bajar autoexigencia por hoy.""}",llm_fallback,0.727,0.548,False,18,10,8,"[""culpabilizar"", ""moralizar""]","[""microacción concreta""]","[""microacciones"", ""menos ruido""]","[""sobrecarga_cuidador"", ""parental_fatigue"", ""memoria""]",controlled_low_demand_support,0182c7d1-91c6-432d-9862-0782ee46d5fc,dataset sintético-realista para memoria conversacional,True,2026-01-24T08:00:00,2026-05-19T21:00:00
eacbac4b-4d64-49dd-a619-5dae70907cc6,6f1d3747-ebd7-42a6-b206-15a99c39f01c,42052755-2ccd-4eb6-ba50-2a98fbe97317,general_support,sobrecarga_cuidador,parental_fatigue,reception_containment,triple_or_high_complexity,"[""Ansiedad"", ""Tourette"", ""TEA""]",No necesitas resolverlo todo de golpe. Veamos qué está pesando más. Una microacción posible es: hacer una pausa de un minuto.,"{""full_text"": ""No necesitas resolverlo todo de golpe. Veamos qué está pesando más. Una microacción posible es: hacer una pausa de un minuto.""}",system,0.487,0.823,False,10,6,4,"[""culpabilizar"", ""moralizar""]","[""microacción concreta""]","[""anticipación"", ""validación""]","[""sobrecarga_cuidador"", ""parental_fatigue"", ""memoria""]",controlled_low_demand_support,c3a309e5-4cf0-43bb-bed2-63b3cd833253,dataset sintético-realista para memoria conversacional,True,2026-01-28T08:00:00,2026-05-17T21:00:00
16f1696c-a1f4-4ddd-83a0-e26a6a435590,ec8fb1a8-fbee-4f56-b1bb-cb306f91e27d,0d2b705f-4edc-4621-8147-2441d8972f4f,routine_request,sobrecarga_cuidador,parental_fatigue,reception_containment,low_or_single,"[""TOC""]",Parece que este momento está siendo muy demandante. Hagamos esto simple. Una microacción posible es: quedarte con una sola prioridad.,"{""full_text"": ""Parece que este momento está siendo muy demandante. Hagamos esto simple. Una microacción posible es: quedarte con una sola prioridad.""}",system,0.662,0.728,True,13,11,2,"[""culpabilizar"", ""moralizar""]","[""microacción concreta""]","[""validación"", ""anticipación"", ""microacciones""]","[""sobrecarga_cuidador"", ""parental_fatigue"", ""memoria""]",controlled_low_demand_support,bac503c1-b535-42d1-9a05-7b00c1539eb0,dataset sintético-realista para memoria conversacional,True,2026-03-09T08:00:00,2026-05-21T21:00:00
0928877b-0ee6-4b7c-bc08-b15ce93c2941,181f1fef-62b2-4008-ab1a-eda0a4a832b0,1735734b-8a0a-4e52-95a6-1dd94705fe4b,general_support,sobrecarga_cuidador,parental_fatigue,reception_containment,low_or_single,[],"Antes de seguir, dime qué se ve más intenso ahora mismo: ruido, cansancio, tarea o emoción. Una microacción posible es: bajar autoexigencia por hoy.","{""full_text"": ""Antes de seguir, dime qué se ve más intenso ahora mismo: ruido, cansancio, tarea o emoción. Una microacción posible es: bajar autoexigencia por hoy.""}",system,0.516,0.891,False,18,6,12,"[""culpabilizar"", ""moralizar""]","[""microacción concreta""]","[""menos palabras"", ""menos ruido""]","[""sobrecarga_cuidador"", ""parental_fatigue"", ""memoria""]",controlled_crisis_support,d0c67f36-9b99-4357-96d9-5e54207e0516,dataset sintético-realista para memoria conversacional,True,2026-02-22T08:00:00,2026-05-22T21:00:00
01efd9bc-8490-493f-8120-c094367f334c,8e2aa368-b3e0-4edd-b5be-89e4779573e4,15ccbd91-0e1e-4e1a-9ca2-1790cf8996ed,school_support,sobrecarga_cuidador,parental_fatigue,reception_containment,triple_or_high_complexity,"[""AACC"", ""Trastorno del sueño""]","Antes de seguir, dime qué se ve más intenso ahora mismo: ruido, cansancio, tarea o emoción. Una microacción posible es: hacer una pausa de un minuto.","{""full_text"": ""Antes de seguir, dime qué se ve más intenso ahora mismo: ruido, cansancio, tarea o emoción. Una microacción posible es: hacer una pausa de un minuto.""}",human_curated,0.834,0.828,False,16,6,10,"[""culpabilizar"", ""moralizar""]","[""microacción concreta""]","[""validación"", ""menos ruido"", ""microacciones""]","[""sobrecarga_cuidador"", ""parental_fatigue"", ""memoria""]",controlled_support_generation,282d29ad-46ed-4a7e-8644-65d2d3279f64,dataset sintético-realista para memoria conversacional,True,2026-03-21T08:00:00,2026-05-25T21:00:00
52360510-717f-4718-b4ff-7d18aec37a4a,171fd715-50a4-4e1d-97cf-c379deae8de9,7074de31-1bdf-43a3-a405-7dc486d37077,strategy_feedback,apoyo_general,emotional_dysregulation,focus_clarification,triple_or_high_complexity,"[""Mutismo selectivo""]",Parece que este momento está siendo muy demandante. Hagamos esto simple. Una microacción posible es: anotar lo que sí ayudó.,"{""full_text"": ""Parece que este momento está siendo muy demandante. Hagamos esto simple. Una microacción posible es: anotar lo que sí ayudó.""}",system,0.884,0.325,True,7,6,1,"[""culpabilizar"", ""moralizar""]","[""microacción concreta""]","[""validación""]","[""apoyo_general"", ""emotional_dysregulation"", ""memoria""]",controlled_support_generation,d59af327-804a-4645-993c-6096833795c6,dataset sintético-realista para memoria conversacional,True,2026-03-06T08:00:00,2026-05-15T21:00:00
a3abb83c-93c4-4faf-8e83-8c4b92ffa6e3,93e29f41-9564-4114-a4e7-c7f4d566ab42,44e8a24a-029a-4572-8386-05f38b744352,school_support,apoyo_general,emotional_dysregulation,focus_clarification,triple_or_high_complexity,"[""Dislexia"", ""AACC""]",Estoy contigo. Vamos a ir por una sola acción posible ahora. Una microacción posible es: anotar lo que sí ayudó.,"{""full_text"": ""Estoy contigo. Vamos a ir por una sola acción posible ahora. Una microacción posible es: anotar lo que sí ayudó.""}",llm_fallback,0.918,0.511,True,9,3,6,"[""culpabilizar"", ""moralizar""]","[""microacción concreta""]","[""validación"", ""menos ruido""]","[""apoyo_general"", ""emotional_dysregulation"", ""memoria""]",controlled_low_demand_support,d192dabe-82a8-4caf-9f5d-50d7988d6114,dataset sintético-realista para memoria conversacional,True,2026-04-10T08:00:00,2026-05-13T21:00:00
fa99834e-5765-4419-9c73-7594c74674ea,78e2e23c-235a-4286-a712-59a54a77d42f,a5d4bc1d-ec18-4352-bbac-373f7e39e13d,routine_request,apoyo_general,emotional_dysregulation,focus_clarification,triple_or_high_complexity,"[""Trastorno del sueño"", ""Discalculia"", ""AACC""]",No necesitas resolverlo todo de golpe. Veamos qué está pesando más. Una microacción posible es: ajustar una cosa a la vez.,"{""full_text"": ""No necesitas resolverlo todo de golpe. Veamos qué está pesando más. Una microacción posible es: ajustar una cosa a la vez.""}",system,0.675,0.877,True,11,6,5,"[""culpabilizar"", ""moralizar""]","[""microacción concreta""]","[""anticipación""]","[""apoyo_general"", ""emotional_dysregulation"", ""memoria""]",controlled_crisis_support,c5fcf4cd-85db-47ae-bf23-aa13bff3316e,dataset sintético-realista para memoria conversacional,True,2026-02-27T08:00:00,2026-05-29T21:00:00
b82b420c-163d-4c36-9644-39f370a8614a,e7f7306f-ee7a-475a-98b2-7237d089f915,283f7b7b-75da-4506-a0c8-401aee979bb8,general_support,apoyo_general,emotional_dysregulation,focus_clarification,double_exceptionality_or_cooccurrence,"[""TEA""]",No necesitas resolverlo todo de golpe. Veamos qué está pesando más. Una microacción posible es: repetir una sola pauta útil.,"{""full_text"": ""No necesitas resolverlo todo de golpe. Veamos qué está pesando más. Una microacción posible es: repetir una sola pauta útil.""}",human_curated,0.513,0.908,False,8,5,3,"[""culpabilizar"", ""moralizar""]","[""microacción concreta""]","[""menos palabras"", ""menos ruido"", ""validación""]","[""apoyo_general"", ""emotional_dysregulation"", ""memoria""]",controlled_low_demand_support,2373ec7a-5c5b-44cd-881f-8e377bd44e21,dataset sintético-realista para memoria conversacional,True,2026-02-05T08:00:00,2026-05-20T21:00:00
e9252d3c-13b9-4b57-8c5e-48a5e960cc89,664b32fe-66a8-43a7-ae6f-d6db18b24fff,0f8b7f3b-63ab-44ae-a2c2-fc9f0b10dde0,emotional_venting,apoyo_general,emotional_dysregulation,focus_clarification,double_exceptionality_or_cooccurrence,"[""AACC""]","Antes de seguir, dime qué se ve más intenso ahora mismo: ruido, cansancio, tarea o emoción. Una microacción posible es: repetir una sola pauta útil.","{""full_text"": ""Antes de seguir, dime qué se ve más intenso ahora mismo: ruido, cansancio, tarea o emoción. Una microacción posible es: repetir una sola pauta útil.""}",llm_fallback,0.727,0.523,True,13,4,9,"[""culpabilizar"", ""moralizar""]","[""microacción concreta""]","[""microacciones""]","[""apoyo_general"", ""emotional_dysregulation"", ""memoria""]",controlled_support_generation,a381214b-ad80-4bd4-9b57-5fb22e336b9d,dataset sintético-realista para memoria conversacional,True,2026-01-20T08:00:00,2026-05-24T21:00:00
3a10ddc5-3f95-40c6-9304-563e65877b18,244cf02a-6a9f-4e51-8fd0-39996e6c74aa,17c2e9a7-db55-4986-a5a7-18c718d4a083,emotional_venting,sueno_regulacion,general_distress,reception_containment,triple_or_high_complexity,"[""Mutismo selectivo""]",Parece que este momento está siendo muy demandante. Hagamos esto simple. Una microacción posible es: bajar las luces.,"{""full_text"": ""Parece que este momento está siendo muy demandante. Hagamos esto simple. Una microacción posible es: bajar las luces.""}",llm_fallback,0.937,0.816,True,2,2,0,"[""culpabilizar"", ""moralizar""]","[""microacción concreta""]","[""menos ruido"", ""microacciones""]","[""sueno_regulacion"", ""general_distress"", ""memoria""]",controlled_low_demand_support,ffa59fbf-9579-4252-a403-5167132381b6,dataset sintético-realista para memoria conversacional,True,2026-03-16T08:00:00,2026-05-31T21:00:00
4e331fbd-a15c-48aa-9070-4073a3c821c1,ca3d10e6-0d79-4151-9e3e-59d55f8d5ff4,08eb45c5-ad32-4348-aa08-5b1f5e7e09f0,urgent_support,sueno_regulacion,general_distress,reception_containment,triple_or_high_complexity,"[""Tourette"", ""Sensibilidad sensorial""]",Estoy contigo. Vamos a ir por una sola acción posible ahora. Una microacción posible es: bajar las luces.,"{""full_text"": ""Estoy contigo. Vamos a ir por una sola acción posible ahora. Una microacción posible es: bajar las luces.""}",llm_fallback,0.549,0.587,True,12,10,2,"[""culpabilizar"", ""moralizar""]","[""microacción concreta""]","[""menos palabras"", ""microacciones"", ""menos ruido""]","[""sueno_regulacion"", ""general_distress"", ""memoria""]",controlled_crisis_support,32fa6719-42b5-4041-8501-763fd7e7efc2,dataset sintético-realista para memoria conversacional,True,2026-04-10T08:00:00,2026-05-15T21:00:00
d61bd515-8f90-45d7-826b-649556e1bf5b,eee7a107-ffb7-47dd-997b-79749e3550e7,65b344b4-97b6-4439-a214-cd93978491ad,strategy_feedback,sueno_regulacion,general_distress,reception_containment,low_or_single,[],No necesitas resolverlo todo de golpe. Veamos qué está pesando más. Una microacción posible es: mantener secuencia nocturna breve.,"{""full_text"": ""No necesitas resolverlo todo de golpe. Veamos qué está pesando más. Una microacción posible es: mantener secuencia nocturna breve.""}",llm_fallback,0.768,0.918,True,9,7,2,"[""culpabilizar"", ""moralizar""]","[""microacción concreta""]","[""menos ruido"", ""validación""]","[""sueno_regulacion"", ""general_distress"", ""memoria""]",controlled_support_generation,1602c83d-fa9c-4178-bc1c-4c5fb2276e3e,dataset sintético-realista para memoria conversacional,True,2026-01-15T08:00:00,2026-05-17T21:00:00
f14ec9f6-cdfb-4e8f-adc0-5461cc1b3daf,ac8136db-8080-4ad0-9778-dd42c8928287,81caba91-e515-4a18-8381-4f5159680a22,routine_request,sueno_regulacion,general_distress,reception_containment,double_exceptionality_or_cooccurrence,"[""Dispraxia"", ""TOC"", ""Mutismo selectivo""]","Antes de seguir, dime qué se ve más intenso ahora mismo: ruido, cansancio, tarea o emoción. Una microacción posible es: cerrar pantallas antes.","{""full_text"": ""Antes de seguir, dime qué se ve más intenso ahora mismo: ruido, cansancio, tarea o emoción. Una microacción posible es: cerrar pantallas antes.""}",llm_fallback,0.426,0.588,True,16,11,5,"[""culpabilizar"", ""moralizar""]","[""microacción concreta""]","[""validación"", ""anticipación"", ""menos palabras""]","[""sueno_regulacion"", ""general_distress"", ""memoria""]",controlled_low_demand_support,e0b23569-fd4b-405a-a177-40e004193447,dataset sintético-realista para memoria conversacional,True,2026-01-11T08:00:00,2026-05-28T21:00:00
e4ac0709-110a-439c-be8c-640a33190925,1ebf5f08-9f01-4a3b-8d4a-f204822391a3,dc94adbe-fc39-4f96-80c3-b7ed90826ba0,emotional_venting,sueno_regulacion,general_distress,reception_containment,double_exceptionality_or_cooccurrence,"[""Ansiedad"", ""Sensibilidad sensorial""]","Antes de seguir, dime qué se ve más intenso ahora mismo: ruido, cansancio, tarea o emoción. Una microacción posible es: bajar las luces.","{""full_text"": ""Antes de seguir, dime qué se ve más intenso ahora mismo: ruido, cansancio, tarea o emoción. Una microacción posible es: bajar las luces.""}",system,0.561,0.836,True,16,16,0,"[""culpabilizar"", ""moralizar""]","[""microacción concreta""]","[""validación"", ""menos palabras""]","[""sueno_regulacion"", ""general_distress"", ""memoria""]",controlled_crisis_support,751f8b5c-e90b-46c0-8d38-8f41749d3fa9,dataset sintético-realista para memoria conversacional,True,2026-01-09T08:00:00,2026-05-15T21:00:00
56a5e10b-d7b3-4533-9a18-ad1ef496b91a,a4fdf2be-40ef-4074-977b-551a82a4099c,00f57023-b3a1-4d62-9c9f-21b573e778e0,strategy_feedback,crisis_activa,emotional_dysregulation,focus_clarification,double_exceptionality_or_cooccurrence,"[""TDAH"", ""Tourette""]","Antes de seguir, dime qué se ve más intenso ahora mismo: ruido, cansancio, tarea o emoción. Una microacción posible es: alejar un estímulo intenso.","{""full_text"": ""Antes de seguir, dime qué se ve más intenso ahora mismo: ruido, cansancio, tarea o emoción. Una microacción posible es: alejar un estímulo intenso.""}",human_curated,0.622,0.655,False,18,7,11,"[""culpabilizar"", ""moralizar""]","[""microacción concreta""]","[""menos palabras""]","[""crisis_activa"", ""emotional_dysregulation"", ""memoria""]",controlled_low_demand_support,3dfa8892-6820-42a3-bdc9-63f8d6b2062c,dataset sintético-realista para memoria conversacional,True,2026-03-06T08:00:00,2026-05-18T21:00:00
add3414c-12ac-49c1-b648-eb7c25cd2a82,ca3d10e6-0d79-4151-9e3e-59d55f8d5ff4,08eb45c5-ad32-4348-aa08-5b1f5e7e09f0,school_support,crisis_activa,emotional_dysregulation,focus_clarification,low_or_single,"[""TOC""]",Estoy contigo. Vamos a ir por una sola acción posible ahora. Una microacción posible es: priorizar seguridad y pausar preguntas.,"{""full_text"": ""Estoy contigo. Vamos a ir por una sola acción posible ahora. Una microacción posible es: priorizar seguridad y pausar preguntas.""}",llm_fallback,0.588,0.805,False,14,10,4,"[""culpabilizar"", ""moralizar""]","[""microacción concreta""]","[""menos ruido"", ""menos palabras"", ""microacciones""]","[""crisis_activa"", ""emotional_dysregulation"", ""memoria""]",controlled_support_generation,d71f7a12-85d2-4087-a379-096dd7fe1279,dataset sintético-realista para memoria conversacional,True,2026-02-10T08:00:00,2026-05-29T21:00:00
7c3880fa-ad0f-4ad3-814e-fddfacd014cb,45ba3015-110c-405a-bcdc-6c6ead1c16d9,120780d6-c0cf-426e-b2fa-3c3b31e69578,school_support,crisis_activa,emotional_dysregulation,focus_clarification,triple_or_high_complexity,"[""Ansiedad"", ""Trastorno del sueño""]","Antes de seguir, dime qué se ve más intenso ahora mismo: ruido, cansancio, tarea o emoción. Una microacción posible es: priorizar seguridad y pausar preguntas.","{""full_text"": ""Antes de seguir, dime qué se ve más intenso ahora mismo: ruido, cansancio, tarea o emoción. Una microacción posible es: priorizar seguridad y pausar preguntas.""}",system,0.802,0.275,True,4,2,2,"[""culpabilizar"", ""moralizar""]","[""microacción concreta""]","[""menos palabras"", ""anticipación""]","[""crisis_activa"", ""emotional_dysregulation"", ""memoria""]",controlled_crisis_support,1ea6406f-760d-40ea-9c79-6e042ed6248e,dataset sintético-realista para memoria conversacional,True,2026-04-15T08:00:00,2026-05-25T21:00:00
c11e63cf-b034-4872-8961-655205658217,87a2467d-c7df-4ecb-a0f1-6da804506fc4,4defc9cb-e166-4455-a9ae-0bcf38b866a7,strategy_feedback,crisis_activa,emotional_dysregulation,focus_clarification,double_exceptionality_or_cooccurrence,"[""Ansiedad"", ""Dislexia""]","Antes de seguir, dime qué se ve más intenso ahora mismo: ruido, cansancio, tarea o emoción. Una microacción posible es: bajar la voz y retirar una exigencia.","{""full_text"": ""Antes de seguir, dime qué se ve más intenso ahora mismo: ruido, cansancio, tarea o emoción. Una microacción posible es: bajar la voz y retirar una exigencia.""}",human_curated,0.472,0.478,False,17,8,9,"[""culpabilizar"", ""moralizar""]","[""microacción concreta""]","[""anticipación"", ""microacciones"", ""validación""]","[""crisis_activa"", ""emotional_dysregulation"", ""memoria""]",controlled_support_generation,db8f9cea-3f8a-492a-a869-d1ccd50cdd58,dataset sintético-realista para memoria conversacional,True,2026-01-24T08:00:00,2026-05-28T21:00:00
9378ff69-e25d-46c2-bd27-4377a9d21f00,19f4dc6f-ef37-4eeb-974c-07d766eac932,943b9aa5-5e5e-4527-ac02-dbe01dd5df45,strategy_feedback,crisis_activa,emotional_dysregulation,focus_clarification,low_or_single,"[""Dispraxia"", ""Sensibilidad sensorial""]",No necesitas resolverlo todo de golpe. Veamos qué está pesando más. Una microacción posible es: bajar la voz y retirar una exigencia.,"{""full_text"": ""No necesitas resolverlo todo de golpe. Veamos qué está pesando más. Una microacción posible es: bajar la voz y retirar una exigencia.""}",llm_fallback,0.654,0.615,True,9,8,1,"[""culpabilizar"", ""moralizar""]","[""microacción concreta""]","[""microacciones"", ""menos palabras""]","[""crisis_activa"", ""emotional_dysregulation"", ""memoria""]",controlled_support_generation,2f789d3d-ce05-41b8-8337-04a8875ac521,dataset sintético-realista para memoria conversacional,True,2026-01-23T08:00:00,2026-05-13T21:00:00
2162b22a-a04e-476b-82a2-1112557b52e3,30eb0096-76ac-42b1-9a94-e49fe94619e0,661a8547-7f7c-462d-a2e6-2b1892b4799d,clarification_request,sobrecarga_sensorial,sensory_overload,closure_continuity,double_exceptionality_or_cooccurrence,"[""Discalculia""]",Parece que este momento está siendo muy demandante. Hagamos esto simple. Una microacción posible es: bajar ruido o luz por unos minutos.,"{""full_text"": ""Parece que este momento está siendo muy demandante. Hagamos esto simple. Una microacción posible es: bajar ruido o luz por unos minutos.""}",llm_fallback,0.718,0.718,True,2,1,1,"[""culpabilizar"", ""moralizar""]","[""microacción concreta""]","[""menos palabras"", ""microacciones"", ""anticipación""]","[""sobrecarga_sensorial"", ""sensory_overload"", ""memoria""]",controlled_crisis_support,4cc4dba1-0de6-400e-8cbf-fae261d02065,dataset sintético-realista para memoria conversacional,True,2026-01-11T08:00:00,2026-05-24T21:00:00
9a99436d-6b69-477f-bc27-e1b8f2c8a149,e2d1458a-d75a-4097-87bd-9c03905f769c,1121a47e-b078-4dbd-9da8-9212e3ed675a,general_support,sobrecarga_sensorial,sensory_overload,closure_continuity,triple_or_high_complexity,"[""Ansiedad""]",Estoy contigo. Vamos a ir por una sola acción posible ahora. Una microacción posible es: bajar ruido o luz por unos minutos.,"{""full_text"": ""Estoy contigo. Vamos a ir por una sola acción posible ahora. Una microacción posible es: bajar ruido o luz por unos minutos.""}",llm_fallback,0.52,0.78,True,18,7,11,"[""culpabilizar"", ""moralizar""]","[""microacción concreta""]","[""validación"", ""anticipación""]","[""sobrecarga_sensorial"", ""sensory_overload"", ""memoria""]",controlled_crisis_support,7558a306-07ca-4219-b04c-f05b47f6ced6,dataset sintético-realista para memoria conversacional,True,2026-03-11T08:00:00,2026-05-17T21:00:00
07e0665d-1719-4545-a83c-f87735cab35a,7f080bb1-4c5f-4d1c-9f8d-f8ef41790fe9,80e2c913-8667-4786-b886-d727c3898c51,routine_request,sobrecarga_sensorial,sensory_overload,closure_continuity,triple_or_high_complexity,"[""Discalculia"", ""Ansiedad"", ""Mutismo selectivo""]","Antes de seguir, dime qué se ve más intenso ahora mismo: ruido, cansancio, tarea o emoción. Una microacción posible es: retirar estímulos innecesarios.","{""full_text"": ""Antes de seguir, dime qué se ve más intenso ahora mismo: ruido, cansancio, tarea o emoción. Una microacción posible es: retirar estímulos innecesarios.""}",llm_fallback,0.871,0.236,False,15,5,10,"[""culpabilizar"", ""moralizar""]","[""microacción concreta""]","[""validación""]","[""sobrecarga_sensorial"", ""sensory_overload"", ""memoria""]",controlled_crisis_support,b2989212-abcc-4351-b2c7-93b832a51476,dataset sintético-realista para memoria conversacional,True,2026-03-17T08:00:00,2026-05-19T21:00:00
750433cd-cf7a-4753-9984-4f8292862f2d,137d433e-099c-4818-9542-fb1c62135220,eae7d3d4-6679-422b-9555-e616b96b35c2,emotional_venting,sobrecarga_sensorial,sensory_overload,closure_continuity,double_exceptionality_or_cooccurrence,"[""TOC""]",No necesitas resolverlo todo de golpe. Veamos qué está pesando más. Una microacción posible es: retirar estímulos innecesarios.,"{""full_text"": ""No necesitas resolverlo todo de golpe. Veamos qué está pesando más. Una microacción posible es: retirar estímulos innecesarios.""}",llm_fallback,0.729,0.681,True,15,7,8,"[""culpabilizar"", ""moralizar""]","[""microacción concreta""]","[""validación"", ""menos ruido"", ""menos palabras""]","[""sobrecarga_sensorial"", ""sensory_overload"", ""memoria""]",controlled_support_generation,e8bb6c64-9b59-4b82-928a-7c5f10486a4d,dataset sintético-realista para memoria conversacional,True,2026-02-12T08:00:00,2026-05-16T21:00:00
63064a10-f507-4d9b-b3b6-644a4b856b3d,a4fdf2be-40ef-4074-977b-551a82a4099c,00f57023-b3a1-4d62-9c9f-21b573e778e0,emotional_venting,sobrecarga_sensorial,sensory_overload,closure_continuity,triple_or_high_complexity,"[""Tourette"", ""Trastorno del sueño""]",Estoy contigo. Vamos a ir por una sola acción posible ahora. Una microacción posible es: dar espacio regulador breve.,"{""full_text"": ""Estoy contigo. Vamos a ir por una sola acción posible ahora. Una microacción posible es: dar espacio regulador breve.""}",system,0.771,0.803,True,6,5,1,"[""culpabilizar"", ""moralizar""]","[""microacción concreta""]","[""anticipación""]","[""sobrecarga_sensorial"", ""sensory_overload"", ""memoria""]",controlled_crisis_support,6e4996a3-95c8-4ef1-9016-ad6aefe4e7c2,dataset sintético-realista para memoria conversacional,True,2026-03-01T08:00:00,2026-05-24T21:00:00
b40ce017-a144-43fd-8519-73abac003355,7ebf7a46-7d17-47c9-9d80-c79e8946139f,9d661ebf-df39-49ae-becd-35530429f0c4,routine_request,apoyo_general,emotional_dysregulation,adaptive_intervention,low_or_single,[],"Antes de seguir, dime qué se ve más intenso ahora mismo: ruido, cansancio, tarea o emoción. Una microacción posible es: anotar lo que sí ayudó.","{""full_text"": ""Antes de seguir, dime qué se ve más intenso ahora mismo: ruido, cansancio, tarea o emoción. Una microacción posible es: anotar lo que sí ayudó.""}",llm_fallback,0.446,0.867,True,11,9,2,"[""culpabilizar"", ""moralizar""]","[""microacción concreta""]","[""validación""]","[""apoyo_general"", ""emotional_dysregulation"", ""memoria""]",controlled_crisis_support,52634e7d-f508-4f64-b9e7-151fb0ed42e6,dataset sintético-realista para memoria conversacional,True,2026-03-30T08:00:00,2026-05-13T21:00:00
771b641d-15a4-4ca9-a95b-e32dcb662507,0e5bdd1d-eabe-40e8-aeed-08f55db16a62,e74cf013-3ab7-49ae-aeee-8034ec96ecc2,general_support,apoyo_general,emotional_dysregulation,adaptive_intervention,triple_or_high_complexity,"[""Discalculia""]",Estoy contigo. Vamos a ir por una sola acción posible ahora. Una microacción posible es: repetir una sola pauta útil.,"{""full_text"": ""Estoy contigo. Vamos a ir por una sola acción posible ahora. Una microacción posible es: repetir una sola pauta útil.""}",llm_fallback,0.631,0.6,True,8,2,6,"[""culpabilizar"", ""moralizar""]","[""microacción concreta""]","[""validación""]","[""apoyo_general"", ""emotional_dysregulation"", ""memoria""]",controlled_crisis_support,ec33d59f-f31f-4a36-8606-13fe26b2d1e8,dataset sintético-realista para memoria conversacional,True,2026-02-26T08:00:00,2026-05-12T21:00:00
17f3bebb-ba9f-46d7-8523-4238a2b36bbf,f566273e-f83c-40b3-86b9-1f07fefcb42f,a82d1a4c-8982-4435-b0c0-ed749655e442,clarification_request,apoyo_general,emotional_dysregulation,adaptive_intervention,low_or_single,"[""AACC"", ""Sensibilidad sensorial""]",Estoy contigo. Vamos a ir por una sola acción posible ahora. Una microacción posible es: anotar lo que sí ayudó.,"{""full_text"": ""Estoy contigo. Vamos a ir por una sola acción posible ahora. Una microacción posible es: anotar lo que sí ayudó.""}",human_curated,0.602,0.741,True,6,4,2,"[""culpabilizar"", ""moralizar""]","[""microacción concreta""]","[""validación""]","[""apoyo_general"", ""emotional_dysregulation"", ""memoria""]",controlled_crisis_support,ffbf5a19-b9e2-4238-993d-5c5d05b9428a,dataset sintético-realista para memoria conversacional,True,2026-03-06T08:00:00,2026-05-12T21:00:00
4196cf5e-637a-426e-b648-6cd953b267ed,2d591e85-b5bb-41c5-8c0a-e5372453dd1d,1a9efc16-f4c3-4831-b94d-da0097b7ad53,routine_request,apoyo_general,emotional_dysregulation,adaptive_intervention,triple_or_high_complexity,"[""Ansiedad"", ""Tourette"", ""Dislexia""]","Antes de seguir, dime qué se ve más intenso ahora mismo: ruido, cansancio, tarea o emoción. Una microacción posible es: repetir una sola pauta útil.","{""full_text"": ""Antes de seguir, dime qué se ve más intenso ahora mismo: ruido, cansancio, tarea o emoción. Una microacción posible es: repetir una sola pauta útil.""}",human_curated,0.58,0.665,True,17,6,11,"[""culpabilizar"", ""moralizar""]","[""microacción concreta""]","[""anticipación"", ""microacciones""]","[""apoyo_general"", ""emotional_dysregulation"", ""memoria""]",controlled_support_generation,08da6f55-635c-48df-a627-effb248c5ab4,dataset sintético-realista para memoria conversacional,True,2026-03-21T08:00:00,2026-05-27T21:00:00
d25a8f48-2344-4e92-b642-6b2b49624e9c,acfef06c-8e37-47df-9806-5e52aee67e68,2630a26f-aec5-4902-92d2-e238356d3e61,school_support,apoyo_general,emotional_dysregulation,adaptive_intervention,double_exceptionality_or_cooccurrence,"[""TEA"", ""Trastorno del sueño"", ""Ansiedad""]",Estoy contigo. Vamos a ir por una sola acción posible ahora. Una microacción posible es: ajustar una cosa a la vez.,"{""full_text"": ""Estoy contigo. Vamos a ir por una sola acción posible ahora. Una microacción posible es: ajustar una cosa a la vez.""}",llm_fallback,0.574,0.601,False,17,8,9,"[""culpabilizar"", ""moralizar""]","[""microacción concreta""]","[""microacciones"", ""anticipación"", ""menos palabras""]","[""apoyo_general"", ""emotional_dysregulation"", ""memoria""]",controlled_crisis_support,012b19e8-7291-4650-b153-c755d070bfa1,dataset sintético-realista para memoria conversacional,True,2026-01-24T08:00:00,2026-05-27T21:00:00
4097c97b-7a72-4330-9d58-c76786a03fb7,2b7fc46c-c93b-4fc1-83d0-bd8821b279fd,0be039ff-854c-4d04-a77e-c6048d714815,clarification_request,sobrecarga_sensorial,meltdown,case_learning,low_or_single,"[""Mutismo selectivo"", ""Ansiedad""]",Estoy contigo. Vamos a ir por una sola acción posible ahora. Una microacción posible es: retirar estímulos innecesarios.,"{""full_text"": ""Estoy contigo. Vamos a ir por una sola acción posible ahora. Una microacción posible es: retirar estímulos innecesarios.""}",llm_fallback,0.719,0.869,True,18,13,5,"[""culpabilizar"", ""moralizar""]","[""microacción concreta""]","[""menos palabras"", ""microacciones"", ""menos ruido""]","[""sobrecarga_sensorial"", ""meltdown"", ""memoria""]",controlled_crisis_support,88df03d4-72ce-4b35-8f43-a2bf8c03de96,dataset sintético-realista para memoria conversacional,True,2026-01-06T08:00:00,2026-05-17T21:00:00
99f0264f-c7e7-4cc4-ab9a-ce40c0b6da12,6fb31ec5-2fd5-4795-bcd3-74c5c0f0edb9,bb0123cd-4a74-4496-9126-3ab70acf5f51,strategy_feedback,sobrecarga_sensorial,meltdown,case_learning,double_exceptionality_or_cooccurrence,"[""Sensibilidad sensorial"", ""Ansiedad"", ""Mutismo selectivo""]",No necesitas resolverlo todo de golpe. Veamos qué está pesando más. Una microacción posible es: bajar ruido o luz por unos minutos.,"{""full_text"": ""No necesitas resolverlo todo de golpe. Veamos qué está pesando más. Una microacción posible es: bajar ruido o luz por unos minutos.""}",llm_fallback,0.813,0.403,False,15,7,8,"[""culpabilizar"", ""moralizar""]","[""microacción concreta""]","[""anticipación""]","[""sobrecarga_sensorial"", ""meltdown"", ""memoria""]",controlled_support_generation,4379fa49-d1c5-4c08-9105-d1921654ba21,dataset sintético-realista para memoria conversacional,True,2026-02-12T08:00:00,2026-05-13T21:00:00
b17e2aca-e7cb-4685-bf00-c9ef974b7f8c,b2b46724-77d7-4b33-98f3-2f3314298b1d,14f9edf8-4dd7-4289-b95d-3803241beb59,clarification_request,sobrecarga_sensorial,meltdown,case_learning,double_exceptionality_or_cooccurrence,"[""Trastorno del sueño"", ""Tourette"", ""TDAH""]",Parece que este momento está siendo muy demandante. Hagamos esto simple. Una microacción posible es: retirar estímulos innecesarios.,"{""full_text"": ""Parece que este momento está siendo muy demandante. Hagamos esto simple. Una microacción posible es: retirar estímulos innecesarios.""}",system,0.8,0.775,True,14,9,5,"[""culpabilizar"", ""moralizar""]","[""microacción concreta""]","[""microacciones""]","[""sobrecarga_sensorial"", ""meltdown"", ""memoria""]",controlled_low_demand_support,7dcfcd29-22ff-41d6-bb58-e148cd5a4b4e,dataset sintético-realista para memoria conversacional,True,2026-01-14T08:00:00,2026-05-18T21:00:00
e391c898-c8b8-47f7-b30c-3021913664f4,e2c4fdcd-bec5-48f6-932b-5021069afc5e,a1c7813e-935f-4c91-864a-5f06296fe361,emotional_venting,sobrecarga_sensorial,meltdown,case_learning,low_or_single,"[""Discalculia"", ""Sensibilidad sensorial""]",Parece que este momento está siendo muy demandante. Hagamos esto simple. Una microacción posible es: dar espacio regulador breve.,"{""full_text"": ""Parece que este momento está siendo muy demandante. Hagamos esto simple. Una microacción posible es: dar espacio regulador breve.""}",system,0.774,0.309,True,13,8,5,"[""culpabilizar"", ""moralizar""]","[""microacción concreta""]","[""menos ruido"", ""anticipación""]","[""sobrecarga_sensorial"", ""meltdown"", ""memoria""]",controlled_low_demand_support,77cbd19d-3f81-437c-a52a-9b1ba44b97aa,dataset sintético-realista para memoria conversacional,True,2026-04-07T08:00:00,2026-05-22T21:00:00
986587b6-fce8-44e4-b1c7-a3751ae5aa5d,4d08d1e4-a307-4f86-9199-308886924505,d0ab50d0-03b3-4fd9-ac7b-dbf3ce482d4c,clarification_request,sobrecarga_sensorial,meltdown,case_learning,triple_or_high_complexity,"[""Dislexia""]",Parece que este momento está siendo muy demandante. Hagamos esto simple. Una microacción posible es: bajar ruido o luz por unos minutos.,"{""full_text"": ""Parece que este momento está siendo muy demandante. Hagamos esto simple. Una microacción posible es: bajar ruido o luz por unos minutos.""}",system,0.857,0.514,False,14,6,8,"[""culpabilizar"", ""moralizar""]","[""microacción concreta""]","[""microacciones""]","[""sobrecarga_sensorial"", ""meltdown"", ""memoria""]",controlled_low_demand_support,711063b5-3e1c-4a4f-a08d-4af209c153b0,dataset sintético-realista para memoria conversacional,True,2026-04-11T08:00:00,2026-05-11T21:00:00
c6ae30c0-6238-4dd2-9ccd-97e3720fca68,45ba3015-110c-405a-bcdc-6c6ead1c16d9,120780d6-c0cf-426e-b2fa-3c3b31e69578,strategy_feedback,crisis_activa,meltdown,closure_continuity,low_or_single,[],Estoy contigo. Vamos a ir por una sola acción posible ahora. Una microacción posible es: alejar un estímulo intenso.,"{""full_text"": ""Estoy contigo. Vamos a ir por una sola acción posible ahora. Una microacción posible es: alejar un estímulo intenso.""}",system,0.871,0.808,True,15,10,5,"[""culpabilizar"", ""moralizar""]","[""microacción concreta""]","[""anticipación"", ""microacciones"", ""menos palabras""]","[""crisis_activa"", ""meltdown"", ""memoria""]",controlled_crisis_support,2e695058-cad8-4f0f-b398-2b2659a70f70,dataset sintético-realista para memoria conversacional,True,2026-01-13T08:00:00,2026-05-11T21:00:00
3467a738-a01c-460d-b156-02639fe00c6c,acd7d45c-b0dd-44b1-9cd1-40d889a44d36,b64281ad-59ef-4659-a156-69fdd7d79196,school_support,crisis_activa,meltdown,closure_continuity,double_exceptionality_or_cooccurrence,"[""TOC"", ""TEA"", ""AACC""]",Parece que este momento está siendo muy demandante. Hagamos esto simple. Una microacción posible es: alejar un estímulo intenso.,"{""full_text"": ""Parece que este momento está siendo muy demandante. Hagamos esto simple. Una microacción posible es: alejar un estímulo intenso.""}",system,0.616,0.24,True,14,7,7,"[""culpabilizar"", ""moralizar""]","[""microacción concreta""]","[""menos ruido""]","[""crisis_activa"", ""meltdown"", ""memoria""]",controlled_low_demand_support,d6a69e64-3721-49ac-b3c3-27ef45d9687a,dataset sintético-realista para memoria conversacional,True,2026-03-13T08:00:00,2026-05-18T21:00:00
8c940a5f-5590-4d60-bbc3-45427372a28f,2165daf4-d683-4f3d-9290-8694bff46165,400fce60-cf80-4f28-96c7-2e59877eaf5a,emotional_venting,crisis_activa,meltdown,closure_continuity,triple_or_high_complexity,"[""Sensibilidad sensorial""]","Antes de seguir, dime qué se ve más intenso ahora mismo: ruido, cansancio, tarea o emoción. Una microacción posible es: priorizar seguridad y pausar preguntas.","{""full_text"": ""Antes de seguir, dime qué se ve más intenso ahora mismo: ruido, cansancio, tarea o emoción. Una microacción posible es: priorizar seguridad y pausar preguntas.""}",human_curated,0.648,0.94,False,8,8,0,"[""culpabilizar"", ""moralizar""]","[""microacción concreta""]","[""anticipación"", ""menos ruido""]","[""crisis_activa"", ""meltdown"", ""memoria""]",controlled_low_demand_support,7020f399-8358-4811-8eaa-6b166ae1f69d,dataset sintético-realista para memoria conversacional,True,2026-02-08T08:00:00,2026-05-23T21:00:00
62f140aa-ee02-48fd-baad-086612c2a7f4,11d0c5c7-307a-49b9-8d57-44b99f520cdc,9ff4226d-4872-4bde-ac45-221a053efef7,strategy_feedback,crisis_activa,meltdown,closure_continuity,triple_or_high_complexity,"[""Ansiedad""]",Estoy contigo. Vamos a ir por una sola acción posible ahora. Una microacción posible es: bajar la voz y retirar una exigencia.,"{""full_text"": ""Estoy contigo. Vamos a ir por una sola acción posible ahora. Una microacción posible es: bajar la voz y retirar una exigencia.""}",system,0.845,0.934,True,13,13,0,"[""culpabilizar"", ""moralizar""]","[""microacción concreta""]","[""menos palabras"", ""microacciones""]","[""crisis_activa"", ""meltdown"", ""memoria""]",controlled_low_demand_support,fa0ba8e5-7b90-49b9-a7d3-9b911e859d91,dataset sintético-realista para memoria conversacional,True,2026-02-08T08:00:00,2026-05-16T21:00:00
78b09e51-4b5f-4f8f-ad7f-98a456e4cac6,664b32fe-66a8-43a7-ae6f-d6db18b24fff,0f8b7f3b-63ab-44ae-a2c2-fc9f0b10dde0,strategy_feedback,crisis_activa,meltdown,closure_continuity,low_or_single,"[""Discalculia""]",No necesitas resolverlo todo de golpe. Veamos qué está pesando más. Una microacción posible es: bajar la voz y retirar una exigencia.,"{""full_text"": ""No necesitas resolverlo todo de golpe. Veamos qué está pesando más. Una microacción posible es: bajar la voz y retirar una exigencia.""}",system,0.782,0.758,True,18,17,1,"[""culpabilizar"", ""moralizar""]","[""microacción concreta""]","[""menos ruido"", ""menos palabras"", ""validación""]","[""crisis_activa"", ""meltdown"", ""memoria""]",controlled_support_generation,300eb7bc-8578-42ae-80f9-f112b81cc763,dataset sintético-realista para memoria conversacional,True,2026-02-06T08:00:00,2026-05-26T21:00:00
c8d63252-21f0-4c50-82c8-868ab6943ab2,bb844779-7042-4616-8b3c-d7bd921fbbde,f6bafba5-caae-4adf-a51d-c90de56797f0,school_support,sobrecarga_cuidador,burnout,adaptive_intervention,low_or_single,"[""TDAH"", ""Ansiedad"", ""Dispraxia""]",Estoy contigo. Vamos a ir por una sola acción posible ahora. Una microacción posible es: bajar autoexigencia por hoy.,"{""full_text"": ""Estoy contigo. Vamos a ir por una sola acción posible ahora. Una microacción posible es: bajar autoexigencia por hoy.""}",human_curated,0.693,0.749,True,12,9,3,"[""culpabilizar"", ""moralizar""]","[""microacción concreta""]","[""microacciones"", ""anticipación"", ""menos palabras""]","[""sobrecarga_cuidador"", ""burnout"", ""memoria""]",controlled_crisis_support,2351b2fb-134c-4eb2-af97-55b0748d2ba8,dataset sintético-realista para memoria conversacional,True,2026-01-21T08:00:00,2026-05-17T21:00:00
98e4dbee-f43f-4d76-a8f4-c5693c640a9d,e803708c-45f8-4bd5-b083-2df02e637f96,126d9767-84eb-4e26-82df-52489036f19b,general_support,sobrecarga_cuidador,burnout,adaptive_intervention,low_or_single,[],"Antes de seguir, dime qué se ve más intenso ahora mismo: ruido, cansancio, tarea o emoción. Una microacción posible es: bajar autoexigencia por hoy.","{""full_text"": ""Antes de seguir, dime qué se ve más intenso ahora mismo: ruido, cansancio, tarea o emoción. Una microacción posible es: bajar autoexigencia por hoy.""}",system,0.66,0.842,True,10,3,7,"[""culpabilizar"", ""moralizar""]","[""microacción concreta""]","[""anticipación""]","[""sobrecarga_cuidador"", ""burnout"", ""memoria""]",controlled_low_demand_support,d04b6bb7-938e-4d21-bc7b-d073cfeaf3e6,dataset sintético-realista para memoria conversacional,True,2026-03-10T08:00:00,2026-05-16T21:00:00
90f0a9b7-f5c2-40d9-9773-7302b48dac24,10136bb0-b6e9-4690-9eb1-8592af5c8261,1cf9f982-625e-4269-8aac-0024c6423f5b,routine_request,sobrecarga_cuidador,burnout,adaptive_intervention,triple_or_high_complexity,[],No necesitas resolverlo todo de golpe. Veamos qué está pesando más. Una microacción posible es: quedarte con una sola prioridad.,"{""full_text"": ""No necesitas resolverlo todo de golpe. Veamos qué está pesando más. Una microacción posible es: quedarte con una sola prioridad.""}",llm_fallback,0.624,0.91,True,11,3,8,"[""culpabilizar"", ""moralizar""]","[""microacción concreta""]","[""anticipación"", ""microacciones""]","[""sobrecarga_cuidador"", ""burnout"", ""memoria""]",controlled_crisis_support,91733b29-249a-46d8-8a38-c10ffcf3eb17,dataset sintético-realista para memoria conversacional,True,2026-03-13T08:00:00,2026-05-26T21:00:00
ae6a89be-a5c3-4aa9-a1af-40865a615331,9941a961-1597-4482-85ac-c7f16b94abe7,32dc7604-03d8-4e3d-8f39-551943b58457,urgent_support,sobrecarga_cuidador,burnout,adaptive_intervention,triple_or_high_complexity,"[""Mutismo selectivo"", ""Dispraxia""]",Estoy contigo. Vamos a ir por una sola acción posible ahora. Una microacción posible es: hacer una pausa de un minuto.,"{""full_text"": ""Estoy contigo. Vamos a ir por una sola acción posible ahora. Una microacción posible es: hacer una pausa de un minuto.""}",system,0.918,0.448,False,6,2,4,"[""culpabilizar"", ""moralizar""]","[""microacción concreta""]","[""menos ruido""]","[""sobrecarga_cuidador"", ""burnout"", ""memoria""]",controlled_low_demand_support,8f256718-0df4-4e97-898a-23cf0d0cd4d1,dataset sintético-realista para memoria conversacional,True,2026-02-03T08:00:00,2026-05-19T21:00:00
e00d0cc1-d2ef-400b-9d10-5d9dc439cf5b,225df57f-e239-43f3-84cc-3016892bf288,667a4fba-a2fe-46a7-88ff-653891a6240f,school_support,sobrecarga_cuidador,burnout,adaptive_intervention,low_or_single,"[""Dispraxia"", ""AACC"", ""TDAH""]",Estoy contigo. Vamos a ir por una sola acción posible ahora. Una microacción posible es: quedarte con una sola prioridad.,"{""full_text"": ""Estoy contigo. Vamos a ir por una sola acción posible ahora. Una microacción posible es: quedarte con una sola prioridad.""}",human_curated,0.455,0.593,True,17,12,5,"[""culpabilizar"", ""moralizar""]","[""microacción concreta""]","[""anticipación"", ""menos palabras""]","[""sobrecarga_cuidador"", ""burnout"", ""memoria""]",controlled_low_demand_support,5fb3481f-d46d-40ad-98d9-9e148476e8f9,dataset sintético-realista para memoria conversacional,True,2026-03-09T08:00:00,2026-05-13T21:00:00
b5682090-36a9-4d58-b705-11fb55a0077a,96d332ce-7cdb-4c78-9ee0-11f63858f2c3,cc8831f3-4d62-416a-9aab-95e329f386d4,school_support,crisis_activa,emotional_dysregulation,closure_continuity,low_or_single,[],Parece que este momento está siendo muy demandante. Hagamos esto simple. Una microacción posible es: priorizar seguridad y pausar preguntas.,"{""full_text"": ""Parece que este momento está siendo muy demandante. Hagamos esto simple. Una microacción posible es: priorizar seguridad y pausar preguntas.""}",human_curated,0.51,0.615,False,4,3,1,"[""culpabilizar"", ""moralizar""]","[""microacción concreta""]","[""validación"", ""menos ruido""]","[""crisis_activa"", ""emotional_dysregulation"", ""memoria""]",controlled_low_demand_support,afab079b-1fbf-41ba-ac02-b1544b81be9c,dataset sintético-realista para memoria conversacional,True,2026-01-30T08:00:00,2026-05-14T21:00:00
d75acbdb-a915-41d3-b35a-f6bdb0a004c9,e803708c-45f8-4bd5-b083-2df02e637f96,126d9767-84eb-4e26-82df-52489036f19b,school_support,crisis_activa,emotional_dysregulation,closure_continuity,double_exceptionality_or_cooccurrence,"[""TOC""]",Estoy contigo. Vamos a ir por una sola acción posible ahora. Una microacción posible es: bajar la voz y retirar una exigencia.,"{""full_text"": ""Estoy contigo. Vamos a ir por una sola acción posible ahora. Una microacción posible es: bajar la voz y retirar una exigencia.""}",llm_fallback,0.948,0.79,True,16,15,1,"[""culpabilizar"", ""moralizar""]","[""microacción concreta""]","[""menos palabras"", ""menos ruido""]","[""crisis_activa"", ""emotional_dysregulation"", ""memoria""]",controlled_support_generation,e7749db6-580b-49fc-ba2a-e13ecdefb91b,dataset sintético-realista para memoria conversacional,True,2026-01-16T08:00:00,2026-05-26T21:00:00
5e67b938-d4c5-425b-a0d9-84869b5a5020,02672e05-454f-4248-b090-11d67f9e316a,c35e45fa-57e7-4ea2-8dd4-56fe51ce0912,clarification_request,crisis_activa,emotional_dysregulation,closure_continuity,triple_or_high_complexity,"[""Dispraxia"", ""TEA""]",No necesitas resolverlo todo de golpe. Veamos qué está pesando más. Una microacción posible es: alejar un estímulo intenso.,"{""full_text"": ""No necesitas resolverlo todo de golpe. Veamos qué está pesando más. Una microacción posible es: alejar un estímulo intenso.""}",system,0.936,0.687,True,7,4,3,"[""culpabilizar"", ""moralizar""]","[""microacción concreta""]","[""validación""]","[""crisis_activa"", ""emotional_dysregulation"", ""memoria""]",controlled_low_demand_support,3d86480d-8e7b-4e14-a95d-09324965afc4,dataset sintético-realista para memoria conversacional,True,2026-02-18T08:00:00,2026-05-25T21:00:00
9bc2714b-8a2d-4018-ac39-f78dbd6a8c41,5c6f1713-177c-49eb-86fd-6c1ac9347741,6fb309e3-bbef-44f3-9fa7-614f386ee1c2,general_support,crisis_activa,emotional_dysregulation,closure_continuity,triple_or_high_complexity,"[""Discalculia"", ""AACC""]","Antes de seguir, dime qué se ve más intenso ahora mismo: ruido, cansancio, tarea o emoción. Una microacción posible es: alejar un estímulo intenso.","{""full_text"": ""Antes de seguir, dime qué se ve más intenso ahora mismo: ruido, cansancio, tarea o emoción. Una microacción posible es: alejar un estímulo intenso.""}",system,0.915,0.924,True,9,9,0,"[""culpabilizar"", ""moralizar""]","[""microacción concreta""]","[""anticipación""]","[""crisis_activa"", ""emotional_dysregulation"", ""memoria""]",controlled_support_generation,2ad942f8-2c24-4645-8b7e-99b043c0aa6e,dataset sintético-realista para memoria conversacional,True,2026-02-05T08:00:00,2026-05-14T21:00:00
c29beb6a-ac81-4c22-9039-f15fc8e7fe58,44551dbf-ca93-44ca-9dc3-38a333db55d0,c1c92cd7-c7d9-45d1-850c-8671d6202ef5,school_support,crisis_activa,emotional_dysregulation,closure_continuity,double_exceptionality_or_cooccurrence,"[""Sensibilidad sensorial"", ""Discalculia""]",No necesitas resolverlo todo de golpe. Veamos qué está pesando más. Una microacción posible es: priorizar seguridad y pausar preguntas.,"{""full_text"": ""No necesitas resolverlo todo de golpe. Veamos qué está pesando más. Una microacción posible es: priorizar seguridad y pausar preguntas.""}",system,0.476,0.559,True,2,1,1,"[""culpabilizar"", ""moralizar""]","[""microacción concreta""]","[""microacciones"", ""validación"", ""anticipación""]","[""crisis_activa"", ""emotional_dysregulation"", ""memoria""]",controlled_support_generation,f4a600ad-d21b-4f0e-9339-ede54b414942,dataset sintético-realista para memoria conversacional,True,2026-02-07T08:00:00,2026-05-24T21:00:00
680724e5-254a-449a-a57d-ce8277e96928,acd7d45c-b0dd-44b1-9cd1-40d889a44d36,b64281ad-59ef-4659-a156-69fdd7d79196,clarification_request,disfuncion_ejecutiva,general_distress,closure_continuity,triple_or_high_complexity,"[""Ansiedad"", ""Sensibilidad sensorial"", ""TDAH""]","Antes de seguir, dime qué se ve más intenso ahora mismo: ruido, cansancio, tarea o emoción. Una microacción posible es: elegir una tarea mínima.","{""full_text"": ""Antes de seguir, dime qué se ve más intenso ahora mismo: ruido, cansancio, tarea o emoción. Una microacción posible es: elegir una tarea mínima.""}",human_curated,0.53,0.817,True,5,1,4,"[""culpabilizar"", ""moralizar""]","[""microacción concreta""]","[""anticipación"", ""menos palabras""]","[""disfuncion_ejecutiva"", ""general_distress"", ""memoria""]",controlled_crisis_support,3c51dcf9-8e45-4a5a-80fb-a5135c26c155,dataset sintético-realista para memoria conversacional,True,2026-01-24T08:00:00,2026-05-23T21:00:00
6f2d3777-1d25-4973-870d-15d7d6359309,bb844779-7042-4616-8b3c-d7bd921fbbde,f6bafba5-caae-4adf-a51d-c90de56797f0,urgent_support,disfuncion_ejecutiva,general_distress,closure_continuity,double_exceptionality_or_cooccurrence,"[""TEA"", ""AACC"", ""Mutismo selectivo""]",No necesitas resolverlo todo de golpe. Veamos qué está pesando más. Una microacción posible es: hacer solo el primer paso.,"{""full_text"": ""No necesitas resolverlo todo de golpe. Veamos qué está pesando más. Una microacción posible es: hacer solo el primer paso.""}",system,0.927,0.761,False,8,5,3,"[""culpabilizar"", ""moralizar""]","[""microacción concreta""]","[""menos palabras"", ""microacciones""]","[""disfuncion_ejecutiva"", ""general_distress"", ""memoria""]",controlled_support_generation,c9ea3827-2582-40f9-add0-7355a7902b15,dataset sintético-realista para memoria conversacional,True,2026-02-03T08:00:00,2026-05-30T21:00:00
4e651ee9-98f6-429a-8b4f-549ba19dbe88,02402def-d911-468c-88fa-4a691bbb79d6,144b8108-f23c-4bf5-aab9-27382ba12462,general_support,disfuncion_ejecutiva,general_distress,closure_continuity,triple_or_high_complexity,"[""TDAH"", ""Tourette"", ""Dispraxia""]",No necesitas resolverlo todo de golpe. Veamos qué está pesando más. Una microacción posible es: elegir una tarea mínima.,"{""full_text"": ""No necesitas resolverlo todo de golpe. Veamos qué está pesando más. Una microacción posible es: elegir una tarea mínima.""}",human_curated,0.704,0.922,True,15,6,9,"[""culpabilizar"", ""moralizar""]","[""microacción concreta""]","[""validación"", ""menos ruido""]","[""disfuncion_ejecutiva"", ""general_distress"", ""memoria""]",controlled_support_generation,bdbf038b-f26d-4ff5-983b-dbc0399495a0,dataset sintético-realista para memoria conversacional,True,2026-02-26T08:00:00,2026-05-19T21:00:00
03cd369a-d325-419a-9766-d5368215461b,b4b23c0f-c117-4cde-a64d-d898142db528,fe1dc6ec-1ea7-42ca-9665-4ebd65e10f52,clarification_request,disfuncion_ejecutiva,general_distress,closure_continuity,double_exceptionality_or_cooccurrence,"[""Mutismo selectivo"", ""Tourette""]",Estoy contigo. Vamos a ir por una sola acción posible ahora. Una microacción posible es: elegir una tarea mínima.,"{""full_text"": ""Estoy contigo. Vamos a ir por una sola acción posible ahora. Una microacción posible es: elegir una tarea mínima.""}",llm_fallback,0.913,0.534,True,2,2,0,"[""culpabilizar"", ""moralizar""]","[""microacción concreta""]","[""validación"", ""menos ruido"", ""microacciones""]","[""disfuncion_ejecutiva"", ""general_distress"", ""memoria""]",controlled_support_generation,3f122c98-af00-404a-8bb6-c2d18283a94e,dataset sintético-realista para memoria conversacional,True,2026-01-29T08:00:00,2026-05-31T21:00:00
69d7d178-9a2a-4c4e-b10d-7a147a5356f7,6364960e-3215-41da-a19a-a27c8112eb7a,88ac33ed-c268-456e-9683-8e3bd374dcfb,clarification_request,disfuncion_ejecutiva,general_distress,closure_continuity,triple_or_high_complexity,"[""Discalculia""]",Parece que este momento está siendo muy demandante. Hagamos esto simple. Una microacción posible es: hacer solo el primer paso.,"{""full_text"": ""Parece que este momento está siendo muy demandante. Hagamos esto simple. Una microacción posible es: hacer solo el primer paso.""}",system,0.873,0.83,False,13,9,4,"[""culpabilizar"", ""moralizar""]","[""microacción concreta""]","[""microacciones""]","[""disfuncion_ejecutiva"", ""general_distress"", ""memoria""]",controlled_crisis_support,77e657ad-74ac-4ac3-aeed-62f4dcfdd8de,dataset sintético-realista para memoria conversacional,True,2026-03-30T08:00:00,2026-05-26T21:00:00
6b1b23e7-7846-4c3f-9a49-dd76f34f15f4,af7388af-cf32-46d5-9074-f11c578b2dd3,456699b3-e25d-4ae7-9e4d-3a060d4d2898,emotional_venting,transicion_rigidez,general_distress,adaptive_intervention,low_or_single,"[""TOC""]","Antes de seguir, dime qué se ve más intenso ahora mismo: ruido, cansancio, tarea o emoción. Una microacción posible es: avisar el cambio con una frase clara.","{""full_text"": ""Antes de seguir, dime qué se ve más intenso ahora mismo: ruido, cansancio, tarea o emoción. Una microacción posible es: avisar el cambio con una frase clara.""}",llm_fallback,0.42,0.781,False,3,3,0,"[""culpabilizar"", ""moralizar""]","[""microacción concreta""]","[""microacciones"", ""menos ruido""]","[""transicion_rigidez"", ""general_distress"", ""memoria""]",controlled_crisis_support,58363fcf-6d38-4e8b-8476-f456b3f4a8b6,dataset sintético-realista para memoria conversacional,True,2026-01-30T08:00:00,2026-05-22T21:00:00
45975b1a-6c36-4097-a8f7-384d65422882,390e94d0-786f-432a-8e38-da4fb07644c0,b9dc52d1-95e0-4264-9021-8ea5b9a28787,clarification_request,transicion_rigidez,general_distress,adaptive_intervention,triple_or_high_complexity,[],No necesitas resolverlo todo de golpe. Veamos qué está pesando más. Una microacción posible es: dar tiempo breve antes de cambiar.,"{""full_text"": ""No necesitas resolverlo todo de golpe. Veamos qué está pesando más. Una microacción posible es: dar tiempo breve antes de cambiar.""}",human_curated,0.72,0.751,True,14,11,3,"[""culpabilizar"", ""moralizar""]","[""microacción concreta""]","[""validación""]","[""transicion_rigidez"", ""general_distress"", ""memoria""]",controlled_crisis_support,542b951c-9c3f-4ce4-829a-9f61d890eedc,dataset sintético-realista para memoria conversacional,True,2026-02-02T08:00:00,2026-05-14T21:00:00
f399216d-1a42-4073-b373-96dde8f06de4,5fcdb233-94a0-4056-85dd-484fb989fa79,dd9b6398-bf04-4967-87ca-635dcaf72460,urgent_support,transicion_rigidez,general_distress,adaptive_intervention,low_or_single,"[""Dispraxia"", ""AACC""]",Parece que este momento está siendo muy demandante. Hagamos esto simple. Una microacción posible es: dar tiempo breve antes de cambiar.,"{""full_text"": ""Parece que este momento está siendo muy demandante. Hagamos esto simple. Una microacción posible es: dar tiempo breve antes de cambiar.""}",human_curated,0.588,0.435,True,11,11,0,"[""culpabilizar"", ""moralizar""]","[""microacción concreta""]","[""menos ruido"", ""menos palabras"", ""anticipación""]","[""transicion_rigidez"", ""general_distress"", ""memoria""]",controlled_support_generation,014750f7-5375-419e-a520-efb4233b964f,dataset sintético-realista para memoria conversacional,True,2026-03-09T08:00:00,2026-05-15T21:00:00
cfcf7b25-fe67-4a02-82d1-7dbfdbda6013,2472bc7c-4de5-4c93-9881-47f8a8f3a5df,28890895-3a7a-4197-afc9-59d6645f1008,school_support,transicion_rigidez,general_distress,adaptive_intervention,low_or_single,[],No necesitas resolverlo todo de golpe. Veamos qué está pesando más. Una microacción posible es: mostrar qué sigue.,"{""full_text"": ""No necesitas resolverlo todo de golpe. Veamos qué está pesando más. Una microacción posible es: mostrar qué sigue.""}",human_curated,0.826,0.477,False,8,5,3,"[""culpabilizar"", ""moralizar""]","[""microacción concreta""]","[""anticipación""]","[""transicion_rigidez"", ""general_distress"", ""memoria""]",controlled_crisis_support,6939a4ce-3340-4346-8c96-4a39ca91f046,dataset sintético-realista para memoria conversacional,True,2026-02-07T08:00:00,2026-05-14T21:00:00
c18ea245-38c9-49cc-980c-8ee7569f8abb,669609ff-54c3-4f7c-b479-68e3a02fb4c8,025bba66-5f6d-4b4e-bd01-ee3a9c8f7195,general_support,transicion_rigidez,general_distress,adaptive_intervention,triple_or_high_complexity,"[""Ansiedad"", ""Discalculia"", ""Dispraxia""]",Parece que este momento está siendo muy demandante. Hagamos esto simple. Una microacción posible es: mostrar qué sigue.,"{""full_text"": ""Parece que este momento está siendo muy demandante. Hagamos esto simple. Una microacción posible es: mostrar qué sigue.""}",human_curated,0.692,0.798,False,8,4,4,"[""culpabilizar"", ""moralizar""]","[""microacción concreta""]","[""menos palabras""]","[""transicion_rigidez"", ""general_distress"", ""memoria""]",controlled_low_demand_support,ebdbe5d2-bfa4-4190-ad19-8a15f8df0b34,dataset sintético-realista para memoria conversacional,True,2026-02-07T08:00:00,2026-05-27T21:00:00
418504b1-aeae-4799-a518-efa9a86a5fb3,40cde2b1-a647-4cb0-8c9a-adebe1bab0cb,96c224b6-0ccd-4143-90dc-fef450b4d6f6,strategy_feedback,apoyo_general,general_distress,reception_containment,double_exceptionality_or_cooccurrence,"[""TEA"", ""TDAH"", ""Mutismo selectivo""]",Parece que este momento está siendo muy demandante. Hagamos esto simple. Una microacción posible es: repetir una sola pauta útil.,"{""full_text"": ""Parece que este momento está siendo muy demandante. Hagamos esto simple. Una microacción posible es: repetir una sola pauta útil.""}",llm_fallback,0.56,0.893,True,15,15,0,"[""culpabilizar"", ""moralizar""]","[""microacción concreta""]","[""anticipación""]","[""apoyo_general"", ""general_distress"", ""memoria""]",controlled_low_demand_support,936bd111-fca5-4bf1-a254-4ec4e99a535b,dataset sintético-realista para memoria conversacional,True,2026-03-24T08:00:00,2026-05-11T21:00:00
e6cfa3b8-c7d1-4c50-a225-9e09db530a65,02402def-d911-468c-88fa-4a691bbb79d6,144b8108-f23c-4bf5-aab9-27382ba12462,routine_request,apoyo_general,general_distress,reception_containment,double_exceptionality_or_cooccurrence,"[""Mutismo selectivo"", ""TDAH"", ""Discalculia""]","Antes de seguir, dime qué se ve más intenso ahora mismo: ruido, cansancio, tarea o emoción. Una microacción posible es: repetir una sola pauta útil.","{""full_text"": ""Antes de seguir, dime qué se ve más intenso ahora mismo: ruido, cansancio, tarea o emoción. Una microacción posible es: repetir una sola pauta útil.""}",system,0.669,0.501,True,18,11,7,"[""culpabilizar"", ""moralizar""]","[""microacción concreta""]","[""menos ruido"", ""menos palabras"", ""microacciones""]","[""apoyo_general"", ""general_distress"", ""memoria""]",controlled_low_demand_support,d29b4c9e-896a-4331-87eb-b90bd1da495e,dataset sintético-realista para memoria conversacional,True,2026-02-17T08:00:00,2026-05-11T21:00:00
b6f7eb20-632f-46c8-bbab-cce0392eb0ea,2f0831f7-46b8-4d1d-94bb-ff66ae4b2391,b068fe13-f108-4132-9030-3edfae53af6c,school_support,apoyo_general,general_distress,reception_containment,low_or_single,"[""Mutismo selectivo"", ""AACC"", ""TDAH""]","Antes de seguir, dime qué se ve más intenso ahora mismo: ruido, cansancio, tarea o emoción. Una microacción posible es: ajustar una cosa a la vez.","{""full_text"": ""Antes de seguir, dime qué se ve más intenso ahora mismo: ruido, cansancio, tarea o emoción. Una microacción posible es: ajustar una cosa a la vez.""}",human_curated,0.928,0.191,False,8,6,2,"[""culpabilizar"", ""moralizar""]","[""microacción concreta""]","[""menos ruido"", ""microacciones"", ""anticipación""]","[""apoyo_general"", ""general_distress"", ""memoria""]",controlled_crisis_support,67f965ca-d976-4a53-a9bd-2e62d26daa1b,dataset sintético-realista para memoria conversacional,True,2026-03-15T08:00:00,2026-05-15T21:00:00
9b1c8e97-d924-440a-990b-b1ebba2b918c,25e817db-bebc-4684-95b0-700d4faad8d2,7123f3ef-165d-4915-9764-166a9fdfe202,clarification_request,apoyo_general,general_distress,reception_containment,low_or_single,"[""Tourette""]",Estoy contigo. Vamos a ir por una sola acción posible ahora. Una microacción posible es: anotar lo que sí ayudó.,"{""full_text"": ""Estoy contigo. Vamos a ir por una sola acción posible ahora. Una microacción posible es: anotar lo que sí ayudó.""}",system,0.584,0.798,True,9,4,5,"[""culpabilizar"", ""moralizar""]","[""microacción concreta""]","[""menos palabras"", ""microacciones"", ""menos ruido""]","[""apoyo_general"", ""general_distress"", ""memoria""]",controlled_crisis_support,3b26889e-c32e-4974-a904-92e7f526af7a,dataset sintético-realista para memoria conversacional,True,2026-03-07T08:00:00,2026-05-28T21:00:00
b43049d1-6493-4a14-8ef9-7e2fc7d23988,e3ddddfc-4a0b-40f7-b1be-d9b611d061b8,61a55e01-53f6-43e2-a1ae-b00cc20f0754,urgent_support,apoyo_general,general_distress,reception_containment,triple_or_high_complexity,"[""Discalculia"", ""Sensibilidad sensorial""]",Parece que este momento está siendo muy demandante. Hagamos esto simple. Una microacción posible es: ajustar una cosa a la vez.,"{""full_text"": ""Parece que este momento está siendo muy demandante. Hagamos esto simple. Una microacción posible es: ajustar una cosa a la vez.""}",llm_fallback,0.873,0.927,False,12,6,6,"[""culpabilizar"", ""moralizar""]","[""microacción concreta""]","[""microacciones"", ""menos ruido""]","[""apoyo_general"", ""general_distress"", ""memoria""]",controlled_support_generation,1ce47473-6717-4d86-b3d0-11f88493c092,dataset sintético-realista para memoria conversacional,True,2026-02-22T08:00:00,2026-05-13T21:00:00
ab763612-3d36-4afb-bb75-ad09a33449df,7cfe448f-0440-4b90-afb4-5d66315b675f,bf899728-ea83-48d8-8407-c49d76612570,school_support,sobrecarga_sensorial,sensory_overload,focus_clarification,low_or_single,"[""TDAH""]","Antes de seguir, dime qué se ve más intenso ahora mismo: ruido, cansancio, tarea o emoción. Una microacción posible es: dar espacio regulador breve.","{""full_text"": ""Antes de seguir, dime qué se ve más intenso ahora mismo: ruido, cansancio, tarea o emoción. Una microacción posible es: dar espacio regulador breve.""}",system,0.741,0.746,True,11,6,5,"[""culpabilizar"", ""moralizar""]","[""microacción concreta""]","[""anticipación"", ""validación"", ""menos ruido""]","[""sobrecarga_sensorial"", ""sensory_overload"", ""memoria""]",controlled_crisis_support,29bd4b53-5ff9-486c-83c5-7d72ae45dbcf,dataset sintético-realista para memoria conversacional,True,2026-01-18T08:00:00,2026-05-29T21:00:00
0f06b14a-07af-4edb-b25f-af216af7651d,c25019f3-1716-4483-b2e2-aa2c237ba3c6,79220627-d31a-46e2-9fbf-c26b331c83ea,clarification_request,sobrecarga_sensorial,sensory_overload,focus_clarification,low_or_single,[],"Antes de seguir, dime qué se ve más intenso ahora mismo: ruido, cansancio, tarea o emoción. Una microacción posible es: retirar estímulos innecesarios.","{""full_text"": ""Antes de seguir, dime qué se ve más intenso ahora mismo: ruido, cansancio, tarea o emoción. Una microacción posible es: retirar estímulos innecesarios.""}",system,0.656,0.702,True,16,10,6,"[""culpabilizar"", ""moralizar""]","[""microacción concreta""]","[""validación""]","[""sobrecarga_sensorial"", ""sensory_overload"", ""memoria""]",controlled_crisis_support,acef5ce4-af0d-4cbd-a323-0a7d00a4c2fa,dataset sintético-realista para memoria conversacional,True,2026-04-08T08:00:00,2026-05-25T21:00:00
1c2a9556-dde1-4d3d-83fc-4e14d5b76cee,b197a060-ad07-4f9b-a70d-d822f75ac25c,e73582e2-ad23-4a03-a155-39d42014b356,clarification_request,sobrecarga_sensorial,sensory_overload,focus_clarification,double_exceptionality_or_cooccurrence,"[""Dispraxia""]",Parece que este momento está siendo muy demandante. Hagamos esto simple. Una microacción posible es: retirar estímulos innecesarios.,"{""full_text"": ""Parece que este momento está siendo muy demandante. Hagamos esto simple. Una microacción posible es: retirar estímulos innecesarios.""}",llm_fallback,0.602,0.83,False,4,2,2,"[""culpabilizar"", ""moralizar""]","[""microacción concreta""]","[""menos palabras""]","[""sobrecarga_sensorial"", ""sensory_overload"", ""memoria""]",controlled_low_demand_support,8377ef87-68d1-440c-b090-8f3bb3a871ab,dataset sintético-realista para memoria conversacional,True,2026-03-05T08:00:00,2026-05-12T21:00:00
5b532a27-a53a-4355-b41f-bd5c16a2e3e1,d691ff58-3270-4370-8017-5091091f2369,9143abc3-6961-4eb8-a76c-0468c6e4a505,strategy_feedback,sobrecarga_sensorial,sensory_overload,focus_clarification,triple_or_high_complexity,[],Parece que este momento está siendo muy demandante. Hagamos esto simple. Una microacción posible es: dar espacio regulador breve.,"{""full_text"": ""Parece que este momento está siendo muy demandante. Hagamos esto simple. Una microacción posible es: dar espacio regulador breve.""}",human_curated,0.756,0.725,True,15,14,1,"[""culpabilizar"", ""moralizar""]","[""microacción concreta""]","[""menos ruido""]","[""sobrecarga_sensorial"", ""sensory_overload"", ""memoria""]",controlled_support_generation,e3e3dcf4-0ed0-4c51-bc05-114828af0380,dataset sintético-realista para memoria conversacional,True,2026-01-09T08:00:00,2026-05-14T21:00:00
49233863-7aa9-4f7d-a0d9-c5448f721d06,3fdbb0fc-3d53-47ec-8f28-446fd6cd2d0e,521b34c2-711e-447a-88b1-40d77888c99b,urgent_support,sobrecarga_sensorial,sensory_overload,focus_clarification,triple_or_high_complexity,"[""Ansiedad""]",Parece que este momento está siendo muy demandante. Hagamos esto simple. Una microacción posible es: bajar ruido o luz por unos minutos.,"{""full_text"": ""Parece que este momento está siendo muy demandante. Hagamos esto simple. Una microacción posible es: bajar ruido o luz por unos minutos.""}",human_curated,0.912,0.543,False,3,2,1,"[""culpabilizar"", ""moralizar""]","[""microacción concreta""]","[""validación"", ""microacciones"", ""menos ruido""]","[""sobrecarga_sensorial"", ""sensory_overload"", ""memoria""]",controlled_low_demand_support,3005694d-a523-4b65-b46a-de993bfe5d15,dataset sintético-realista para memoria conversacional,True,2026-04-03T08:00:00,2026-05-15T21:00:00
ee8fe567-b9b1-4c27-adb1-78a08fd8c117,7b1ff7e5-ed74-4a36-9a20-71845011f89c,2ab2442d-04ec-4eb1-896a-d902c8a4e70d,strategy_feedback,sobrecarga_cuidador,parental_fatigue,case_learning,double_exceptionality_or_cooccurrence,[],No necesitas resolverlo todo de golpe. Veamos qué está pesando más. Una microacción posible es: quedarte con una sola prioridad.,"{""full_text"": ""No necesitas resolverlo todo de golpe. Veamos qué está pesando más. Una microacción posible es: quedarte con una sola prioridad.""}",human_curated,0.833,0.914,True,12,11,1,"[""culpabilizar"", ""moralizar""]","[""microacción concreta""]","[""microacciones"", ""menos ruido""]","[""sobrecarga_cuidador"", ""parental_fatigue"", ""memoria""]",controlled_support_generation,ca7cdd30-a995-4356-a039-67b0655d3e18,dataset sintético-realista para memoria conversacional,True,2026-02-22T08:00:00,2026-05-24T21:00:00
b6cdffa0-6745-4bf5-bfb0-ccb8cb8f5d40,9e4dea67-103a-4ac2-9505-30b245b48ae3,49e613e9-04a0-4e36-aa31-bdbd23ddc3fc,urgent_support,sobrecarga_cuidador,parental_fatigue,case_learning,low_or_single,"[""AACC"", ""Discalculia"", ""TOC""]",Estoy contigo. Vamos a ir por una sola acción posible ahora. Una microacción posible es: quedarte con una sola prioridad.,"{""full_text"": ""Estoy contigo. Vamos a ir por una sola acción posible ahora. Una microacción posible es: quedarte con una sola prioridad.""}",system,0.871,0.892,True,16,14,2,"[""culpabilizar"", ""moralizar""]","[""microacción concreta""]","[""microacciones"", ""menos palabras"", ""anticipación""]","[""sobrecarga_cuidador"", ""parental_fatigue"", ""memoria""]",controlled_support_generation,52f0b577-84ff-41f2-94af-cb0e526a5736,dataset sintético-realista para memoria conversacional,True,2026-03-02T08:00:00,2026-05-16T21:00:00
4d66b1bf-3740-45f1-9c10-05d7c4b6e223,616deb2c-4a7e-4645-ac7e-568d89c5ea47,5aa81779-a944-440a-82bd-6a18bf88a5f9,general_support,sobrecarga_cuidador,parental_fatigue,case_learning,low_or_single,[],Estoy contigo. Vamos a ir por una sola acción posible ahora. Una microacción posible es: hacer una pausa de un minuto.,"{""full_text"": ""Estoy contigo. Vamos a ir por una sola acción posible ahora. Una microacción posible es: hacer una pausa de un minuto.""}",system,0.712,0.749,True,16,15,1,"[""culpabilizar"", ""moralizar""]","[""microacción concreta""]","[""microacciones""]","[""sobrecarga_cuidador"", ""parental_fatigue"", ""memoria""]",controlled_support_generation,7614c061-0574-4fc2-ba1f-de238187baac,dataset sintético-realista para memoria conversacional,True,2026-01-30T08:00:00,2026-05-28T21:00:00
b0eb9503-42ab-44b8-9cbe-91c22c6a308a,ce8b9bf0-926c-4cc4-94cd-5e9ebfffb088,a7b00e82-25aa-446a-99d3-8f22b65f1a2a,clarification_request,sobrecarga_cuidador,parental_fatigue,case_learning,low_or_single,"[""Discalculia""]",Estoy contigo. Vamos a ir por una sola acción posible ahora. Una microacción posible es: bajar autoexigencia por hoy.,"{""full_text"": ""Estoy contigo. Vamos a ir por una sola acción posible ahora. Una microacción posible es: bajar autoexigencia por hoy.""}",human_curated,0.834,0.725,True,5,5,0,"[""culpabilizar"", ""moralizar""]","[""microacción concreta""]","[""menos palabras""]","[""sobrecarga_cuidador"", ""parental_fatigue"", ""memoria""]",controlled_crisis_support,c6d99e50-66cd-40d4-a7f6-ab978de88825,dataset sintético-realista para memoria conversacional,True,2026-03-25T08:00:00,2026-05-22T21:00:00
2ff0157c-34dc-4dfb-b792-672f3c258c7a,2f0831f7-46b8-4d1d-94bb-ff66ae4b2391,b068fe13-f108-4132-9030-3edfae53af6c,strategy_feedback,sobrecarga_cuidador,parental_fatigue,case_learning,low_or_single,[],"Antes de seguir, dime qué se ve más intenso ahora mismo: ruido, cansancio, tarea o emoción. Una microacción posible es: bajar autoexigencia por hoy.","{""full_text"": ""Antes de seguir, dime qué se ve más intenso ahora mismo: ruido, cansancio, tarea o emoción. Una microacción posible es: bajar autoexigencia por hoy.""}",llm_fallback,0.587,0.338,True,8,6,2,"[""culpabilizar"", ""moralizar""]","[""microacción concreta""]","[""anticipación""]","[""sobrecarga_cuidador"", ""parental_fatigue"", ""memoria""]",controlled_support_generation,be4ff11f-b797-4d9d-b5e8-e090dc582c30,dataset sintético-realista para memoria conversacional,True,2026-01-10T08:00:00,2026-05-15T21:00:00
7951f049-07c9-4e1b-bfc0-55d4f4ad3204,ef9df874-57d0-4295-828d-edfc008a109c,28d61edc-b031-4f03-a98b-0af3328b2f5e,school_support,disfuncion_ejecutiva,general_distress,focus_clarification,triple_or_high_complexity,"[""Ansiedad"", ""Tourette"", ""TEA""]",Estoy contigo. Vamos a ir por una sola acción posible ahora. Una microacción posible es: elegir una tarea mínima.,"{""full_text"": ""Estoy contigo. Vamos a ir por una sola acción posible ahora. Una microacción posible es: elegir una tarea mínima.""}",llm_fallback,0.913,0.347,False,17,14,3,"[""culpabilizar"", ""moralizar""]","[""microacción concreta""]","[""microacciones"", ""menos palabras"", ""validación""]","[""disfuncion_ejecutiva"", ""general_distress"", ""memoria""]",controlled_support_generation,83a9eaf0-cb85-4b87-bd91-ab5d84345728,dataset sintético-realista para memoria conversacional,True,2026-02-24T08:00:00,2026-05-20T21:00:00
2d40352d-6d60-4f4c-b866-20932f2dd27d,7cfe448f-0440-4b90-afb4-5d66315b675f,bf899728-ea83-48d8-8407-c49d76612570,school_support,disfuncion_ejecutiva,general_distress,focus_clarification,low_or_single,"[""TOC"", ""TDAH""]",No necesitas resolverlo todo de golpe. Veamos qué está pesando más. Una microacción posible es: elegir una tarea mínima.,"{""full_text"": ""No necesitas resolverlo todo de golpe. Veamos qué está pesando más. Una microacción posible es: elegir una tarea mínima.""}",human_curated,0.514,0.848,False,17,7,10,"[""culpabilizar"", ""moralizar""]","[""microacción concreta""]","[""anticipación"", ""menos ruido"", ""menos palabras""]","[""disfuncion_ejecutiva"", ""general_distress"", ""memoria""]",controlled_support_generation,6a5a1a46-e461-4ec7-b70a-e66c2eb08165,dataset sintético-realista para memoria conversacional,True,2026-02-14T08:00:00,2026-05-21T21:00:00
f7a069e9-6730-4981-90dd-f000eba246e7,96d332ce-7cdb-4c78-9ee0-11f63858f2c3,cc8831f3-4d62-416a-9aab-95e329f386d4,emotional_venting,disfuncion_ejecutiva,general_distress,focus_clarification,triple_or_high_complexity,"[""TOC"", ""TDAH"", ""AACC""]",Parece que este momento está siendo muy demandante. Hagamos esto simple. Una microacción posible es: hacer solo el primer paso.,"{""full_text"": ""Parece que este momento está siendo muy demandante. Hagamos esto simple. Una microacción posible es: hacer solo el primer paso.""}",human_curated,0.525,0.6,True,8,2,6,"[""culpabilizar"", ""moralizar""]","[""microacción concreta""]","[""microacciones"", ""validación"", ""menos palabras""]","[""disfuncion_ejecutiva"", ""general_distress"", ""memoria""]",controlled_low_demand_support,5fdefebe-405a-4c94-8c1f-90254480bd0b,dataset sintético-realista para memoria conversacional,True,2026-01-06T08:00:00,2026-05-29T21:00:00
ebb7c247-c060-4d46-b559-9af3740d2448,fbcc318b-408e-4cc2-bc63-6f92202c5966,2082e5f0-9e3a-4f4e-b938-098513018afb,school_support,disfuncion_ejecutiva,general_distress,focus_clarification,triple_or_high_complexity,"[""TOC""]",Parece que este momento está siendo muy demandante. Hagamos esto simple. Una microacción posible es: mostrar visualmente el inicio.,"{""full_text"": ""Parece que este momento está siendo muy demandante. Hagamos esto simple. Una microacción posible es: mostrar visualmente el inicio.""}",human_curated,0.886,0.238,True,9,3,6,"[""culpabilizar"", ""moralizar""]","[""microacción concreta""]","[""validación"", ""menos ruido"", ""menos palabras""]","[""disfuncion_ejecutiva"", ""general_distress"", ""memoria""]",controlled_low_demand_support,2924804d-ce1c-41c5-9868-721274b76dd6,dataset sintético-realista para memoria conversacional,True,2026-01-06T08:00:00,2026-05-28T21:00:00
4f031202-c645-4a04-a895-55670415ec01,bd6b0438-c122-4d21-bb40-ce665cc03fda,6fe5f52e-55c6-479b-994f-c5943a854e5c,clarification_request,disfuncion_ejecutiva,general_distress,focus_clarification,triple_or_high_complexity,"[""AACC""]",Parece que este momento está siendo muy demandante. Hagamos esto simple. Una microacción posible es: elegir una tarea mínima.,"{""full_text"": ""Parece que este momento está siendo muy demandante. Hagamos esto simple. Una microacción posible es: elegir una tarea mínima.""}",system,0.678,0.933,True,17,12,5,"[""culpabilizar"", ""moralizar""]","[""microacción concreta""]","[""validación"", ""menos ruido""]","[""disfuncion_ejecutiva"", ""general_distress"", ""memoria""]",controlled_support_generation,11c0dcd0-43b7-4721-aa2e-f0525eb10a54,dataset sintético-realista para memoria conversacional,True,2026-01-09T08:00:00,2026-05-24T21:00:00
1b0ad406-d2a1-48b7-ad06-fe9059a1851a,fb08059b-f33c-4f74-adb6-b8a24f4e6e23,080bcd83-84db-4119-923c-7208fad5d191,routine_request,transicion_rigidez,general_distress,case_learning,double_exceptionality_or_cooccurrence,[],No necesitas resolverlo todo de golpe. Veamos qué está pesando más. Una microacción posible es: dar tiempo breve antes de cambiar.,"{""full_text"": ""No necesitas resolverlo todo de golpe. Veamos qué está pesando más. Una microacción posible es: dar tiempo breve antes de cambiar.""}",system,0.885,0.866,False,12,11,1,"[""culpabilizar"", ""moralizar""]","[""microacción concreta""]","[""menos palabras""]","[""transicion_rigidez"", ""general_distress"", ""memoria""]",controlled_crisis_support,fa54b411-07a9-48ef-80d0-c273db1d53b2,dataset sintético-realista para memoria conversacional,True,2026-01-30T08:00:00,2026-05-26T21:00:00
f2951946-5a6e-485f-9697-d32e406572f7,8add0e61-58cf-40ba-855c-44ee8317752a,6cc9feab-6fac-4fa7-985e-8712bdea9211,clarification_request,transicion_rigidez,general_distress,case_learning,low_or_single,"[""TOC""]",No necesitas resolverlo todo de golpe. Veamos qué está pesando más. Una microacción posible es: mostrar qué sigue.,"{""full_text"": ""No necesitas resolverlo todo de golpe. Veamos qué está pesando más. Una microacción posible es: mostrar qué sigue.""}",llm_fallback,0.631,0.576,True,6,4,2,"[""culpabilizar"", ""moralizar""]","[""microacción concreta""]","[""menos palabras"", ""validación""]","[""transicion_rigidez"", ""general_distress"", ""memoria""]",controlled_support_generation,27deb949-6b4b-46fc-8c81-bb46613c71e5,dataset sintético-realista para memoria conversacional,True,2026-04-03T08:00:00,2026-05-25T21:00:00
250f15b5-5900-4eed-9e3f-1af30130edbb,46aa23c8-3d52-46b6-846b-33a5ae6091b8,81b2ec0a-ce1e-433a-a2a1-c8e3150cea03,clarification_request,transicion_rigidez,general_distress,case_learning,low_or_single,"[""TOC"", ""AACC"", ""Tourette""]",Parece que este momento está siendo muy demandante. Hagamos esto simple. Una microacción posible es: mostrar qué sigue.,"{""full_text"": ""Parece que este momento está siendo muy demandante. Hagamos esto simple. Una microacción posible es: mostrar qué sigue.""}",human_curated,0.554,0.426,True,7,5,2,"[""culpabilizar"", ""moralizar""]","[""microacción concreta""]","[""anticipación""]","[""transicion_rigidez"", ""general_distress"", ""memoria""]",controlled_support_generation,9e733556-ea64-4d58-9f27-efc4902d3c42,dataset sintético-realista para memoria conversacional,True,2026-03-27T08:00:00,2026-05-24T21:00:00
dd51a792-770c-482b-ab54-a907eb3bb477,ac8136db-8080-4ad0-9778-dd42c8928287,81caba91-e515-4a18-8381-4f5159680a22,clarification_request,transicion_rigidez,general_distress,case_learning,triple_or_high_complexity,"[""TEA""]",No necesitas resolverlo todo de golpe. Veamos qué está pesando más. Una microacción posible es: avisar el cambio con una frase clara.,"{""full_text"": ""No necesitas resolverlo todo de golpe. Veamos qué está pesando más. Una microacción posible es: avisar el cambio con una frase clara.""}",system,0.485,0.739,True,3,2,1,"[""culpabilizar"", ""moralizar""]","[""microacción concreta""]","[""anticipación""]","[""transicion_rigidez"", ""general_distress"", ""memoria""]",controlled_low_demand_support,0aa3fc02-5e53-4712-9984-95755d7bc26e,dataset sintético-realista para memoria conversacional,True,2026-01-22T08:00:00,2026-05-16T21:00:00
485195a5-b345-4f08-abe3-e3dc37b0a48d,5fcdb233-94a0-4056-85dd-484fb989fa79,dd9b6398-bf04-4967-87ca-635dcaf72460,clarification_request,sobrecarga_sensorial,sensory_overload,adaptive_intervention,triple_or_high_complexity,"[""Ansiedad"", ""Sensibilidad sensorial"", ""TDAH""]","Antes de seguir, dime qué se ve más intenso ahora mismo: ruido, cansancio, tarea o emoción. Una microacción posible es: retirar estímulos innecesarios.","{""full_text"": ""Antes de seguir, dime qué se ve más intenso ahora mismo: ruido, cansancio, tarea o emoción. Una microacción posible es: retirar estímulos innecesarios.""}",human_curated,0.587,0.703,True,15,14,1,"[""culpabilizar"", ""moralizar""]","[""microacción concreta""]","[""anticipación""]","[""sobrecarga_sensorial"", ""sensory_overload"", ""memoria""]",controlled_crisis_support,f35b35ad-3f85-4f99-85d6-e8cf4d5b00bb,dataset sintético-realista para memoria conversacional,True,2026-03-05T08:00:00,2026-05-12T21:00:00
8cc80d09-e1fd-48b7-8095-06c5f2496a41,ea771dc0-dcea-48b5-8294-70c7b7a0393d,1e762d49-439e-4b0d-9d85-9f60285ac506,routine_request,sobrecarga_sensorial,sensory_overload,adaptive_intervention,double_exceptionality_or_cooccurrence,"[""Discalculia""]","Antes de seguir, dime qué se ve más intenso ahora mismo: ruido, cansancio, tarea o emoción. Una microacción posible es: dar espacio regulador breve.","{""full_text"": ""Antes de seguir, dime qué se ve más intenso ahora mismo: ruido, cansancio, tarea o emoción. Una microacción posible es: dar espacio regulador breve.""}",system,0.636,0.714,True,4,3,1,"[""culpabilizar"", ""moralizar""]","[""microacción concreta""]","[""menos ruido"", ""validación"", ""menos palabras""]","[""sobrecarga_sensorial"", ""sensory_overload"", ""memoria""]",controlled_low_demand_support,3443a2b2-1752-4170-aba2-10d53403ff1e,dataset sintético-realista para memoria conversacional,True,2026-02-18T08:00:00,2026-05-21T21:00:00
e82a7c72-fe00-4199-9de5-13e26389b09e,a728d7d8-5d90-4164-a8ef-75ad64528216,9c58f5c0-2dce-48b1-8986-8aca6671139d,clarification_request,sobrecarga_sensorial,sensory_overload,adaptive_intervention,triple_or_high_complexity,[],Estoy contigo. Vamos a ir por una sola acción posible ahora. Una microacción posible es: dar espacio regulador breve.,"{""full_text"": ""Estoy contigo. Vamos a ir por una sola acción posible ahora. Una microacción posible es: dar espacio regulador breve.""}",human_curated,0.451,0.858,True,11,9,2,"[""culpabilizar"", ""moralizar""]","[""microacción concreta""]","[""microacciones"", ""menos palabras"", ""validación""]","[""sobrecarga_sensorial"", ""sensory_overload"", ""memoria""]",controlled_support_generation,30ec2bb8-25b7-4a2c-a185-f9066e094a55,dataset sintético-realista para memoria conversacional,True,2026-03-24T08:00:00,2026-05-27T21:00:00
acc968f7-6086-4d94-b48d-f1ed76c5b85f,71921e6a-3568-4494-8d36-6636c0e09a0f,e19572ae-83f3-44dc-825d-fda620140fa8,general_support,sobrecarga_sensorial,sensory_overload,adaptive_intervention,triple_or_high_complexity,"[""AACC"", ""TOC""]",Parece que este momento está siendo muy demandante. Hagamos esto simple. Una microacción posible es: dar espacio regulador breve.,"{""full_text"": ""Parece que este momento está siendo muy demandante. Hagamos esto simple. Una microacción posible es: dar espacio regulador breve.""}",human_curated,0.605,0.623,True,12,11,1,"[""culpabilizar"", ""moralizar""]","[""microacción concreta""]","[""menos palabras"", ""anticipación""]","[""sobrecarga_sensorial"", ""sensory_overload"", ""memoria""]",controlled_support_generation,59303b70-5226-4900-bbe2-dece01afb27a,dataset sintético-realista para memoria conversacional,True,2026-04-12T08:00:00,2026-05-20T21:00:00
da02e0eb-7392-435a-a9e2-8f68d7b4d96e,09707de6-1df8-4d29-9a97-7072dc872ed8,83d3a31a-53bd-4cd9-93f1-ba0c5e9dd1ce,emotional_venting,sobrecarga_sensorial,sensory_overload,adaptive_intervention,low_or_single,[],No necesitas resolverlo todo de golpe. Veamos qué está pesando más. Una microacción posible es: dar espacio regulador breve.,"{""full_text"": ""No necesitas resolverlo todo de golpe. Veamos qué está pesando más. Una microacción posible es: dar espacio regulador breve.""}",human_curated,0.456,0.84,True,15,7,8,"[""culpabilizar"", ""moralizar""]","[""microacción concreta""]","[""menos ruido"", ""microacciones"", ""anticipación""]","[""sobrecarga_sensorial"", ""sensory_overload"", ""memoria""]",controlled_support_generation,4d523ca0-9c7c-423a-b55f-dd905d0918c1,dataset sintético-realista para memoria conversacional,True,2026-02-14T08:00:00,2026-05-15T21:00:00
0fa34a65-7957-4772-a4ea-9c853524d8f0,8eb78eb1-2c51-42fb-8109-782d19d43d14,032dcd07-c73f-450e-b4f5-f05f9c87151c,clarification_request,sobrecarga_cuidador,parental_fatigue,adaptive_intervention,triple_or_high_complexity,"[""Mutismo selectivo"", ""TDAH"", ""AACC""]","Antes de seguir, dime qué se ve más intenso ahora mismo: ruido, cansancio, tarea o emoción. Una microacción posible es: quedarte con una sola prioridad.","{""full_text"": ""Antes de seguir, dime qué se ve más intenso ahora mismo: ruido, cansancio, tarea o emoción. Una microacción posible es: quedarte con una sola prioridad.""}",system,0.869,0.833,False,2,2,0,"[""culpabilizar"", ""moralizar""]","[""microacción concreta""]","[""anticipación"", ""menos palabras""]","[""sobrecarga_cuidador"", ""parental_fatigue"", ""memoria""]",controlled_crisis_support,27595d69-b2b2-4beb-a07c-a743e7f6ea3f,dataset sintético-realista para memoria conversacional,True,2026-04-07T08:00:00,2026-05-24T21:00:00
97d64b6f-d643-46c9-90f1-8fe39178abfe,d9ca2074-6665-4fbe-8c3e-b9567736137d,b8daec1d-babc-4a78-8239-21dda7f572d6,strategy_feedback,sobrecarga_cuidador,parental_fatigue,adaptive_intervention,double_exceptionality_or_cooccurrence,[],No necesitas resolverlo todo de golpe. Veamos qué está pesando más. Una microacción posible es: bajar autoexigencia por hoy.,"{""full_text"": ""No necesitas resolverlo todo de golpe. Veamos qué está pesando más. Una microacción posible es: bajar autoexigencia por hoy.""}",human_curated,0.698,0.72,True,13,11,2,"[""culpabilizar"", ""moralizar""]","[""microacción concreta""]","[""validación""]","[""sobrecarga_cuidador"", ""parental_fatigue"", ""memoria""]",controlled_crisis_support,ccbbddfb-e9e5-43f3-b267-d6024ff8da5f,dataset sintético-realista para memoria conversacional,True,2026-01-26T08:00:00,2026-05-16T21:00:00
701bf7c7-3830-4597-b372-f0fcc5e638ee,ce16f43c-bbb1-46c1-8f26-cdd5f49486b6,f8f108bd-264d-4215-a2da-145de0f557a2,emotional_venting,sobrecarga_cuidador,parental_fatigue,adaptive_intervention,low_or_single,"[""Mutismo selectivo"", ""Dislexia""]",No necesitas resolverlo todo de golpe. Veamos qué está pesando más. Una microacción posible es: hacer una pausa de un minuto.,"{""full_text"": ""No necesitas resolverlo todo de golpe. Veamos qué está pesando más. Una microacción posible es: hacer una pausa de un minuto.""}",llm_fallback,0.716,0.531,True,17,10,7,"[""culpabilizar"", ""moralizar""]","[""microacción concreta""]","[""microacciones""]","[""sobrecarga_cuidador"", ""parental_fatigue"", ""memoria""]",controlled_support_generation,c87019dd-29dd-4caf-a097-937881e9b325,dataset sintético-realista para memoria conversacional,True,2026-02-01T08:00:00,2026-05-17T21:00:00
bf3576ab-efa3-4e2f-8e3e-11ce81fd3f1f,b1620450-6abc-4812-a24e-6824cd8822e3,ed9b3593-cac7-4c26-966c-3e0dfc46d8e0,strategy_feedback,sobrecarga_cuidador,parental_fatigue,adaptive_intervention,double_exceptionality_or_cooccurrence,"[""TDAH"", ""TOC"", ""TEA""]","Antes de seguir, dime qué se ve más intenso ahora mismo: ruido, cansancio, tarea o emoción. Una microacción posible es: bajar autoexigencia por hoy.","{""full_text"": ""Antes de seguir, dime qué se ve más intenso ahora mismo: ruido, cansancio, tarea o emoción. Una microacción posible es: bajar autoexigencia por hoy.""}",system,0.713,0.414,False,6,2,4,"[""culpabilizar"", ""moralizar""]","[""microacción concreta""]","[""menos palabras"", ""validación""]","[""sobrecarga_cuidador"", ""parental_fatigue"", ""memoria""]",controlled_support_generation,ccf52072-dd8a-436c-9bed-7cfdcbd36c68,dataset sintético-realista para memoria conversacional,True,2026-02-19T08:00:00,2026-05-20T21:00:00
ce132f60-b6d0-471a-88d2-7c7e9c953847,f2409a81-15e6-4ce2-8e78-63f4821f3d57,c9eac66c-3113-42a3-907c-1753b1267ef6,clarification_request,sobrecarga_cuidador,parental_fatigue,adaptive_intervention,low_or_single,"[""Trastorno del sueño"", ""AACC""]","Antes de seguir, dime qué se ve más intenso ahora mismo: ruido, cansancio, tarea o emoción. Una microacción posible es: hacer una pausa de un minuto.","{""full_text"": ""Antes de seguir, dime qué se ve más intenso ahora mismo: ruido, cansancio, tarea o emoción. Una microacción posible es: hacer una pausa de un minuto.""}",llm_fallback,0.679,0.429,True,3,3,0,"[""culpabilizar"", ""moralizar""]","[""microacción concreta""]","[""microacciones""]","[""sobrecarga_cuidador"", ""parental_fatigue"", ""memoria""]",controlled_low_demand_support,519d8fb2-39c8-4c42-86d8-f59c46a95e3f,dataset sintético-realista para memoria conversacional,True,2026-02-22T08:00:00,2026-05-25T21:00:00
f3b5fdb3-c8e9-4578-987f-aff22bfd1899,1e078026-5215-4954-9008-8e40fc0623a0,27794c57-be73-49b2-85b9-275438618801,clarification_request,sobrecarga_cuidador,burnout,closure_continuity,double_exceptionality_or_cooccurrence,"[""TOC"", ""Sensibilidad sensorial""]",Parece que este momento está siendo muy demandante. Hagamos esto simple. Una microacción posible es: hacer una pausa de un minuto.,"{""full_text"": ""Parece que este momento está siendo muy demandante. Hagamos esto simple. Una microacción posible es: hacer una pausa de un minuto.""}",human_curated,0.883,0.282,True,10,3,7,"[""culpabilizar"", ""moralizar""]","[""microacción concreta""]","[""microacciones""]","[""sobrecarga_cuidador"", ""burnout"", ""memoria""]",controlled_low_demand_support,cb5fa2cd-d546-4bec-9af4-c8fe30d1b18e,dataset sintético-realista para memoria conversacional,True,2026-01-19T08:00:00,2026-05-15T21:00:00
28d2ab27-70e3-4368-ba2d-752388d0f405,af7388af-cf32-46d5-9074-f11c578b2dd3,456699b3-e25d-4ae7-9e4d-3a060d4d2898,general_support,sobrecarga_cuidador,burnout,closure_continuity,double_exceptionality_or_cooccurrence,[],"Antes de seguir, dime qué se ve más intenso ahora mismo: ruido, cansancio, tarea o emoción. Una microacción posible es: quedarte con una sola prioridad.","{""full_text"": ""Antes de seguir, dime qué se ve más intenso ahora mismo: ruido, cansancio, tarea o emoción. Una microacción posible es: quedarte con una sola prioridad.""}",llm_fallback,0.877,0.727,True,13,10,3,"[""culpabilizar"", ""moralizar""]","[""microacción concreta""]","[""menos ruido""]","[""sobrecarga_cuidador"", ""burnout"", ""memoria""]",controlled_crisis_support,5756e57d-7b41-46b3-9fc7-65c70525df5c,dataset sintético-realista para memoria conversacional,True,2026-01-29T08:00:00,2026-05-17T21:00:00
abf5ad98-acbe-4122-abf8-65c8caeba326,6340c30f-8b5b-4d32-8039-1e311ffb1075,ea45fd99-725d-4d91-9778-301490c11bec,routine_request,sobrecarga_cuidador,burnout,closure_continuity,triple_or_high_complexity,"[""Trastorno del sueño"", ""TEA""]",Parece que este momento está siendo muy demandante. Hagamos esto simple. Una microacción posible es: bajar autoexigencia por hoy.,"{""full_text"": ""Parece que este momento está siendo muy demandante. Hagamos esto simple. Una microacción posible es: bajar autoexigencia por hoy.""}",llm_fallback,0.856,0.222,True,5,5,0,"[""culpabilizar"", ""moralizar""]","[""microacción concreta""]","[""validación"", ""microacciones""]","[""sobrecarga_cuidador"", ""burnout"", ""memoria""]",controlled_support_generation,7f7860a0-7239-4f6d-a2e4-e7c357f57f69,dataset sintético-realista para memoria conversacional,True,2026-02-14T08:00:00,2026-05-17T21:00:00
bec5ffcf-14b4-4c7d-b5a9-b7caebbc69ec,4d08d1e4-a307-4f86-9199-308886924505,d0ab50d0-03b3-4fd9-ac7b-dbf3ce482d4c,general_support,sobrecarga_cuidador,burnout,closure_continuity,triple_or_high_complexity,"[""TDAH""]",No necesitas resolverlo todo de golpe. Veamos qué está pesando más. Una microacción posible es: bajar autoexigencia por hoy.,"{""full_text"": ""No necesitas resolverlo todo de golpe. Veamos qué está pesando más. Una microacción posible es: bajar autoexigencia por hoy.""}",human_curated,0.696,0.627,False,17,5,12,"[""culpabilizar"", ""moralizar""]","[""microacción concreta""]","[""microacciones"", ""validación""]","[""sobrecarga_cuidador"", ""burnout"", ""memoria""]",controlled_support_generation,c202d52e-3ba2-48a6-8f9f-073bd986bc8e,dataset sintético-realista para memoria conversacional,True,2026-04-13T08:00:00,2026-05-24T21:00:00
bd458ef4-2c31-41cd-941a-bce6a77032f9,03f2fa32-6c8e-489f-a286-c7f4bf6e34cc,33adc609-c3f3-4023-8411-a8d5e96da91c,routine_request,sobrecarga_cuidador,burnout,closure_continuity,triple_or_high_complexity,[],Estoy contigo. Vamos a ir por una sola acción posible ahora. Una microacción posible es: hacer una pausa de un minuto.,"{""full_text"": ""Estoy contigo. Vamos a ir por una sola acción posible ahora. Una microacción posible es: hacer una pausa de un minuto.""}",system,0.653,0.512,False,9,8,1,"[""culpabilizar"", ""moralizar""]","[""microacción concreta""]","[""microacciones"", ""anticipación""]","[""sobrecarga_cuidador"", ""burnout"", ""memoria""]",controlled_low_demand_support,9d116cba-0ef4-45d5-b5e0-df035a427170,dataset sintético-realista para memoria conversacional,True,2026-03-20T08:00:00,2026-05-19T21:00:00
a6c33a71-3155-4324-916e-c98960f8557c,9e4dea67-103a-4ac2-9505-30b245b48ae3,49e613e9-04a0-4e36-aa31-bdbd23ddc3fc,school_support,apoyo_general,general_distress,focus_clarification,low_or_single,[],Parece que este momento está siendo muy demandante. Hagamos esto simple. Una microacción posible es: repetir una sola pauta útil.,"{""full_text"": ""Parece que este momento está siendo muy demandante. Hagamos esto simple. Una microacción posible es: repetir una sola pauta útil.""}",llm_fallback,0.718,0.855,True,10,3,7,"[""culpabilizar"", ""moralizar""]","[""microacción concreta""]","[""validación"", ""anticipación""]","[""apoyo_general"", ""general_distress"", ""memoria""]",controlled_crisis_support,3716fd8c-05ce-4501-bbe0-b09878ae1159,dataset sintético-realista para memoria conversacional,True,2026-01-14T08:00:00,2026-05-11T21:00:00
8843727f-4582-429d-822f-199fbbb51005,ab0729fe-94f5-4521-9e46-9be7470e922c,49fc9545-688e-479c-9d5b-4f82921fefbc,routine_request,apoyo_general,general_distress,focus_clarification,low_or_single,"[""TEA""]",Estoy contigo. Vamos a ir por una sola acción posible ahora. Una microacción posible es: anotar lo que sí ayudó.,"{""full_text"": ""Estoy contigo. Vamos a ir por una sola acción posible ahora. Una microacción posible es: anotar lo que sí ayudó.""}",system,0.585,0.517,True,15,14,1,"[""culpabilizar"", ""moralizar""]","[""microacción concreta""]","[""menos ruido"", ""validación"", ""microacciones""]","[""apoyo_general"", ""general_distress"", ""memoria""]",controlled_support_generation,84d7befe-454c-4650-b832-890799d80af4,dataset sintético-realista para memoria conversacional,True,2026-01-15T08:00:00,2026-05-12T21:00:00
7c535844-f316-4a89-b7e9-0fa1adc9c942,bbdc6e82-c96f-4323-84cf-ba5468547c07,0634a88f-0343-4fd7-9984-83d976a4c274,routine_request,apoyo_general,general_distress,focus_clarification,double_exceptionality_or_cooccurrence,"[""TDAH"", ""Ansiedad"", ""Mutismo selectivo""]",Parece que este momento está siendo muy demandante. Hagamos esto simple. Una microacción posible es: anotar lo que sí ayudó.,"{""full_text"": ""Parece que este momento está siendo muy demandante. Hagamos esto simple. Una microacción posible es: anotar lo que sí ayudó.""}",human_curated,0.48,0.743,True,14,4,10,"[""culpabilizar"", ""moralizar""]","[""microacción concreta""]","[""microacciones"", ""menos palabras""]","[""apoyo_general"", ""general_distress"", ""memoria""]",controlled_support_generation,fc1de75f-13f8-4100-85fd-8573e522aecd,dataset sintético-realista para memoria conversacional,True,2026-03-08T08:00:00,2026-05-17T21:00:00
551bb671-5ff9-462d-b6dd-d948045f8525,dbbc5520-d492-49cb-aee2-e33d1f3acd31,9d28a664-dcef-4d1d-bde0-bca9b4ed1815,routine_request,apoyo_general,general_distress,focus_clarification,double_exceptionality_or_cooccurrence,"[""AACC""]","Antes de seguir, dime qué se ve más intenso ahora mismo: ruido, cansancio, tarea o emoción. Una microacción posible es: ajustar una cosa a la vez.","{""full_text"": ""Antes de seguir, dime qué se ve más intenso ahora mismo: ruido, cansancio, tarea o emoción. Una microacción posible es: ajustar una cosa a la vez.""}",human_curated,0.919,0.347,False,10,3,7,"[""culpabilizar"", ""moralizar""]","[""microacción concreta""]","[""menos palabras"", ""anticipación"", ""microacciones""]","[""apoyo_general"", ""general_distress"", ""memoria""]",controlled_crisis_support,e768d0c3-c21a-4d1f-87b6-ab1e5c77dd53,dataset sintético-realista para memoria conversacional,True,2026-04-12T08:00:00,2026-05-23T21:00:00
a232eb35-8acd-4d6b-af8a-19d8cd29a52a,ce16f43c-bbb1-46c1-8f26-cdd5f49486b6,f8f108bd-264d-4215-a2da-145de0f557a2,emotional_venting,apoyo_general,general_distress,focus_clarification,triple_or_high_complexity,"[""Ansiedad""]",Parece que este momento está siendo muy demandante. Hagamos esto simple. Una microacción posible es: ajustar una cosa a la vez.,"{""full_text"": ""Parece que este momento está siendo muy demandante. Hagamos esto simple. Una microacción posible es: ajustar una cosa a la vez.""}",llm_fallback,0.501,0.567,True,17,5,12,"[""culpabilizar"", ""moralizar""]","[""microacción concreta""]","[""anticipación""]","[""apoyo_general"", ""general_distress"", ""memoria""]",controlled_crisis_support,6aec5978-0db6-4415-88d0-b736a938be8d,dataset sintético-realista para memoria conversacional,True,2026-01-11T08:00:00,2026-05-13T21:00:00
1ff9881c-81b9-450e-b15d-291f0aabf8ac,9096c13e-9e89-41a3-89e1-d5764b91c6b1,f2a5044b-db77-4fbd-b1cb-daf92053760a,routine_request,sueno_regulacion,general_distress,adaptive_intervention,triple_or_high_complexity,"[""AACC"", ""TEA""]",Parece que este momento está siendo muy demandante. Hagamos esto simple. Una microacción posible es: bajar las luces.,"{""full_text"": ""Parece que este momento está siendo muy demandante. Hagamos esto simple. Una microacción posible es: bajar las luces.""}",human_curated,0.495,0.533,False,4,1,3,"[""culpabilizar"", ""moralizar""]","[""microacción concreta""]","[""menos palabras""]","[""sueno_regulacion"", ""general_distress"", ""memoria""]",controlled_low_demand_support,4dad5b2b-f48a-4b8d-a9b9-57f8e7a79a31,dataset sintético-realista para memoria conversacional,True,2026-02-20T08:00:00,2026-05-14T21:00:00
a069634f-e826-4e68-80ab-51c47febfc76,597ac3d1-71f2-4d28-99fd-c8425ef1688e,ebc2601e-74af-44c5-9cc8-71442621450c,school_support,sueno_regulacion,general_distress,adaptive_intervention,triple_or_high_complexity,[],No necesitas resolverlo todo de golpe. Veamos qué está pesando más. Una microacción posible es: bajar las luces.,"{""full_text"": ""No necesitas resolverlo todo de golpe. Veamos qué está pesando más. Una microacción posible es: bajar las luces.""}",llm_fallback,0.684,0.789,True,2,1,1,"[""culpabilizar"", ""moralizar""]","[""microacción concreta""]","[""validación"", ""anticipación""]","[""sueno_regulacion"", ""general_distress"", ""memoria""]",controlled_low_demand_support,334d1642-12b1-4620-9c30-7f0acabd2ed5,dataset sintético-realista para memoria conversacional,True,2026-04-13T08:00:00,2026-05-30T21:00:00
28ead7fc-cd20-47b2-9120-ac8ae48582ac,be696610-6106-4104-86b5-1e60a9b4dd23,a72ad1e2-daa2-4f28-8ae5-82685b91b305,urgent_support,sueno_regulacion,general_distress,adaptive_intervention,triple_or_high_complexity,"[""TEA"", ""Tourette""]",Parece que este momento está siendo muy demandante. Hagamos esto simple. Una microacción posible es: cerrar pantallas antes.,"{""full_text"": ""Parece que este momento está siendo muy demandante. Hagamos esto simple. Una microacción posible es: cerrar pantallas antes.""}",llm_fallback,0.563,0.783,False,15,12,3,"[""culpabilizar"", ""moralizar""]","[""microacción concreta""]","[""anticipación"", ""menos palabras"", ""validación""]","[""sueno_regulacion"", ""general_distress"", ""memoria""]",controlled_low_demand_support,9a2ff96c-42a7-4fcb-af49-41664f37f63d,dataset sintético-realista para memoria conversacional,True,2026-01-30T08:00:00,2026-05-31T21:00:00
89218cd7-d53a-4785-8bdb-3a1b4b2dbdce,f97643f4-3a3f-4774-87ea-28014bda78e9,ac1a686c-5e3f-4b29-8eb5-492e9fb5fde0,emotional_venting,sueno_regulacion,general_distress,adaptive_intervention,double_exceptionality_or_cooccurrence,[],Parece que este momento está siendo muy demandante. Hagamos esto simple. Una microacción posible es: mantener secuencia nocturna breve.,"{""full_text"": ""Parece que este momento está siendo muy demandante. Hagamos esto simple. Una microacción posible es: mantener secuencia nocturna breve.""}",human_curated,0.754,0.648,False,15,12,3,"[""culpabilizar"", ""moralizar""]","[""microacción concreta""]","[""microacciones"", ""validación"", ""menos palabras""]","[""sueno_regulacion"", ""general_distress"", ""memoria""]",controlled_crisis_support,a84a297b-03d6-49f8-aecc-572d565be0b2,dataset sintético-realista para memoria conversacional,True,2026-03-02T08:00:00,2026-05-19T21:00:00
ba657c09-8623-4919-82ab-eb5c23e69b31,4af5fd77-157f-484a-9fab-fe262b72bd43,00916892-3bb7-4e8e-8cd2-81f4079e5e03,urgent_support,sueno_regulacion,general_distress,adaptive_intervention,triple_or_high_complexity,"[""Mutismo selectivo"", ""Trastorno del sueño"", ""Sensibilidad sensorial""]",No necesitas resolverlo todo de golpe. Veamos qué está pesando más. Una microacción posible es: mantener secuencia nocturna breve.,"{""full_text"": ""No necesitas resolverlo todo de golpe. Veamos qué está pesando más. Una microacción posible es: mantener secuencia nocturna breve.""}",llm_fallback,0.555,0.594,True,14,11,3,"[""culpabilizar"", ""moralizar""]","[""microacción concreta""]","[""menos palabras"", ""validación""]","[""sueno_regulacion"", ""general_distress"", ""memoria""]",controlled_support_generation,1d022401-9c30-46d8-9148-b2e2ca92f13a,dataset sintético-realista para memoria conversacional,True,2026-04-13T08:00:00,2026-05-13T21:00:00
7027fa97-d2aa-4973-b412-17d36ae05ec7,c25019f3-1716-4483-b2e2-aa2c237ba3c6,79220627-d31a-46e2-9fbf-c26b331c83ea,routine_request,crisis_activa,shutdown,focus_clarification,low_or_single,"[""Tourette"", ""Sensibilidad sensorial"", ""Ansiedad""]",No necesitas resolverlo todo de golpe. Veamos qué está pesando más. Una microacción posible es: alejar un estímulo intenso.,"{""full_text"": ""No necesitas resolverlo todo de golpe. Veamos qué está pesando más. Una microacción posible es: alejar un estímulo intenso.""}",llm_fallback,0.522,0.801,False,18,6,12,"[""culpabilizar"", ""moralizar""]","[""microacción concreta""]","[""validación"", ""anticipación"", ""menos palabras""]","[""crisis_activa"", ""shutdown"", ""memoria""]",controlled_support_generation,4e19c4ff-f7ba-4e9d-8879-07310fda2eda,dataset sintético-realista para memoria conversacional,True,2026-01-08T08:00:00,2026-05-11T21:00:00
464ca151-1ef8-49c4-af34-78575e16bd53,11ca98bb-300e-4841-94b4-55a324d71d47,ffcabd8d-9234-424f-990c-848ef8e493e0,clarification_request,crisis_activa,shutdown,focus_clarification,double_exceptionality_or_cooccurrence,"[""TOC"", ""Dislexia""]",Parece que este momento está siendo muy demandante. Hagamos esto simple. Una microacción posible es: alejar un estímulo intenso.,"{""full_text"": ""Parece que este momento está siendo muy demandante. Hagamos esto simple. Una microacción posible es: alejar un estímulo intenso.""}",system,0.691,0.653,True,4,4,0,"[""culpabilizar"", ""moralizar""]","[""microacción concreta""]","[""validación"", ""menos palabras"", ""anticipación""]","[""crisis_activa"", ""shutdown"", ""memoria""]",controlled_low_demand_support,5b3ffa1c-1b46-459d-9c5e-937d769121ce,dataset sintético-realista para memoria conversacional,True,2026-04-10T08:00:00,2026-05-13T21:00:00
e13671bd-a2a9-4821-8267-1238bc867f19,9e4dea67-103a-4ac2-9505-30b245b48ae3,49e613e9-04a0-4e36-aa31-bdbd23ddc3fc,school_support,crisis_activa,shutdown,focus_clarification,double_exceptionality_or_cooccurrence,"[""Trastorno del sueño"", ""Dispraxia"", ""AACC""]","Antes de seguir, dime qué se ve más intenso ahora mismo: ruido, cansancio, tarea o emoción. Una microacción posible es: bajar la voz y retirar una exigencia.","{""full_text"": ""Antes de seguir, dime qué se ve más intenso ahora mismo: ruido, cansancio, tarea o emoción. Una microacción posible es: bajar la voz y retirar una exigencia.""}",human_curated,0.924,0.871,True,4,2,2,"[""culpabilizar"", ""moralizar""]","[""microacción concreta""]","[""validación"", ""menos ruido""]","[""crisis_activa"", ""shutdown"", ""memoria""]",controlled_support_generation,bbe73392-e0a0-4dca-83e9-296d0deef406,dataset sintético-realista para memoria conversacional,True,2026-03-18T08:00:00,2026-05-24T21:00:00
7e720ea5-c962-4a19-adb6-478cacb33efc,3fdbb0fc-3d53-47ec-8f28-446fd6cd2d0e,521b34c2-711e-447a-88b1-40d77888c99b,clarification_request,crisis_activa,shutdown,focus_clarification,double_exceptionality_or_cooccurrence,"[""Trastorno del sueño"", ""Tourette""]",Parece que este momento está siendo muy demandante. Hagamos esto simple. Una microacción posible es: bajar la voz y retirar una exigencia.,"{""full_text"": ""Parece que este momento está siendo muy demandante. Hagamos esto simple. Una microacción posible es: bajar la voz y retirar una exigencia.""}",system,0.636,0.242,True,6,5,1,"[""culpabilizar"", ""moralizar""]","[""microacción concreta""]","[""anticipación"", ""validación"", ""menos ruido""]","[""crisis_activa"", ""shutdown"", ""memoria""]",controlled_low_demand_support,2efa55b7-bee2-44a9-b56a-ae865d7c0b79,dataset sintético-realista para memoria conversacional,True,2026-01-08T08:00:00,2026-05-30T21:00:00
f4cdb3f8-086f-41b2-825d-b522b5d09447,244cf02a-6a9f-4e51-8fd0-39996e6c74aa,17c2e9a7-db55-4986-a5a7-18c718d4a083,emotional_venting,crisis_activa,shutdown,focus_clarification,double_exceptionality_or_cooccurrence,"[""Discalculia"", ""TOC""]",Estoy contigo. Vamos a ir por una sola acción posible ahora. Una microacción posible es: alejar un estímulo intenso.,"{""full_text"": ""Estoy contigo. Vamos a ir por una sola acción posible ahora. Una microacción posible es: alejar un estímulo intenso.""}",human_curated,0.46,0.635,False,18,9,9,"[""culpabilizar"", ""moralizar""]","[""microacción concreta""]","[""menos palabras""]","[""crisis_activa"", ""shutdown"", ""memoria""]",controlled_crisis_support,db8f9cea-3f8a-492a-a869-d1ccd50cdd58,dataset sintético-realista para memoria conversacional,True,2026-03-18T08:00:00,2026-05-31T21:00:00
bb5aaacf-7752-41f9-b7b4-eec022a7edd4,f8952b82-cc64-4e63-9fc4-80a847ac0170,a9a9ee6c-41c7-4fe2-9b8d-e282ff30ac29,strategy_feedback,sueno_regulacion,sleep_disruption,adaptive_intervention,double_exceptionality_or_cooccurrence,"[""TDAH""]",No necesitas resolverlo todo de golpe. Veamos qué está pesando más. Una microacción posible es: cerrar pantallas antes.,"{""full_text"": ""No necesitas resolverlo todo de golpe. Veamos qué está pesando más. Una microacción posible es: cerrar pantallas antes.""}",system,0.633,0.826,False,5,1,4,"[""culpabilizar"", ""moralizar""]","[""microacción concreta""]","[""microacciones""]","[""sueno_regulacion"", ""sleep_disruption"", ""memoria""]",controlled_crisis_support,99d8db58-6bd3-4acf-8806-d48aded043d1,dataset sintético-realista para memoria conversacional,True,2026-04-02T08:00:00,2026-05-18T21:00:00
6c09b2f0-4d75-455d-8322-ff27264bb62c,b46ce6d2-f4c3-4f0e-8b1f-14c753b07232,4631cff6-fc69-4776-afd5-a5b8b3ccc209,emotional_venting,sueno_regulacion,sleep_disruption,adaptive_intervention,double_exceptionality_or_cooccurrence,"[""Sensibilidad sensorial""]",Estoy contigo. Vamos a ir por una sola acción posible ahora. Una microacción posible es: mantener secuencia nocturna breve.,"{""full_text"": ""Estoy contigo. Vamos a ir por una sola acción posible ahora. Una microacción posible es: mantener secuencia nocturna breve.""}",human_curated,0.725,0.866,True,2,2,0,"[""culpabilizar"", ""moralizar""]","[""microacción concreta""]","[""menos ruido"", ""anticipación"", ""menos palabras""]","[""sueno_regulacion"", ""sleep_disruption"", ""memoria""]",controlled_low_demand_support,2fe36a03-3157-431c-8e38-462f6cf429b5,dataset sintético-realista para memoria conversacional,True,2026-03-21T08:00:00,2026-05-31T21:00:00
eb084a3a-8ebb-4e9a-9842-a37094029f0e,96aad2d3-ec6e-4499-863f-c27120c99c37,e4a58377-5644-4dea-bcea-08ba5315f7fd,strategy_feedback,sueno_regulacion,sleep_disruption,adaptive_intervention,low_or_single,"[""Sensibilidad sensorial"", ""Trastorno del sueño"", ""Dispraxia""]",Parece que este momento está siendo muy demandante. Hagamos esto simple. Una microacción posible es: mantener secuencia nocturna breve.,"{""full_text"": ""Parece que este momento está siendo muy demandante. Hagamos esto simple. Una microacción posible es: mantener secuencia nocturna breve.""}",llm_fallback,0.795,0.566,False,17,10,7,"[""culpabilizar"", ""moralizar""]","[""microacción concreta""]","[""anticipación"", ""menos ruido""]","[""sueno_regulacion"", ""sleep_disruption"", ""memoria""]",controlled_support_generation,5b66b167-d3a1-452c-bbcb-3b86f2c7579d,dataset sintético-realista para memoria conversacional,True,2026-01-17T08:00:00,2026-05-26T21:00:00
7cb13bac-d539-4fdd-8eaf-20a855ba2546,ee9766fe-c87e-4ecd-99e7-e21ebb4065ca,80bbf489-aa29-44a1-af15-8dcf6f66f075,routine_request,sueno_regulacion,sleep_disruption,adaptive_intervention,triple_or_high_complexity,"[""Tourette""]",Estoy contigo. Vamos a ir por una sola acción posible ahora. Una microacción posible es: bajar las luces.,"{""full_text"": ""Estoy contigo. Vamos a ir por una sola acción posible ahora. Una microacción posible es: bajar las luces.""}",llm_fallback,0.667,0.77,False,3,3,0,"[""culpabilizar"", ""moralizar""]","[""microacción concreta""]","[""menos palabras"", ""anticipación"", ""microacciones""]","[""sueno_regulacion"", ""sleep_disruption"", ""memoria""]",controlled_crisis_support,65523190-f612-4d84-bb97-9b3487574e20,dataset sintético-realista para memoria conversacional,True,2026-01-31T08:00:00,2026-05-30T21:00:00
da5ad6aa-4b2c-4e23-81ab-f0bf0f0c29be,bd5312f4-3bfe-4881-b458-0c90eddbc8fd,7972f859-1772-40eb-8316-d2faeb5edd70,urgent_support,sueno_regulacion,sleep_disruption,adaptive_intervention,triple_or_high_complexity,[],Parece que este momento está siendo muy demandante. Hagamos esto simple. Una microacción posible es: cerrar pantallas antes.,"{""full_text"": ""Parece que este momento está siendo muy demandante. Hagamos esto simple. Una microacción posible es: cerrar pantallas antes.""}",system,0.568,0.806,True,13,6,7,"[""culpabilizar"", ""moralizar""]","[""microacción concreta""]","[""menos ruido"", ""microacciones""]","[""sueno_regulacion"", ""sleep_disruption"", ""memoria""]",controlled_low_demand_support,cbedd902-4ce8-44ca-acf6-957e2b0907ec,dataset sintético-realista para memoria conversacional,True,2026-03-29T08:00:00,2026-05-12T21:00:00
37a91018-eeea-436e-88ca-b3bf61ec5a89,a4222ea9-d889-48ed-8e88-cc4db0e11b94,2d80a5d6-515f-4d3a-8160-7a1d9283eac0,emotional_venting,apoyo_general,emotional_dysregulation,reception_containment,triple_or_high_complexity,"[""TDAH"", ""Tourette"", ""Mutismo selectivo""]","Antes de seguir, dime qué se ve más intenso ahora mismo: ruido, cansancio, tarea o emoción. Una microacción posible es: anotar lo que sí ayudó.","{""full_text"": ""Antes de seguir, dime qué se ve más intenso ahora mismo: ruido, cansancio, tarea o emoción. Una microacción posible es: anotar lo que sí ayudó.""}",system,0.62,0.551,True,16,15,1,"[""culpabilizar"", ""moralizar""]","[""microacción concreta""]","[""menos ruido"", ""validación"", ""menos palabras""]","[""apoyo_general"", ""emotional_dysregulation"", ""memoria""]",controlled_low_demand_support,43b2f6a6-4ea4-48fd-870d-cf28d504cca2,dataset sintético-realista para memoria conversacional,True,2026-01-06T08:00:00,2026-05-30T21:00:00
af1c8662-27bc-4db8-af9c-b6dc3f746920,3fdbb0fc-3d53-47ec-8f28-446fd6cd2d0e,521b34c2-711e-447a-88b1-40d77888c99b,emotional_venting,apoyo_general,emotional_dysregulation,reception_containment,triple_or_high_complexity,"[""TEA""]","Antes de seguir, dime qué se ve más intenso ahora mismo: ruido, cansancio, tarea o emoción. Una microacción posible es: ajustar una cosa a la vez.","{""full_text"": ""Antes de seguir, dime qué se ve más intenso ahora mismo: ruido, cansancio, tarea o emoción. Una microacción posible es: ajustar una cosa a la vez.""}",human_curated,0.584,0.813,False,8,4,4,"[""culpabilizar"", ""moralizar""]","[""microacción concreta""]","[""validación"", ""microacciones""]","[""apoyo_general"", ""emotional_dysregulation"", ""memoria""]",controlled_crisis_support,ac9dca48-b072-4236-85f1-b78a4286eb47,dataset sintético-realista para memoria conversacional,True,2026-03-09T08:00:00,2026-05-24T21:00:00
fb601665-9123-410c-8289-07652506af64,2165daf4-d683-4f3d-9290-8694bff46165,400fce60-cf80-4f28-96c7-2e59877eaf5a,clarification_request,apoyo_general,emotional_dysregulation,reception_containment,triple_or_high_complexity,"[""TDAH"", ""Ansiedad"", ""TEA""]",No necesitas resolverlo todo de golpe. Veamos qué está pesando más. Una microacción posible es: anotar lo que sí ayudó.,"{""full_text"": ""No necesitas resolverlo todo de golpe. Veamos qué está pesando más. Una microacción posible es: anotar lo que sí ayudó.""}",human_curated,0.443,0.21,True,13,6,7,"[""culpabilizar"", ""moralizar""]","[""microacción concreta""]","[""menos ruido"", ""validación"", ""menos palabras""]","[""apoyo_general"", ""emotional_dysregulation"", ""memoria""]",controlled_low_demand_support,c9bce964-c4fa-4e38-8051-e1c4f8d3f1c5,dataset sintético-realista para memoria conversacional,True,2026-01-13T08:00:00,2026-05-20T21:00:00
4220ac54-3d4c-4d5e-9c1f-da7255c36134,2472bc7c-4de5-4c93-9881-47f8a8f3a5df,28890895-3a7a-4197-afc9-59d6645f1008,emotional_venting,apoyo_general,emotional_dysregulation,reception_containment,double_exceptionality_or_cooccurrence,"[""Dispraxia""]","Antes de seguir, dime qué se ve más intenso ahora mismo: ruido, cansancio, tarea o emoción. Una microacción posible es: repetir una sola pauta útil.","{""full_text"": ""Antes de seguir, dime qué se ve más intenso ahora mismo: ruido, cansancio, tarea o emoción. Una microacción posible es: repetir una sola pauta útil.""}",human_curated,0.481,0.664,True,6,2,4,"[""culpabilizar"", ""moralizar""]","[""microacción concreta""]","[""menos ruido"", ""anticipación""]","[""apoyo_general"", ""emotional_dysregulation"", ""memoria""]",controlled_support_generation,33cd38c8-ff4e-45a9-98ad-b2d7498809e4,dataset sintético-realista para memoria conversacional,True,2026-02-17T08:00:00,2026-05-13T21:00:00
20dfebcd-e638-4c82-b50f-da18964294fe,10136bb0-b6e9-4690-9eb1-8592af5c8261,1cf9f982-625e-4269-8aac-0024c6423f5b,clarification_request,apoyo_general,emotional_dysregulation,reception_containment,double_exceptionality_or_cooccurrence,"[""TDAH"", ""Tourette"", ""Trastorno del sueño""]",Estoy contigo. Vamos a ir por una sola acción posible ahora. Una microacción posible es: ajustar una cosa a la vez.,"{""full_text"": ""Estoy contigo. Vamos a ir por una sola acción posible ahora. Una microacción posible es: ajustar una cosa a la vez.""}",human_curated,0.827,0.836,True,8,2,6,"[""culpabilizar"", ""moralizar""]","[""microacción concreta""]","[""menos ruido"", ""menos palabras"", ""microacciones""]","[""apoyo_general"", ""emotional_dysregulation"", ""memoria""]",controlled_crisis_support,08e4c8ad-9a10-4262-a460-f69cc6d16586,dataset sintético-realista para memoria conversacional,True,2026-03-27T08:00:00,2026-05-23T21:00:00
cddf8122-9cf7-4f55-b906-dc9a868280dc,137d433e-099c-4818-9542-fb1c62135220,eae7d3d4-6679-422b-9555-e616b96b35c2,routine_request,sobrecarga_cuidador,general_distress,focus_clarification,low_or_single,"[""Dispraxia""]",Estoy contigo. Vamos a ir por una sola acción posible ahora. Una microacción posible es: hacer una pausa de un minuto.,"{""full_text"": ""Estoy contigo. Vamos a ir por una sola acción posible ahora. Una microacción posible es: hacer una pausa de un minuto.""}",llm_fallback,0.793,0.822,True,11,7,4,"[""culpabilizar"", ""moralizar""]","[""microacción concreta""]","[""menos ruido"", ""menos palabras""]","[""sobrecarga_cuidador"", ""general_distress"", ""memoria""]",controlled_crisis_support,5666c4fe-d9ea-4bfe-8dc4-045928c8926a,dataset sintético-realista para memoria conversacional,True,2026-03-02T08:00:00,2026-05-31T21:00:00
fe3f0852-23db-41d7-b5d2-315cf363f21a,ff591414-24af-483f-9adc-e46e5dabadc2,62c406f6-1666-426d-bdc3-61a6c1bba2ff,clarification_request,sobrecarga_cuidador,general_distress,focus_clarification,double_exceptionality_or_cooccurrence,"[""Sensibilidad sensorial"", ""TEA"", ""TOC""]",No necesitas resolverlo todo de golpe. Veamos qué está pesando más. Una microacción posible es: quedarte con una sola prioridad.,"{""full_text"": ""No necesitas resolverlo todo de golpe. Veamos qué está pesando más. Una microacción posible es: quedarte con una sola prioridad.""}",human_curated,0.477,0.815,True,3,1,2,"[""culpabilizar"", ""moralizar""]","[""microacción concreta""]","[""menos ruido"", ""validación""]","[""sobrecarga_cuidador"", ""general_distress"", ""memoria""]",controlled_low_demand_support,7a276f88-a8c4-4142-abd5-c4d1a4d3f147,dataset sintético-realista para memoria conversacional,True,2026-03-16T08:00:00,2026-05-28T21:00:00
a651d73d-8d6d-456a-8ecb-4a1da335a815,9941a961-1597-4482-85ac-c7f16b94abe7,32dc7604-03d8-4e3d-8f39-551943b58457,urgent_support,sobrecarga_cuidador,general_distress,focus_clarification,low_or_single,[],Estoy contigo. Vamos a ir por una sola acción posible ahora. Una microacción posible es: quedarte con una sola prioridad.,"{""full_text"": ""Estoy contigo. Vamos a ir por una sola acción posible ahora. Una microacción posible es: quedarte con una sola prioridad.""}",human_curated,0.55,0.6,True,5,4,1,"[""culpabilizar"", ""moralizar""]","[""microacción concreta""]","[""microacciones"", ""menos ruido""]","[""sobrecarga_cuidador"", ""general_distress"", ""memoria""]",controlled_crisis_support,36ffc0ad-e148-471c-aa57-fdcf979f1068,dataset sintético-realista para memoria conversacional,True,2026-03-17T08:00:00,2026-05-21T21:00:00
bead16f9-e8c5-473f-a117-cf09b4fbffda,462fdfa5-0fca-405a-b531-f3218704b4b2,b02a0a57-eb17-40ba-814f-34255899243a,general_support,sobrecarga_cuidador,general_distress,focus_clarification,double_exceptionality_or_cooccurrence,[],No necesitas resolverlo todo de golpe. Veamos qué está pesando más. Una microacción posible es: bajar autoexigencia por hoy.,"{""full_text"": ""No necesitas resolverlo todo de golpe. Veamos qué está pesando más. Una microacción posible es: bajar autoexigencia por hoy.""}",system,0.922,0.561,True,4,3,1,"[""culpabilizar"", ""moralizar""]","[""microacción concreta""]","[""microacciones""]","[""sobrecarga_cuidador"", ""general_distress"", ""memoria""]",controlled_support_generation,d3b1b6d9-9d8e-4bbd-b3ec-cddf6e012f8d,dataset sintético-realista para memoria conversacional,True,2026-01-20T08:00:00,2026-05-25T21:00:00
420e907c-a053-44fe-bbff-099e618d9fb6,742340e8-14b4-4dbe-ab50-50293dc7a133,a7ed81ab-cae3-4459-aa48-d966a93486ba,strategy_feedback,sobrecarga_cuidador,general_distress,focus_clarification,low_or_single,[],Parece que este momento está siendo muy demandante. Hagamos esto simple. Una microacción posible es: hacer una pausa de un minuto.,"{""full_text"": ""Parece que este momento está siendo muy demandante. Hagamos esto simple. Una microacción posible es: hacer una pausa de un minuto.""}",human_curated,0.688,0.86,False,13,13,0,"[""culpabilizar"", ""moralizar""]","[""microacción concreta""]","[""menos palabras""]","[""sobrecarga_cuidador"", ""general_distress"", ""memoria""]",controlled_support_generation,3d23101b-030e-4d2a-bfeb-e84028f5737a,dataset sintético-realista para memoria conversacional,True,2026-04-06T08:00:00,2026-05-25T21:00:00
d3de4c22-a5c4-4ab6-8f31-81087ed3ed60,46aa23c8-3d52-46b6-846b-33a5ae6091b8,81b2ec0a-ce1e-433a-a2a1-c8e3150cea03,clarification_request,apoyo_general,executive_dysfunction,focus_clarification,low_or_single,"[""Mutismo selectivo""]","Antes de seguir, dime qué se ve más intenso ahora mismo: ruido, cansancio, tarea o emoción. Una microacción posible es: repetir una sola pauta útil.","{""full_text"": ""Antes de seguir, dime qué se ve más intenso ahora mismo: ruido, cansancio, tarea o emoción. Una microacción posible es: repetir una sola pauta útil.""}",human_curated,0.574,0.316,False,9,4,5,"[""culpabilizar"", ""moralizar""]","[""microacción concreta""]","[""microacciones""]","[""apoyo_general"", ""executive_dysfunction"", ""memoria""]",controlled_crisis_support,a2d87522-c912-486a-80ec-444528053a37,dataset sintético-realista para memoria conversacional,True,2026-03-10T08:00:00,2026-05-18T21:00:00
9f15a99f-2461-4405-8d19-1c13df2e553a,e6ff2d8b-7d4e-44a6-a68f-061e7624dcb5,fd304e88-2c32-41dc-afef-6ddf82fa29e1,routine_request,apoyo_general,executive_dysfunction,focus_clarification,low_or_single,"[""Tourette""]",Estoy contigo. Vamos a ir por una sola acción posible ahora. Una microacción posible es: anotar lo que sí ayudó.,"{""full_text"": ""Estoy contigo. Vamos a ir por una sola acción posible ahora. Una microacción posible es: anotar lo que sí ayudó.""}",system,0.583,0.725,True,5,5,0,"[""culpabilizar"", ""moralizar""]","[""microacción concreta""]","[""anticipación""]","[""apoyo_general"", ""executive_dysfunction"", ""memoria""]",controlled_crisis_support,c5d40282-0f4d-48f2-b5c3-db866d15e165,dataset sintético-realista para memoria conversacional,True,2026-01-27T08:00:00,2026-05-28T21:00:00
ed84ed59-26d2-42e2-8b07-3b063a69acd2,d1f2586a-8e48-43ef-8c0f-1566ae132398,2196c9dd-2113-4fb5-94ab-72bb32b250b2,routine_request,apoyo_general,executive_dysfunction,focus_clarification,triple_or_high_complexity,"[""TOC""]",Parece que este momento está siendo muy demandante. Hagamos esto simple. Una microacción posible es: ajustar una cosa a la vez.,"{""full_text"": ""Parece que este momento está siendo muy demandante. Hagamos esto simple. Una microacción posible es: ajustar una cosa a la vez.""}",human_curated,0.561,0.816,False,2,1,1,"[""culpabilizar"", ""moralizar""]","[""microacción concreta""]","[""anticipación"", ""menos ruido"", ""microacciones""]","[""apoyo_general"", ""executive_dysfunction"", ""memoria""]",controlled_support_generation,194c4d4f-6b15-408e-81bf-a25ad692dfba,dataset sintético-realista para memoria conversacional,True,2026-02-22T08:00:00,2026-05-18T21:00:00
4cb94ffe-179d-496a-ac26-89e88835d7de,0edee50a-8c0f-457b-ba23-4a624349f4a4,2ecb7bf4-5f84-45e4-836f-38359b5d8e3e,urgent_support,apoyo_general,executive_dysfunction,focus_clarification,low_or_single,[],"Antes de seguir, dime qué se ve más intenso ahora mismo: ruido, cansancio, tarea o emoción. Una microacción posible es: anotar lo que sí ayudó.","{""full_text"": ""Antes de seguir, dime qué se ve más intenso ahora mismo: ruido, cansancio, tarea o emoción. Una microacción posible es: anotar lo que sí ayudó.""}",human_curated,0.796,0.508,False,11,7,4,"[""culpabilizar"", ""moralizar""]","[""microacción concreta""]","[""anticipación"", ""validación""]","[""apoyo_general"", ""executive_dysfunction"", ""memoria""]",controlled_crisis_support,3ceb4c6c-aa6d-4532-9e1f-ec6fd3e1b4c0,dataset sintético-realista para memoria conversacional,True,2026-01-18T08:00:00,2026-05-20T21:00:00
ce87257c-a6c6-45a7-b47d-605f1e85ab69,db667ea9-a359-4945-8245-1db2d5ff8c68,db8016d2-e057-429e-8f8c-6b39f49905e4,school_support,apoyo_general,executive_dysfunction,focus_clarification,low_or_single,"[""AACC""]",No necesitas resolverlo todo de golpe. Veamos qué está pesando más. Una microacción posible es: anotar lo que sí ayudó.,"{""full_text"": ""No necesitas resolverlo todo de golpe. Veamos qué está pesando más. Una microacción posible es: anotar lo que sí ayudó.""}",human_curated,0.888,0.925,False,13,5,8,"[""culpabilizar"", ""moralizar""]","[""microacción concreta""]","[""anticipación""]","[""apoyo_general"", ""executive_dysfunction"", ""memoria""]",controlled_support_generation,0e96537a-22f6-4954-8e1f-c269a1aa5d69,dataset sintético-realista para memoria conversacional,True,2026-03-23T08:00:00,2026-05-20T21:00:00
c6bf3aab-2c5f-48fb-a3aa-be3659d691e9,5b4e80aa-994f-4fe8-91db-b442768dc08f,6472b608-cca5-4456-a325-f099b35cd0a8,urgent_support,sueno_regulacion,general_distress,case_learning,double_exceptionality_or_cooccurrence,[],Parece que este momento está siendo muy demandante. Hagamos esto simple. Una microacción posible es: mantener secuencia nocturna breve.,"{""full_text"": ""Parece que este momento está siendo muy demandante. Hagamos esto simple. Una microacción posible es: mantener secuencia nocturna breve.""}",llm_fallback,0.832,0.728,True,15,11,4,"[""culpabilizar"", ""moralizar""]","[""microacción concreta""]","[""menos ruido"", ""validación""]","[""sueno_regulacion"", ""general_distress"", ""memoria""]",controlled_low_demand_support,32e832fe-1fda-4ce3-99aa-f598067ff66a,dataset sintético-realista para memoria conversacional,True,2026-01-25T08:00:00,2026-05-26T21:00:00
300556c5-e6a3-44a8-8b1a-0cca8de20918,ae18da88-c7da-4e72-a331-844ad52c56e0,af8b8294-88fa-4296-82d9-c88402b5a547,general_support,sueno_regulacion,general_distress,case_learning,low_or_single,[],Estoy contigo. Vamos a ir por una sola acción posible ahora. Una microacción posible es: cerrar pantallas antes.,"{""full_text"": ""Estoy contigo. Vamos a ir por una sola acción posible ahora. Una microacción posible es: cerrar pantallas antes.""}",system,0.704,0.812,False,11,9,2,"[""culpabilizar"", ""moralizar""]","[""microacción concreta""]","[""anticipación"", ""validación"", ""menos palabras""]","[""sueno_regulacion"", ""general_distress"", ""memoria""]",controlled_low_demand_support,494626a2-0773-4319-8920-8e0a4c6a06d3,dataset sintético-realista para memoria conversacional,True,2026-03-31T08:00:00,2026-05-17T21:00:00
3aa0570c-4807-412f-a2cc-25f9c22e7c8c,462fdfa5-0fca-405a-b531-f3218704b4b2,b02a0a57-eb17-40ba-814f-34255899243a,general_support,sueno_regulacion,general_distress,case_learning,double_exceptionality_or_cooccurrence,"[""Dislexia""]",No necesitas resolverlo todo de golpe. Veamos qué está pesando más. Una microacción posible es: mantener secuencia nocturna breve.,"{""full_text"": ""No necesitas resolverlo todo de golpe. Veamos qué está pesando más. Una microacción posible es: mantener secuencia nocturna breve.""}",system,0.745,0.335,False,6,6,0,"[""culpabilizar"", ""moralizar""]","[""microacción concreta""]","[""menos ruido""]","[""sueno_regulacion"", ""general_distress"", ""memoria""]",controlled_low_demand_support,51ff51c2-1d13-4913-b058-3eafb63fd180,dataset sintético-realista para memoria conversacional,True,2026-01-27T08:00:00,2026-05-17T21:00:00
2151371a-1063-42d8-92bb-9871beb639f9,b1620450-6abc-4812-a24e-6824cd8822e3,ed9b3593-cac7-4c26-966c-3e0dfc46d8e0,routine_request,sueno_regulacion,general_distress,case_learning,triple_or_high_complexity,[],No necesitas resolverlo todo de golpe. Veamos qué está pesando más. Una microacción posible es: cerrar pantallas antes.,"{""full_text"": ""No necesitas resolverlo todo de golpe. Veamos qué está pesando más. Una microacción posible es: cerrar pantallas antes.""}",human_curated,0.64,0.848,False,8,7,1,"[""culpabilizar"", ""moralizar""]","[""microacción concreta""]","[""menos palabras""]","[""sueno_regulacion"", ""general_distress"", ""memoria""]",controlled_crisis_support,2a5bc5fc-7cab-4ecb-9d6f-5d28680397a1,dataset sintético-realista para memoria conversacional,True,2026-02-09T08:00:00,2026-05-31T21:00:00
9bfdc66b-996a-489e-814b-86a3b8b37bf6,cabd734c-419f-4c8e-ab9a-1b200e593abe,bb64bfd0-2878-4d2c-a172-94d611568f82,general_support,sueno_regulacion,general_distress,case_learning,low_or_single,"[""TEA"", ""Sensibilidad sensorial"", ""Discalculia""]",Estoy contigo. Vamos a ir por una sola acción posible ahora. Una microacción posible es: mantener secuencia nocturna breve.,"{""full_text"": ""Estoy contigo. Vamos a ir por una sola acción posible ahora. Una microacción posible es: mantener secuencia nocturna breve.""}",llm_fallback,0.677,0.725,False,6,2,4,"[""culpabilizar"", ""moralizar""]","[""microacción concreta""]","[""anticipación"", ""validación"", ""microacciones""]","[""sueno_regulacion"", ""general_distress"", ""memoria""]",controlled_low_demand_support,9850475f-04b8-440a-8c50-bdc673c88bd2,dataset sintético-realista para memoria conversacional,True,2026-04-03T08:00:00,2026-05-24T21:00:00
f7061486-a7d5-4cab-9c2e-e699508b4e68,b197a060-ad07-4f9b-a70d-d822f75ac25c,e73582e2-ad23-4a03-a155-39d42014b356,strategy_feedback,apoyo_general,executive_dysfunction,adaptive_intervention,double_exceptionality_or_cooccurrence,"[""Trastorno del sueño"", ""Dislexia"", ""Tourette""]","Antes de seguir, dime qué se ve más intenso ahora mismo: ruido, cansancio, tarea o emoción. Una microacción posible es: repetir una sola pauta útil.","{""full_text"": ""Antes de seguir, dime qué se ve más intenso ahora mismo: ruido, cansancio, tarea o emoción. Una microacción posible es: repetir una sola pauta útil.""}",human_curated,0.861,0.828,True,4,3,1,"[""culpabilizar"", ""moralizar""]","[""microacción concreta""]","[""menos palabras""]","[""apoyo_general"", ""executive_dysfunction"", ""memoria""]",controlled_low_demand_support,6f8837c2-570b-4b3b-ae2b-b24febcf94fe,dataset sintético-realista para memoria conversacional,True,2026-03-07T08:00:00,2026-05-11T21:00:00
e7e0d1ae-4aba-459b-9671-5962de5a724a,25e817db-bebc-4684-95b0-700d4faad8d2,7123f3ef-165d-4915-9764-166a9fdfe202,emotional_venting,apoyo_general,executive_dysfunction,adaptive_intervention,double_exceptionality_or_cooccurrence,"[""Mutismo selectivo"", ""Sensibilidad sensorial""]","Antes de seguir, dime qué se ve más intenso ahora mismo: ruido, cansancio, tarea o emoción. Una microacción posible es: anotar lo que sí ayudó.","{""full_text"": ""Antes de seguir, dime qué se ve más intenso ahora mismo: ruido, cansancio, tarea o emoción. Una microacción posible es: anotar lo que sí ayudó.""}",llm_fallback,0.946,0.839,False,13,7,6,"[""culpabilizar"", ""moralizar""]","[""microacción concreta""]","[""menos ruido""]","[""apoyo_general"", ""executive_dysfunction"", ""memoria""]",controlled_crisis_support,3cca7c29-8143-4d72-8f0b-9e2b768bf426,dataset sintético-realista para memoria conversacional,True,2026-01-16T08:00:00,2026-05-21T21:00:00
a327dd1e-c56c-4a28-800e-379bcbaefa43,6fc2a463-0e65-44c9-9355-acb82f03e7f3,089532d8-883b-418b-93d5-da57fa4842c2,school_support,apoyo_general,executive_dysfunction,adaptive_intervention,triple_or_high_complexity,"[""AACC""]",Estoy contigo. Vamos a ir por una sola acción posible ahora. Una microacción posible es: repetir una sola pauta útil.,"{""full_text"": ""Estoy contigo. Vamos a ir por una sola acción posible ahora. Una microacción posible es: repetir una sola pauta útil.""}",human_curated,0.845,0.785,False,2,1,1,"[""culpabilizar"", ""moralizar""]","[""microacción concreta""]","[""validación"", ""anticipación"", ""menos palabras""]","[""apoyo_general"", ""executive_dysfunction"", ""memoria""]",controlled_crisis_support,6a1f63d0-ea1a-4c62-a427-ff1e9875c24e,dataset sintético-realista para memoria conversacional,True,2026-03-08T08:00:00,2026-05-18T21:00:00
29e06d7d-f7be-4d56-9c4e-c5f5b8fb7190,072ed9fe-c0a3-43b9-b826-b59a6982bb38,1605fc27-e3e9-409d-82ea-a30ee646d5d8,routine_request,apoyo_general,executive_dysfunction,adaptive_intervention,double_exceptionality_or_cooccurrence,"[""Tourette"", ""TEA""]",Parece que este momento está siendo muy demandante. Hagamos esto simple. Una microacción posible es: repetir una sola pauta útil.,"{""full_text"": ""Parece que este momento está siendo muy demandante. Hagamos esto simple. Una microacción posible es: repetir una sola pauta útil.""}",llm_fallback,0.714,0.878,True,4,4,0,"[""culpabilizar"", ""moralizar""]","[""microacción concreta""]","[""anticipación"", ""validación""]","[""apoyo_general"", ""executive_dysfunction"", ""memoria""]",controlled_crisis_support,dcf43ad7-7e52-4827-a047-b94b8876ceec,dataset sintético-realista para memoria conversacional,True,2026-04-16T08:00:00,2026-05-11T21:00:00
713a375b-4903-4dc7-a817-13e59ad743b6,918aede6-5c36-4c37-9848-c1e741078677,f8894c71-8d4f-4e43-80c1-4411a71dfcf7,school_support,apoyo_general,executive_dysfunction,adaptive_intervention,triple_or_high_complexity,"[""TEA"", ""TOC""]",No necesitas resolverlo todo de golpe. Veamos qué está pesando más. Una microacción posible es: repetir una sola pauta útil.,"{""full_text"": ""No necesitas resolverlo todo de golpe. Veamos qué está pesando más. Una microacción posible es: repetir una sola pauta útil.""}",llm_fallback,0.73,0.808,True,17,13,4,"[""culpabilizar"", ""moralizar""]","[""microacción concreta""]","[""validación"", ""microacciones"", ""menos palabras""]","[""apoyo_general"", ""executive_dysfunction"", ""memoria""]",controlled_low_demand_support,3d1cac48-45f9-44b7-a892-52964b7eada9,dataset sintético-realista para memoria conversacional,True,2026-04-02T08:00:00,2026-05-20T21:00:00
f7e7c2e7-a293-4fc9-8de7-919f01e838c9,5c6f1713-177c-49eb-86fd-6c1ac9347741,6fb309e3-bbef-44f3-9fa7-614f386ee1c2,school_support,crisis_activa,meltdown,focus_clarification,low_or_single,"[""TEA"", ""Tourette""]",Parece que este momento está siendo muy demandante. Hagamos esto simple. Una microacción posible es: bajar la voz y retirar una exigencia.,"{""full_text"": ""Parece que este momento está siendo muy demandante. Hagamos esto simple. Una microacción posible es: bajar la voz y retirar una exigencia.""}",human_curated,0.449,0.31,True,4,3,1,"[""culpabilizar"", ""moralizar""]","[""microacción concreta""]","[""microacciones""]","[""crisis_activa"", ""meltdown"", ""memoria""]",controlled_low_demand_support,37c9613d-f55b-4f51-a9ae-d6e33aade314,dataset sintético-realista para memoria conversacional,True,2026-02-11T08:00:00,2026-05-24T21:00:00
58c8a89b-6ecc-40eb-8f4b-0e650f7000db,3fdbb0fc-3d53-47ec-8f28-446fd6cd2d0e,521b34c2-711e-447a-88b1-40d77888c99b,general_support,crisis_activa,meltdown,focus_clarification,low_or_single,"[""TDAH"", ""Mutismo selectivo"", ""Trastorno del sueño""]","Antes de seguir, dime qué se ve más intenso ahora mismo: ruido, cansancio, tarea o emoción. Una microacción posible es: alejar un estímulo intenso.","{""full_text"": ""Antes de seguir, dime qué se ve más intenso ahora mismo: ruido, cansancio, tarea o emoción. Una microacción posible es: alejar un estímulo intenso.""}",human_curated,0.571,0.378,True,12,11,1,"[""culpabilizar"", ""moralizar""]","[""microacción concreta""]","[""menos ruido"", ""microacciones"", ""anticipación""]","[""crisis_activa"", ""meltdown"", ""memoria""]",controlled_crisis_support,4ce8cb0a-9655-455b-aa2f-cd627f93e3ee,dataset sintético-realista para memoria conversacional,True,2026-02-02T08:00:00,2026-05-16T21:00:00
b2a2e3ab-6eb7-4a95-b644-7ff41c7fd784,737e3281-f251-48ff-8371-77841448ee12,d3656810-3d5e-483e-a03f-c8a39ae699fb,strategy_feedback,crisis_activa,meltdown,focus_clarification,double_exceptionality_or_cooccurrence,[],No necesitas resolverlo todo de golpe. Veamos qué está pesando más. Una microacción posible es: priorizar seguridad y pausar preguntas.,"{""full_text"": ""No necesitas resolverlo todo de golpe. Veamos qué está pesando más. Una microacción posible es: priorizar seguridad y pausar preguntas.""}",system,0.797,0.2,False,5,3,2,"[""culpabilizar"", ""moralizar""]","[""microacción concreta""]","[""microacciones""]","[""crisis_activa"", ""meltdown"", ""memoria""]",controlled_support_generation,e70b6add-8917-4ee6-81f6-136141cb9e50,dataset sintético-realista para memoria conversacional,True,2026-02-26T08:00:00,2026-05-17T21:00:00
5cbbbce5-9c73-400b-a60d-330a9f4c04d9,ecc7fd0f-c099-4120-83f8-b48c4d1e8a4e,0380aa17-34c0-4d89-abcf-644fa184d7bc,clarification_request,crisis_activa,meltdown,focus_clarification,triple_or_high_complexity,"[""Sensibilidad sensorial"", ""TEA"", ""Discalculia""]","Antes de seguir, dime qué se ve más intenso ahora mismo: ruido, cansancio, tarea o emoción. Una microacción posible es: priorizar seguridad y pausar preguntas.","{""full_text"": ""Antes de seguir, dime qué se ve más intenso ahora mismo: ruido, cansancio, tarea o emoción. Una microacción posible es: priorizar seguridad y pausar preguntas.""}",human_curated,0.759,0.735,False,10,8,2,"[""culpabilizar"", ""moralizar""]","[""microacción concreta""]","[""menos ruido"", ""menos palabras"", ""validación""]","[""crisis_activa"", ""meltdown"", ""memoria""]",controlled_crisis_support,e384eee7-5dbe-4f8d-96a8-72d9d0f4f56a,dataset sintético-realista para memoria conversacional,True,2026-01-09T08:00:00,2026-05-12T21:00:00
69173a49-4776-4a39-a367-96a837642e8e,ee9766fe-c87e-4ecd-99e7-e21ebb4065ca,80bbf489-aa29-44a1-af15-8dcf6f66f075,urgent_support,crisis_activa,meltdown,focus_clarification,triple_or_high_complexity,"[""TOC""]",No necesitas resolverlo todo de golpe. Veamos qué está pesando más. Una microacción posible es: alejar un estímulo intenso.,"{""full_text"": ""No necesitas resolverlo todo de golpe. Veamos qué está pesando más. Una microacción posible es: alejar un estímulo intenso.""}",system,0.595,0.649,False,17,13,4,"[""culpabilizar"", ""moralizar""]","[""microacción concreta""]","[""microacciones"", ""menos ruido""]","[""crisis_activa"", ""meltdown"", ""memoria""]",controlled_low_demand_support,ebd1c819-c607-44f1-981b-36a6bc76e9d2,dataset sintético-realista para memoria conversacional,True,2026-03-25T08:00:00,2026-05-13T21:00:00
511050e3-d1a4-4dc7-9c53-ea1eea6f44a0,09707de6-1df8-4d29-9a97-7072dc872ed8,83d3a31a-53bd-4cd9-93f1-ba0c5e9dd1ce,strategy_feedback,crisis_activa,meltdown,reception_containment,double_exceptionality_or_cooccurrence,"[""TDAH""]","Antes de seguir, dime qué se ve más intenso ahora mismo: ruido, cansancio, tarea o emoción. Una microacción posible es: bajar la voz y retirar una exigencia.","{""full_text"": ""Antes de seguir, dime qué se ve más intenso ahora mismo: ruido, cansancio, tarea o emoción. Una microacción posible es: bajar la voz y retirar una exigencia.""}",system,0.55,0.677,True,17,16,1,"[""culpabilizar"", ""moralizar""]","[""microacción concreta""]","[""validación"", ""menos palabras"", ""anticipación""]","[""crisis_activa"", ""meltdown"", ""memoria""]",controlled_support_generation,d56b9643-1627-4607-8d7c-778d1a9b26ee,dataset sintético-realista para memoria conversacional,True,2026-04-07T08:00:00,2026-05-27T21:00:00
76bfb6e3-6fb6-4497-8b62-1f87f0807116,e2438e06-0d3b-4c87-aa75-6ebe7d19cf13,412b44c8-c162-4356-8a7e-e52046889169,school_support,crisis_activa,meltdown,reception_containment,double_exceptionality_or_cooccurrence,"[""TDAH"", ""Dispraxia"", ""AACC""]",Estoy contigo. Vamos a ir por una sola acción posible ahora. Una microacción posible es: priorizar seguridad y pausar preguntas.,"{""full_text"": ""Estoy contigo. Vamos a ir por una sola acción posible ahora. Una microacción posible es: priorizar seguridad y pausar preguntas.""}",human_curated,0.637,0.804,True,5,5,0,"[""culpabilizar"", ""moralizar""]","[""microacción concreta""]","[""anticipación"", ""microacciones""]","[""crisis_activa"", ""meltdown"", ""memoria""]",controlled_support_generation,cdd91796-d81b-4821-b694-5b7b57daadee,dataset sintético-realista para memoria conversacional,True,2026-03-24T08:00:00,2026-05-23T21:00:00
2c9a7e27-884f-4f18-9c9f-9ef36b5817a4,42a50aad-ceca-445b-aee9-e0375a8fb49f,c94fe830-7560-4fbf-8269-b58a0071e4ed,urgent_support,crisis_activa,meltdown,reception_containment,low_or_single,[],Estoy contigo. Vamos a ir por una sola acción posible ahora. Una microacción posible es: bajar la voz y retirar una exigencia.,"{""full_text"": ""Estoy contigo. Vamos a ir por una sola acción posible ahora. Una microacción posible es: bajar la voz y retirar una exigencia.""}",system,0.884,0.368,True,2,2,0,"[""culpabilizar"", ""moralizar""]","[""microacción concreta""]","[""validación"", ""menos ruido"", ""menos palabras""]","[""crisis_activa"", ""meltdown"", ""memoria""]",controlled_low_demand_support,e7cba9d8-9ee8-4b7d-bdff-d4a06dc6edce,dataset sintético-realista para memoria conversacional,True,2026-03-07T08:00:00,2026-05-20T21:00:00
a53c28af-0a07-4ea6-b995-28e4a69829a3,3717bc84-1ee6-4e63-97b9-0f0a22be0a3a,6f84939c-0c31-4a2d-9993-0cefd2d2096f,general_support,crisis_activa,meltdown,reception_containment,triple_or_high_complexity,"[""TDAH"", ""Dispraxia"", ""Discalculia""]",No necesitas resolverlo todo de golpe. Veamos qué está pesando más. Una microacción posible es: priorizar seguridad y pausar preguntas.,"{""full_text"": ""No necesitas resolverlo todo de golpe. Veamos qué está pesando más. Una microacción posible es: priorizar seguridad y pausar preguntas.""}",llm_fallback,0.562,0.934,True,5,1,4,"[""culpabilizar"", ""moralizar""]","[""microacción concreta""]","[""validación""]","[""crisis_activa"", ""meltdown"", ""memoria""]",controlled_low_demand_support,b1848ae2-a824-4c1d-a961-5f40a825dfaf,dataset sintético-realista para memoria conversacional,True,2026-01-07T08:00:00,2026-05-11T21:00:00
a379ca83-7c59-4742-954f-093ff249cb38,bd4e14da-8c94-40a5-91ff-905d841a2622,30244cf0-7fe1-4286-99d3-7df00999715e,strategy_feedback,crisis_activa,meltdown,reception_containment,triple_or_high_complexity,"[""Trastorno del sueño"", ""Mutismo selectivo"", ""Discalculia""]",No necesitas resolverlo todo de golpe. Veamos qué está pesando más. Una microacción posible es: bajar la voz y retirar una exigencia.,"{""full_text"": ""No necesitas resolverlo todo de golpe. Veamos qué está pesando más. Una microacción posible es: bajar la voz y retirar una exigencia.""}",system,0.556,0.785,True,13,4,9,"[""culpabilizar"", ""moralizar""]","[""microacción concreta""]","[""microacciones"", ""anticipación"", ""validación""]","[""crisis_activa"", ""meltdown"", ""memoria""]",controlled_support_generation,a5eca446-dc1e-4eb0-896e-e6adc6b6a6ee,dataset sintético-realista para memoria conversacional,True,2026-02-06T08:00:00,2026-05-11T21:00:00
e309ce5a-437a-4833-b7d1-da4cde44378c,9c2a10ba-73ab-498a-bb28-9e2c24174028,604286c4-a04c-44a4-ad7c-128826fc404e,school_support,sueno_regulacion,general_distress,closure_continuity,low_or_single,"[""AACC""]",Estoy contigo. Vamos a ir por una sola acción posible ahora. Una microacción posible es: bajar las luces.,"{""full_text"": ""Estoy contigo. Vamos a ir por una sola acción posible ahora. Una microacción posible es: bajar las luces.""}",human_curated,0.893,0.181,False,18,15,3,"[""culpabilizar"", ""moralizar""]","[""microacción concreta""]","[""menos ruido"", ""anticipación"", ""microacciones""]","[""sueno_regulacion"", ""general_distress"", ""memoria""]",controlled_low_demand_support,ed05fad1-fbcd-444f-98e1-6e06284a7fe8,dataset sintético-realista para memoria conversacional,True,2026-01-30T08:00:00,2026-05-26T21:00:00
9bc1799d-1cf2-479c-835c-138d0b9d46c4,8add0e61-58cf-40ba-855c-44ee8317752a,6cc9feab-6fac-4fa7-985e-8712bdea9211,strategy_feedback,sueno_regulacion,general_distress,closure_continuity,triple_or_high_complexity,"[""Mutismo selectivo"", ""Sensibilidad sensorial""]",Parece que este momento está siendo muy demandante. Hagamos esto simple. Una microacción posible es: mantener secuencia nocturna breve.,"{""full_text"": ""Parece que este momento está siendo muy demandante. Hagamos esto simple. Una microacción posible es: mantener secuencia nocturna breve.""}",human_curated,0.881,0.595,True,8,5,3,"[""culpabilizar"", ""moralizar""]","[""microacción concreta""]","[""validación"", ""menos palabras""]","[""sueno_regulacion"", ""general_distress"", ""memoria""]",controlled_support_generation,51fd70ab-bf76-42cb-b8ba-8c0713342092,dataset sintético-realista para memoria conversacional,True,2026-01-10T08:00:00,2026-05-14T21:00:00
2c287c11-b636-4001-97d6-e5bc53c4c8ee,30eb0096-76ac-42b1-9a94-e49fe94619e0,661a8547-7f7c-462d-a2e6-2b1892b4799d,urgent_support,sueno_regulacion,general_distress,closure_continuity,double_exceptionality_or_cooccurrence,"[""Ansiedad""]",Estoy contigo. Vamos a ir por una sola acción posible ahora. Una microacción posible es: mantener secuencia nocturna breve.,"{""full_text"": ""Estoy contigo. Vamos a ir por una sola acción posible ahora. Una microacción posible es: mantener secuencia nocturna breve.""}",system,0.563,0.675,False,18,16,2,"[""culpabilizar"", ""moralizar""]","[""microacción concreta""]","[""menos palabras"", ""menos ruido""]","[""sueno_regulacion"", ""general_distress"", ""memoria""]",controlled_low_demand_support,a996231d-3d67-441b-bb38-a8636cd5c5dd,dataset sintético-realista para memoria conversacional,True,2026-01-21T08:00:00,2026-05-27T21:00:00
83286086-58a5-4165-9cf2-8436cae25a8f,dea6a23c-20c9-4a58-990f-b32aac6b1169,832dbc18-88d3-4472-a925-1e237f75dc87,routine_request,sueno_regulacion,general_distress,closure_continuity,double_exceptionality_or_cooccurrence,"[""Ansiedad"", ""Tourette"", ""Discalculia""]","Antes de seguir, dime qué se ve más intenso ahora mismo: ruido, cansancio, tarea o emoción. Una microacción posible es: cerrar pantallas antes.","{""full_text"": ""Antes de seguir, dime qué se ve más intenso ahora mismo: ruido, cansancio, tarea o emoción. Una microacción posible es: cerrar pantallas antes.""}",human_curated,0.889,0.797,True,12,5,7,"[""culpabilizar"", ""moralizar""]","[""microacción concreta""]","[""microacciones"", ""menos palabras""]","[""sueno_regulacion"", ""general_distress"", ""memoria""]",controlled_crisis_support,e26506e6-c1a6-411d-bec6-36c88d6b1696,dataset sintético-realista para memoria conversacional,True,2026-02-19T08:00:00,2026-05-20T21:00:00
d6132c53-e409-4dfc-85a5-3be72d9ccc95,225df57f-e239-43f3-84cc-3016892bf288,667a4fba-a2fe-46a7-88ff-653891a6240f,routine_request,sueno_regulacion,general_distress,closure_continuity,low_or_single,"[""Trastorno del sueño"", ""Tourette""]",Parece que este momento está siendo muy demandante. Hagamos esto simple. Una microacción posible es: cerrar pantallas antes.,"{""full_text"": ""Parece que este momento está siendo muy demandante. Hagamos esto simple. Una microacción posible es: cerrar pantallas antes.""}",human_curated,0.828,0.686,False,3,1,2,"[""culpabilizar"", ""moralizar""]","[""microacción concreta""]","[""validación"", ""anticipación"", ""menos ruido""]","[""sueno_regulacion"", ""general_distress"", ""memoria""]",controlled_crisis_support,ec55ae87-3396-4001-968b-77e7872baab1,dataset sintético-realista para memoria conversacional,True,2026-02-03T08:00:00,2026-05-27T21:00:00
c7d3627a-fbb5-4459-b60d-da3549c9b06a,9941a961-1597-4482-85ac-c7f16b94abe7,32dc7604-03d8-4e3d-8f39-551943b58457,clarification_request,sueno_regulacion,sleep_disruption,reception_containment,low_or_single,[],No necesitas resolverlo todo de golpe. Veamos qué está pesando más. Una microacción posible es: bajar las luces.,"{""full_text"": ""No necesitas resolverlo todo de golpe. Veamos qué está pesando más. Una microacción posible es: bajar las luces.""}",human_curated,0.75,0.865,True,8,5,3,"[""culpabilizar"", ""moralizar""]","[""microacción concreta""]","[""menos ruido"", ""anticipación"", ""microacciones""]","[""sueno_regulacion"", ""sleep_disruption"", ""memoria""]",controlled_crisis_support,e88a481c-f32c-4b39-904e-b60c1153d373,dataset sintético-realista para memoria conversacional,True,2026-03-08T08:00:00,2026-05-24T21:00:00
5ae22642-a02f-4571-a96e-6dfeafdf6d82,6f1d6cba-d8bc-4eeb-b463-ce93f3b0d72a,4b4b5768-e503-40a6-a2d0-83ab72e09332,strategy_feedback,sueno_regulacion,sleep_disruption,reception_containment,low_or_single,[],Estoy contigo. Vamos a ir por una sola acción posible ahora. Una microacción posible es: mantener secuencia nocturna breve.,"{""full_text"": ""Estoy contigo. Vamos a ir por una sola acción posible ahora. Una microacción posible es: mantener secuencia nocturna breve.""}",human_curated,0.836,0.808,True,16,8,8,"[""culpabilizar"", ""moralizar""]","[""microacción concreta""]","[""menos palabras"", ""validación""]","[""sueno_regulacion"", ""sleep_disruption"", ""memoria""]",controlled_crisis_support,ed7a4f46-d449-414c-b77d-5fad8b100427,dataset sintético-realista para memoria conversacional,True,2026-01-31T08:00:00,2026-05-23T21:00:00
43ee0e10-7249-4612-9dc8-454f54e2fe33,181f1fef-62b2-4008-ab1a-eda0a4a832b0,1735734b-8a0a-4e52-95a6-1dd94705fe4b,urgent_support,sueno_regulacion,sleep_disruption,reception_containment,triple_or_high_complexity,"[""TDAH"", ""Tourette"", ""Sensibilidad sensorial""]",Parece que este momento está siendo muy demandante. Hagamos esto simple. Una microacción posible es: bajar las luces.,"{""full_text"": ""Parece que este momento está siendo muy demandante. Hagamos esto simple. Una microacción posible es: bajar las luces.""}",system,0.931,0.764,True,4,2,2,"[""culpabilizar"", ""moralizar""]","[""microacción concreta""]","[""microacciones"", ""menos palabras""]","[""sueno_regulacion"", ""sleep_disruption"", ""memoria""]",controlled_crisis_support,a17c2176-0991-4419-adcb-ccc190c3f2b1,dataset sintético-realista para memoria conversacional,True,2026-04-01T08:00:00,2026-05-22T21:00:00
cb8bf597-6673-45fe-8b0d-ea39b9ac8ff7,bb844779-7042-4616-8b3c-d7bd921fbbde,f6bafba5-caae-4adf-a51d-c90de56797f0,emotional_venting,sueno_regulacion,sleep_disruption,reception_containment,triple_or_high_complexity,"[""Tourette""]",No necesitas resolverlo todo de golpe. Veamos qué está pesando más. Una microacción posible es: cerrar pantallas antes.,"{""full_text"": ""No necesitas resolverlo todo de golpe. Veamos qué está pesando más. Una microacción posible es: cerrar pantallas antes.""}",human_curated,0.638,0.894,False,3,3,0,"[""culpabilizar"", ""moralizar""]","[""microacción concreta""]","[""anticipación"", ""menos ruido""]","[""sueno_regulacion"", ""sleep_disruption"", ""memoria""]",controlled_support_generation,d52e63a3-07bf-4549-8feb-512eef78e59e,dataset sintético-realista para memoria conversacional,True,2026-03-17T08:00:00,2026-05-20T21:00:00
2fcbd2bf-c4fe-453e-92e5-0e957b897234,d4f35426-b48c-4ccb-8a6f-ef83a9972bfa,a01c68eb-7f46-449e-855a-a20c619b6078,emotional_venting,sueno_regulacion,sleep_disruption,reception_containment,low_or_single,"[""Mutismo selectivo""]",Parece que este momento está siendo muy demandante. Hagamos esto simple. Una microacción posible es: cerrar pantallas antes.,"{""full_text"": ""Parece que este momento está siendo muy demandante. Hagamos esto simple. Una microacción posible es: cerrar pantallas antes.""}",human_curated,0.62,0.743,True,3,3,0,"[""culpabilizar"", ""moralizar""]","[""microacción concreta""]","[""menos ruido"", ""anticipación""]","[""sueno_regulacion"", ""sleep_disruption"", ""memoria""]",controlled_crisis_support,9796d357-ed45-4710-b920-e2cea1afa299,dataset sintético-realista para memoria conversacional,True,2026-01-16T08:00:00,2026-05-25T21:00:00
bdd35e78-3d3d-41cf-9547-4d32fa144871,866f0766-bcad-4179-a396-4655c028a0dd,188d7075-ea89-4911-bd69-8a3de9e7753a,urgent_support,sueno_regulacion,sleep_disruption,closure_continuity,low_or_single,"[""Trastorno del sueño"", ""Tourette""]","Antes de seguir, dime qué se ve más intenso ahora mismo: ruido, cansancio, tarea o emoción. Una microacción posible es: cerrar pantallas antes.","{""full_text"": ""Antes de seguir, dime qué se ve más intenso ahora mismo: ruido, cansancio, tarea o emoción. Una microacción posible es: cerrar pantallas antes.""}",system,0.427,0.812,True,7,6,1,"[""culpabilizar"", ""moralizar""]","[""microacción concreta""]","[""menos ruido""]","[""sueno_regulacion"", ""sleep_disruption"", ""memoria""]",controlled_crisis_support,f77696cd-b112-4d96-a8a5-3819b4c293d4,dataset sintético-realista para memoria conversacional,True,2026-02-14T08:00:00,2026-05-24T21:00:00
35cca433-ad95-46fa-ae6e-ef2c785c4078,99ecb23c-e421-411a-860e-300081713a9b,5edfb91a-d317-4931-8916-e508391bee7f,strategy_feedback,sueno_regulacion,sleep_disruption,closure_continuity,double_exceptionality_or_cooccurrence,"[""Dispraxia"", ""TEA""]",Parece que este momento está siendo muy demandante. Hagamos esto simple. Una microacción posible es: cerrar pantallas antes.,"{""full_text"": ""Parece que este momento está siendo muy demandante. Hagamos esto simple. Una microacción posible es: cerrar pantallas antes.""}",human_curated,0.846,0.708,False,6,6,0,"[""culpabilizar"", ""moralizar""]","[""microacción concreta""]","[""microacciones"", ""menos palabras"", ""validación""]","[""sueno_regulacion"", ""sleep_disruption"", ""memoria""]",controlled_support_generation,37706010-0de6-4331-bced-6564476590b2,dataset sintético-realista para memoria conversacional,True,2026-02-07T08:00:00,2026-05-26T21:00:00
9b642435-1761-4e99-8b2f-32bc5c24e637,9c2a10ba-73ab-498a-bb28-9e2c24174028,604286c4-a04c-44a4-ad7c-128826fc404e,urgent_support,sueno_regulacion,sleep_disruption,closure_continuity,double_exceptionality_or_cooccurrence,[],Parece que este momento está siendo muy demandante. Hagamos esto simple. Una microacción posible es: bajar las luces.,"{""full_text"": ""Parece que este momento está siendo muy demandante. Hagamos esto simple. Una microacción posible es: bajar las luces.""}",human_curated,0.491,0.81,False,2,1,1,"[""culpabilizar"", ""moralizar""]","[""microacción concreta""]","[""validación"", ""menos palabras"", ""menos ruido""]","[""sueno_regulacion"", ""sleep_disruption"", ""memoria""]",controlled_support_generation,4575e238-0597-4343-90f3-f74bb3f10806,dataset sintético-realista para memoria conversacional,True,2026-04-05T08:00:00,2026-05-16T21:00:00
654aa6f6-06f8-498c-9cb6-135ca058aca4,6516c9f5-9d32-43ef-8fcf-3ce0fffa3472,269d82a3-018c-4c08-a87e-4de2fb3c7094,school_support,sueno_regulacion,sleep_disruption,closure_continuity,double_exceptionality_or_cooccurrence,"[""TEA"", ""Tourette"", ""AACC""]",Estoy contigo. Vamos a ir por una sola acción posible ahora. Una microacción posible es: cerrar pantallas antes.,"{""full_text"": ""Estoy contigo. Vamos a ir por una sola acción posible ahora. Una microacción posible es: cerrar pantallas antes.""}",human_curated,0.496,0.839,True,9,9,0,"[""culpabilizar"", ""moralizar""]","[""microacción concreta""]","[""anticipación""]","[""sueno_regulacion"", ""sleep_disruption"", ""memoria""]",controlled_crisis_support,7a12c344-5a88-4bb1-ab61-e7763262cfb3,dataset sintético-realista para memoria conversacional,True,2026-02-14T08:00:00,2026-05-22T21:00:00
b776651a-2a55-4299-b83e-6d61ef567072,3717bc84-1ee6-4e63-97b9-0f0a22be0a3a,6f84939c-0c31-4a2d-9993-0cefd2d2096f,clarification_request,sueno_regulacion,sleep_disruption,closure_continuity,triple_or_high_complexity,"[""Mutismo selectivo"", ""TEA""]","Antes de seguir, dime qué se ve más intenso ahora mismo: ruido, cansancio, tarea o emoción. Una microacción posible es: bajar las luces.","{""full_text"": ""Antes de seguir, dime qué se ve más intenso ahora mismo: ruido, cansancio, tarea o emoción. Una microacción posible es: bajar las luces.""}",human_curated,0.582,0.557,True,16,7,9,"[""culpabilizar"", ""moralizar""]","[""microacción concreta""]","[""microacciones""]","[""sueno_regulacion"", ""sleep_disruption"", ""memoria""]",controlled_support_generation,a442b565-cabf-4819-b2aa-81f1e42a16ed,dataset sintético-realista para memoria conversacional,True,2026-04-09T08:00:00,2026-05-27T21:00:00
9b9c1d34-30ec-46eb-a9d7-14cb4e2431a5,4c60a0bf-988f-41a7-bcdf-fe5f599c6b6f,ad277f2b-249d-4b05-b999-65f57cc29cda,clarification_request,sueno_regulacion,general_distress,focus_clarification,triple_or_high_complexity,[],Estoy contigo. Vamos a ir por una sola acción posible ahora. Una microacción posible es: cerrar pantallas antes.,"{""full_text"": ""Estoy contigo. Vamos a ir por una sola acción posible ahora. Una microacción posible es: cerrar pantallas antes.""}",system,0.76,0.744,False,15,10,5,"[""culpabilizar"", ""moralizar""]","[""microacción concreta""]","[""menos palabras"", ""validación"", ""menos ruido""]","[""sueno_regulacion"", ""general_distress"", ""memoria""]",controlled_low_demand_support,512aaa42-0dee-41d6-a42d-88940a74fccd,dataset sintético-realista para memoria conversacional,True,2026-02-01T08:00:00,2026-05-26T21:00:00
32cc2ca6-fc0d-40ef-97c3-150ec0c634e8,c44f22b4-63a7-4060-a21b-82e9ac119271,37ac473f-9e51-44db-8023-8b68cef59f35,general_support,sueno_regulacion,general_distress,focus_clarification,low_or_single,"[""Dispraxia"", ""TEA"", ""Trastorno del sueño""]",Estoy contigo. Vamos a ir por una sola acción posible ahora. Una microacción posible es: mantener secuencia nocturna breve.,"{""full_text"": ""Estoy contigo. Vamos a ir por una sola acción posible ahora. Una microacción posible es: mantener secuencia nocturna breve.""}",system,0.721,0.745,True,3,2,1,"[""culpabilizar"", ""moralizar""]","[""microacción concreta""]","[""validación"", ""menos ruido"", ""anticipación""]","[""sueno_regulacion"", ""general_distress"", ""memoria""]",controlled_low_demand_support,9b5fdbc7-f784-4475-8276-c0763218a0ae,dataset sintético-realista para memoria conversacional,True,2026-01-24T08:00:00,2026-05-15T21:00:00
f5dfc356-4d7a-4954-ad51-498b820a4030,4fb78ecd-3f6c-487d-8b97-186ffb11122a,615f956a-c2af-4250-bb0b-5c7754e01ea0,school_support,sueno_regulacion,general_distress,focus_clarification,low_or_single,[],Parece que este momento está siendo muy demandante. Hagamos esto simple. Una microacción posible es: bajar las luces.,"{""full_text"": ""Parece que este momento está siendo muy demandante. Hagamos esto simple. Una microacción posible es: bajar las luces.""}",system,0.811,0.712,True,13,5,8,"[""culpabilizar"", ""moralizar""]","[""microacción concreta""]","[""menos palabras"", ""microacciones""]","[""sueno_regulacion"", ""general_distress"", ""memoria""]",controlled_low_demand_support,58174e39-854e-43c9-acef-0327b60e4bf3,dataset sintético-realista para memoria conversacional,True,2026-03-09T08:00:00,2026-05-23T21:00:00
6e4f5068-be86-43be-987a-b75a64967423,06854ca0-83c9-4eee-adc6-b1a6c9fd8ed2,d2de0ad1-42a5-46cb-b229-879f9a874170,emotional_venting,sueno_regulacion,general_distress,focus_clarification,triple_or_high_complexity,"[""Ansiedad"", ""Discalculia"", ""AACC""]",Estoy contigo. Vamos a ir por una sola acción posible ahora. Una microacción posible es: bajar las luces.,"{""full_text"": ""Estoy contigo. Vamos a ir por una sola acción posible ahora. Una microacción posible es: bajar las luces.""}",human_curated,0.604,0.715,False,15,10,5,"[""culpabilizar"", ""moralizar""]","[""microacción concreta""]","[""validación"", ""anticipación"", ""menos palabras""]","[""sueno_regulacion"", ""general_distress"", ""memoria""]",controlled_low_demand_support,1b405c69-123a-4688-b06e-47dfa932ae71,dataset sintético-realista para memoria conversacional,True,2026-01-20T08:00:00,2026-05-28T21:00:00
cf6cc8b6-c575-472b-8278-8df575cf2a27,8e2aa368-b3e0-4edd-b5be-89e4779573e4,15ccbd91-0e1e-4e1a-9ca2-1790cf8996ed,clarification_request,sueno_regulacion,general_distress,focus_clarification,triple_or_high_complexity,"[""Ansiedad""]","Antes de seguir, dime qué se ve más intenso ahora mismo: ruido, cansancio, tarea o emoción. Una microacción posible es: bajar las luces.","{""full_text"": ""Antes de seguir, dime qué se ve más intenso ahora mismo: ruido, cansancio, tarea o emoción. Una microacción posible es: bajar las luces.""}",llm_fallback,0.841,0.851,True,9,4,5,"[""culpabilizar"", ""moralizar""]","[""microacción concreta""]","[""menos ruido"", ""anticipación""]","[""sueno_regulacion"", ""general_distress"", ""memoria""]",controlled_support_generation,0473aa85-d629-4de7-bed0-450e259064c1,dataset sintético-realista para memoria conversacional,True,2026-02-21T08:00:00,2026-05-31T21:00:00
c278c66e-a715-4038-9af1-7c77d57bfe55,35300a64-f664-4af5-a526-fb055c362e23,af405833-025e-4247-9ee2-92dba1416320,clarification_request,transicion_rigidez,shutdown,closure_continuity,low_or_single,[],No necesitas resolverlo todo de golpe. Veamos qué está pesando más. Una microacción posible es: dar tiempo breve antes de cambiar.,"{""full_text"": ""No necesitas resolverlo todo de golpe. Veamos qué está pesando más. Una microacción posible es: dar tiempo breve antes de cambiar.""}",llm_fallback,0.862,0.593,False,14,10,4,"[""culpabilizar"", ""moralizar""]","[""microacción concreta""]","[""anticipación""]","[""transicion_rigidez"", ""shutdown"", ""memoria""]",controlled_crisis_support,4d54848a-d23f-40e6-bc4f-8ce32b51ec32,dataset sintético-realista para memoria conversacional,True,2026-01-26T08:00:00,2026-05-25T21:00:00
63482747-6450-42ae-a125-889ef9ec90fc,8b6bb981-4061-4c42-a459-18ac98fd8daa,1a184708-9882-42ea-8bf0-5f32d649c7fe,school_support,transicion_rigidez,shutdown,closure_continuity,double_exceptionality_or_cooccurrence,"[""Trastorno del sueño"", ""Discalculia""]",Estoy contigo. Vamos a ir por una sola acción posible ahora. Una microacción posible es: dar tiempo breve antes de cambiar.,"{""full_text"": ""Estoy contigo. Vamos a ir por una sola acción posible ahora. Una microacción posible es: dar tiempo breve antes de cambiar.""}",llm_fallback,0.758,0.741,True,5,1,4,"[""culpabilizar"", ""moralizar""]","[""microacción concreta""]","[""validación"", ""menos palabras"", ""microacciones""]","[""transicion_rigidez"", ""shutdown"", ""memoria""]",controlled_low_demand_support,0f0b74e7-187e-4bd2-a2c2-575a0559331a,dataset sintético-realista para memoria conversacional,True,2026-02-17T08:00:00,2026-05-30T21:00:00
5d568789-6ac6-4b35-8d5a-487bfd7c5784,6516c9f5-9d32-43ef-8fcf-3ce0fffa3472,269d82a3-018c-4c08-a87e-4de2fb3c7094,emotional_venting,transicion_rigidez,shutdown,closure_continuity,triple_or_high_complexity,"[""AACC"", ""Dislexia""]",Estoy contigo. Vamos a ir por una sola acción posible ahora. Una microacción posible es: avisar el cambio con una frase clara.,"{""full_text"": ""Estoy contigo. Vamos a ir por una sola acción posible ahora. Una microacción posible es: avisar el cambio con una frase clara.""}",llm_fallback,0.687,0.912,True,8,8,0,"[""culpabilizar"", ""moralizar""]","[""microacción concreta""]","[""validación""]","[""transicion_rigidez"", ""shutdown"", ""memoria""]",controlled_support_generation,76acab2a-2131-43ca-9f96-c231c65d5491,dataset sintético-realista para memoria conversacional,True,2026-01-06T08:00:00,2026-05-31T21:00:00
ae32a403-9319-4e69-bda6-bcc8bb926f89,b4b23c0f-c117-4cde-a64d-d898142db528,fe1dc6ec-1ea7-42ca-9665-4ebd65e10f52,urgent_support,transicion_rigidez,shutdown,closure_continuity,double_exceptionality_or_cooccurrence,"[""TOC"", ""TDAH"", ""Discalculia""]",Parece que este momento está siendo muy demandante. Hagamos esto simple. Una microacción posible es: mostrar qué sigue.,"{""full_text"": ""Parece que este momento está siendo muy demandante. Hagamos esto simple. Una microacción posible es: mostrar qué sigue.""}",system,0.877,0.935,True,6,3,3,"[""culpabilizar"", ""moralizar""]","[""microacción concreta""]","[""microacciones"", ""anticipación""]","[""transicion_rigidez"", ""shutdown"", ""memoria""]",controlled_low_demand_support,fd159127-f21a-45e5-bc5b-c474b7421ded,dataset sintético-realista para memoria conversacional,True,2026-03-18T08:00:00,2026-05-16T21:00:00
693e777c-7a4b-4cc6-b30c-a11476b7ef94,f53a6c72-72a1-4e13-a11a-481eac48b348,d5b6971f-d9dc-483c-aa58-996616048b32,strategy_feedback,apoyo_general,general_distress,case_learning,double_exceptionality_or_cooccurrence,"[""Dislexia""]",Parece que este momento está siendo muy demandante. Hagamos esto simple. Una microacción posible es: repetir una sola pauta útil.,"{""full_text"": ""Parece que este momento está siendo muy demandante. Hagamos esto simple. Una microacción posible es: repetir una sola pauta útil.""}",llm_fallback,0.942,0.602,True,11,9,2,"[""culpabilizar"", ""moralizar""]","[""microacción concreta""]","[""anticipación""]","[""apoyo_general"", ""general_distress"", ""memoria""]",controlled_low_demand_support,ea7693d7-950c-41a5-ae8e-baafa7d5a7a9,dataset sintético-realista para memoria conversacional,True,2026-04-09T08:00:00,2026-05-11T21:00:00
d9b3591d-6a3e-4941-b860-3316e141f649,19f4dc6f-ef37-4eeb-974c-07d766eac932,943b9aa5-5e5e-4527-ac02-dbe01dd5df45,clarification_request,apoyo_general,general_distress,case_learning,triple_or_high_complexity,[],"Antes de seguir, dime qué se ve más intenso ahora mismo: ruido, cansancio, tarea o emoción. Una microacción posible es: anotar lo que sí ayudó.","{""full_text"": ""Antes de seguir, dime qué se ve más intenso ahora mismo: ruido, cansancio, tarea o emoción. Una microacción posible es: anotar lo que sí ayudó.""}",system,0.472,0.813,False,16,9,7,"[""culpabilizar"", ""moralizar""]","[""microacción concreta""]","[""validación"", ""menos palabras"", ""anticipación""]","[""apoyo_general"", ""general_distress"", ""memoria""]",controlled_low_demand_support,224419a5-08cc-4133-86d3-9b74b9b40146,dataset sintético-realista para memoria conversacional,True,2026-04-08T08:00:00,2026-05-23T21:00:00
8b94d616-902e-4baa-b017-d5c1a1ff9834,f53a6c72-72a1-4e13-a11a-481eac48b348,d5b6971f-d9dc-483c-aa58-996616048b32,routine_request,apoyo_general,general_distress,case_learning,double_exceptionality_or_cooccurrence,"[""Sensibilidad sensorial"", ""Dispraxia"", ""AACC""]",Estoy contigo. Vamos a ir por una sola acción posible ahora. Una microacción posible es: ajustar una cosa a la vez.,"{""full_text"": ""Estoy contigo. Vamos a ir por una sola acción posible ahora. Una microacción posible es: ajustar una cosa a la vez.""}",llm_fallback,0.548,0.912,True,15,14,1,"[""culpabilizar"", ""moralizar""]","[""microacción concreta""]","[""validación"", ""anticipación""]","[""apoyo_general"", ""general_distress"", ""memoria""]",controlled_crisis_support,5b6c352c-53fb-435f-a2b3-e0d7515e1a0e,dataset sintético-realista para memoria conversacional,True,2026-02-21T08:00:00,2026-05-11T21:00:00
58f56329-d095-47eb-808d-e9c5d3c5c0d6,5b4e80aa-994f-4fe8-91db-b442768dc08f,6472b608-cca5-4456-a325-f099b35cd0a8,general_support,apoyo_general,general_distress,case_learning,triple_or_high_complexity,"[""TDAH"", ""Trastorno del sueño""]",Estoy contigo. Vamos a ir por una sola acción posible ahora. Una microacción posible es: anotar lo que sí ayudó.,"{""full_text"": ""Estoy contigo. Vamos a ir por una sola acción posible ahora. Una microacción posible es: anotar lo que sí ayudó.""}",llm_fallback,0.599,0.534,False,5,2,3,"[""culpabilizar"", ""moralizar""]","[""microacción concreta""]","[""menos palabras""]","[""apoyo_general"", ""general_distress"", ""memoria""]",controlled_support_generation,0fab857a-ef8e-433f-ac2a-30558381c757,dataset sintético-realista para memoria conversacional,True,2026-04-15T08:00:00,2026-05-20T21:00:00
3fb4ec63-a918-41bd-8040-6d8906800c47,a7eb8db6-ba83-4260-a5a0-2ddecaf68260,8a4fe204-9c81-4b6c-a6c8-e14ed232c1f5,school_support,apoyo_general,general_distress,case_learning,low_or_single,"[""TOC""]",Parece que este momento está siendo muy demandante. Hagamos esto simple. Una microacción posible es: ajustar una cosa a la vez.,"{""full_text"": ""Parece que este momento está siendo muy demandante. Hagamos esto simple. Una microacción posible es: ajustar una cosa a la vez.""}",system,0.594,0.892,True,14,5,9,"[""culpabilizar"", ""moralizar""]","[""microacción concreta""]","[""microacciones""]","[""apoyo_general"", ""general_distress"", ""memoria""]",controlled_support_generation,ac4a71f8-e679-42df-9f75-d33c034bb41a,dataset sintético-realista para memoria conversacional,True,2026-01-13T08:00:00,2026-05-25T21:00:00
b742b355-293e-4df4-986c-bf4f6970284c,b2b46724-77d7-4b33-98f3-2f3314298b1d,14f9edf8-4dd7-4289-b95d-3803241beb59,strategy_feedback,disfuncion_ejecutiva,executive_dysfunction,closure_continuity,triple_or_high_complexity,"[""Sensibilidad sensorial"", ""Trastorno del sueño"", ""AACC""]",Parece que este momento está siendo muy demandante. Hagamos esto simple. Una microacción posible es: hacer solo el primer paso.,"{""full_text"": ""Parece que este momento está siendo muy demandante. Hagamos esto simple. Una microacción posible es: hacer solo el primer paso.""}",system,0.54,0.527,True,13,9,4,"[""culpabilizar"", ""moralizar""]","[""microacción concreta""]","[""microacciones"", ""anticipación"", ""validación""]","[""disfuncion_ejecutiva"", ""executive_dysfunction"", ""memoria""]",controlled_support_generation,177c7666-ac1f-42b0-97a5-79335571593f,dataset sintético-realista para memoria conversacional,True,2026-03-25T08:00:00,2026-05-24T21:00:00
92ac59eb-6240-42b8-8f19-b40ddccfe0b0,8add0e61-58cf-40ba-855c-44ee8317752a,6cc9feab-6fac-4fa7-985e-8712bdea9211,general_support,disfuncion_ejecutiva,executive_dysfunction,closure_continuity,triple_or_high_complexity,"[""Discalculia""]",Estoy contigo. Vamos a ir por una sola acción posible ahora. Una microacción posible es: hacer solo el primer paso.,"{""full_text"": ""Estoy contigo. Vamos a ir por una sola acción posible ahora. Una microacción posible es: hacer solo el primer paso.""}",llm_fallback,0.713,0.576,False,13,5,8,"[""culpabilizar"", ""moralizar""]","[""microacción concreta""]","[""anticipación""]","[""disfuncion_ejecutiva"", ""executive_dysfunction"", ""memoria""]",controlled_crisis_support,661d687c-71cc-4d30-9a90-b2f95a8d196d,dataset sintético-realista para memoria conversacional,True,2026-01-23T08:00:00,2026-05-12T21:00:00
19749d47-3f85-42bd-a92c-e3752cb20bea,177c312d-c315-4023-8a3b-d95a7eade0a9,4d52863b-4ac5-4933-9475-9535ea8d5f4e,strategy_feedback,disfuncion_ejecutiva,executive_dysfunction,closure_continuity,double_exceptionality_or_cooccurrence,"[""Tourette"", ""AACC"", ""Sensibilidad sensorial""]",Parece que este momento está siendo muy demandante. Hagamos esto simple. Una microacción posible es: mostrar visualmente el inicio.,"{""full_text"": ""Parece que este momento está siendo muy demandante. Hagamos esto simple. Una microacción posible es: mostrar visualmente el inicio.""}",llm_fallback,0.884,0.754,True,9,9,0,"[""culpabilizar"", ""moralizar""]","[""microacción concreta""]","[""menos palabras"", ""microacciones"", ""anticipación""]","[""disfuncion_ejecutiva"", ""executive_dysfunction"", ""memoria""]",controlled_low_demand_support,fe6312d8-22a8-487d-920f-5029d3dcdf4a,dataset sintético-realista para memoria conversacional,True,2026-02-26T08:00:00,2026-05-28T21:00:00
84a116b4-9249-4194-b031-06f17637263a,46dc21de-eac2-4f76-aa5f-ea02c062fc46,05a8edf5-5b33-4d65-994d-f11a0c6a081b,emotional_venting,disfuncion_ejecutiva,executive_dysfunction,closure_continuity,triple_or_high_complexity,"[""Tourette"", ""TOC""]",No necesitas resolverlo todo de golpe. Veamos qué está pesando más. Una microacción posible es: hacer solo el primer paso.,"{""full_text"": ""No necesitas resolverlo todo de golpe. Veamos qué está pesando más. Una microacción posible es: hacer solo el primer paso.""}",llm_fallback,0.761,0.719,True,6,3,3,"[""culpabilizar"", ""moralizar""]","[""microacción concreta""]","[""anticipación"", ""menos ruido"", ""microacciones""]","[""disfuncion_ejecutiva"", ""executive_dysfunction"", ""memoria""]",controlled_low_demand_support,255c77d9-7123-4497-987c-f312697dfdea,dataset sintético-realista para memoria conversacional,True,2026-04-15T08:00:00,2026-05-19T21:00:00
57848e34-21ef-4f9a-a44b-6cca556171a5,e079d960-64db-4402-a817-432db200291d,51ff3be8-703b-4cef-9fbd-b52be5b96ea7,general_support,disfuncion_ejecutiva,executive_dysfunction,closure_continuity,low_or_single,[],"Antes de seguir, dime qué se ve más intenso ahora mismo: ruido, cansancio, tarea o emoción. Una microacción posible es: mostrar visualmente el inicio.","{""full_text"": ""Antes de seguir, dime qué se ve más intenso ahora mismo: ruido, cansancio, tarea o emoción. Una microacción posible es: mostrar visualmente el inicio.""}",human_curated,0.898,0.834,False,6,5,1,"[""culpabilizar"", ""moralizar""]","[""microacción concreta""]","[""microacciones""]","[""disfuncion_ejecutiva"", ""executive_dysfunction"", ""memoria""]",controlled_low_demand_support,5d86829f-881e-4a5b-9422-2ce10ec672b1,dataset sintético-realista para memoria conversacional,True,2026-02-17T08:00:00,2026-05-31T21:00:00
d2ec7ff7-14fb-4876-9d09-395ee5d1534b,a1db19fe-057a-492f-967e-a3937d1427b1,c7062c11-cfe0-40eb-b0a4-620b1d097342,clarification_request,transicion_rigidez,general_distress,focus_clarification,double_exceptionality_or_cooccurrence,"[""Ansiedad""]",No necesitas resolverlo todo de golpe. Veamos qué está pesando más. Una microacción posible es: mostrar qué sigue.,"{""full_text"": ""No necesitas resolverlo todo de golpe. Veamos qué está pesando más. Una microacción posible es: mostrar qué sigue.""}",llm_fallback,0.628,0.845,True,15,8,7,"[""culpabilizar"", ""moralizar""]","[""microacción concreta""]","[""microacciones"", ""validación""]","[""transicion_rigidez"", ""general_distress"", ""memoria""]",controlled_crisis_support,aa0427a2-ca02-4876-8f6c-006486157ad9,dataset sintético-realista para memoria conversacional,True,2026-03-27T08:00:00,2026-05-16T21:00:00
50c79e48-fa10-4a44-83b6-5a654f75784c,8e2df62d-8b5b-4dcc-96af-166c275cbfb9,3b7024b1-4724-4882-a0ba-e883b876fff9,strategy_feedback,transicion_rigidez,general_distress,focus_clarification,double_exceptionality_or_cooccurrence,"[""TOC""]",No necesitas resolverlo todo de golpe. Veamos qué está pesando más. Una microacción posible es: dar tiempo breve antes de cambiar.,"{""full_text"": ""No necesitas resolverlo todo de golpe. Veamos qué está pesando más. Una microacción posible es: dar tiempo breve antes de cambiar.""}",llm_fallback,0.528,0.919,True,2,1,1,"[""culpabilizar"", ""moralizar""]","[""microacción concreta""]","[""menos palabras""]","[""transicion_rigidez"", ""general_distress"", ""memoria""]",controlled_low_demand_support,540511d1-b81e-421b-bea0-2991d9885a35,dataset sintético-realista para memoria conversacional,True,2026-01-24T08:00:00,2026-05-20T21:00:00
065d09f4-da86-4efe-a3c5-1235aa2f1b52,ff591414-24af-483f-9adc-e46e5dabadc2,62c406f6-1666-426d-bdc3-61a6c1bba2ff,emotional_venting,transicion_rigidez,general_distress,focus_clarification,double_exceptionality_or_cooccurrence,"[""TDAH"", ""TOC""]","Antes de seguir, dime qué se ve más intenso ahora mismo: ruido, cansancio, tarea o emoción. Una microacción posible es: mostrar qué sigue.","{""full_text"": ""Antes de seguir, dime qué se ve más intenso ahora mismo: ruido, cansancio, tarea o emoción. Una microacción posible es: mostrar qué sigue.""}",human_curated,0.803,0.924,True,18,14,4,"[""culpabilizar"", ""moralizar""]","[""microacción concreta""]","[""menos palabras"", ""menos ruido""]","[""transicion_rigidez"", ""general_distress"", ""memoria""]",controlled_support_generation,15b32eca-6165-4217-84e2-ea689c95e6f2,dataset sintético-realista para memoria conversacional,True,2026-02-23T08:00:00,2026-05-15T21:00:00
100b1eb1-ed90-4d32-93ec-0a1755d93154,43aac72d-6f79-4194-9aaa-e577a4d51504,e5c4360a-2180-4430-8043-b0154986f0bf,urgent_support,transicion_rigidez,general_distress,focus_clarification,double_exceptionality_or_cooccurrence,"[""TEA"", ""Discalculia"", ""TOC""]","Antes de seguir, dime qué se ve más intenso ahora mismo: ruido, cansancio, tarea o emoción. Una microacción posible es: dar tiempo breve antes de cambiar.","{""full_text"": ""Antes de seguir, dime qué se ve más intenso ahora mismo: ruido, cansancio, tarea o emoción. Una microacción posible es: dar tiempo breve antes de cambiar.""}",llm_fallback,0.896,0.597,False,5,1,4,"[""culpabilizar"", ""moralizar""]","[""microacción concreta""]","[""menos ruido"", ""validación""]","[""transicion_rigidez"", ""general_distress"", ""memoria""]",controlled_low_demand_support,0ae0dc07-38bb-4d1b-9f02-2274077d8059,dataset sintético-realista para memoria conversacional,True,2026-02-27T08:00:00,2026-05-29T21:00:00
b0bff7a3-0e85-48e4-b1b4-c80309ba37e4,9dfa0590-8f77-4595-a67a-efaa62a82698,5dfc99a3-80e6-4b61-a0ae-70966903d650,strategy_feedback,transicion_rigidez,general_distress,focus_clarification,low_or_single,[],Parece que este momento está siendo muy demandante. Hagamos esto simple. Una microacción posible es: mostrar qué sigue.,"{""full_text"": ""Parece que este momento está siendo muy demandante. Hagamos esto simple. Una microacción posible es: mostrar qué sigue.""}",system,0.621,0.914,False,4,2,2,"[""culpabilizar"", ""moralizar""]","[""microacción concreta""]","[""anticipación""]","[""transicion_rigidez"", ""general_distress"", ""memoria""]",controlled_low_demand_support,a38ae1f0-24e7-4e3b-b670-e70dc8fbabd3,dataset sintético-realista para memoria conversacional,True,2026-01-24T08:00:00,2026-05-24T21:00:00
1345a0cb-2549-4e46-ba6e-6bd9f6a87043,9941a961-1597-4482-85ac-c7f16b94abe7,32dc7604-03d8-4e3d-8f39-551943b58457,strategy_feedback,transicion_rigidez,sensory_overload,reception_containment,double_exceptionality_or_cooccurrence,[],Parece que este momento está siendo muy demandante. Hagamos esto simple. Una microacción posible es: avisar el cambio con una frase clara.,"{""full_text"": ""Parece que este momento está siendo muy demandante. Hagamos esto simple. Una microacción posible es: avisar el cambio con una frase clara.""}",system,0.75,0.736,True,7,4,3,"[""culpabilizar"", ""moralizar""]","[""microacción concreta""]","[""menos palabras"", ""anticipación""]","[""transicion_rigidez"", ""sensory_overload"", ""memoria""]",controlled_support_generation,aa269519-afb5-4679-b72d-8e1257db526a,dataset sintético-realista para memoria conversacional,True,2026-03-30T08:00:00,2026-05-21T21:00:00
c14055ca-bda0-493b-8e65-3f5c6dff78b9,8e2aa368-b3e0-4edd-b5be-89e4779573e4,15ccbd91-0e1e-4e1a-9ca2-1790cf8996ed,clarification_request,transicion_rigidez,sensory_overload,reception_containment,double_exceptionality_or_cooccurrence,"[""Discalculia"", ""Dispraxia""]","Antes de seguir, dime qué se ve más intenso ahora mismo: ruido, cansancio, tarea o emoción. Una microacción posible es: dar tiempo breve antes de cambiar.","{""full_text"": ""Antes de seguir, dime qué se ve más intenso ahora mismo: ruido, cansancio, tarea o emoción. Una microacción posible es: dar tiempo breve antes de cambiar.""}",llm_fallback,0.885,0.565,True,17,6,11,"[""culpabilizar"", ""moralizar""]","[""microacción concreta""]","[""anticipación"", ""microacciones""]","[""transicion_rigidez"", ""sensory_overload"", ""memoria""]",controlled_support_generation,64d76e94-7666-4ae4-a070-13692a3a45b7,dataset sintético-realista para memoria conversacional,True,2026-02-07T08:00:00,2026-05-22T21:00:00
dc6446eb-505b-4cd5-95b7-ed1171991d5c,e2438e06-0d3b-4c87-aa75-6ebe7d19cf13,412b44c8-c162-4356-8a7e-e52046889169,emotional_venting,transicion_rigidez,sensory_overload,reception_containment,double_exceptionality_or_cooccurrence,"[""TEA"", ""TDAH"", ""Discalculia""]",No necesitas resolverlo todo de golpe. Veamos qué está pesando más. Una microacción posible es: avisar el cambio con una frase clara.,"{""full_text"": ""No necesitas resolverlo todo de golpe. Veamos qué está pesando más. Una microacción posible es: avisar el cambio con una frase clara.""}",llm_fallback,0.453,0.543,False,17,14,3,"[""culpabilizar"", ""moralizar""]","[""microacción concreta""]","[""menos palabras"", ""anticipación""]","[""transicion_rigidez"", ""sensory_overload"", ""memoria""]",controlled_support_generation,4262ce91-69a6-4067-87c2-807cb896e3e7,dataset sintético-realista para memoria conversacional,True,2026-03-04T08:00:00,2026-05-19T21:00:00
c361b9bf-6d66-4d66-851b-719a70a80001,bd5312f4-3bfe-4881-b458-0c90eddbc8fd,7972f859-1772-40eb-8316-d2faeb5edd70,routine_request,transicion_rigidez,sensory_overload,reception_containment,low_or_single,[],"Antes de seguir, dime qué se ve más intenso ahora mismo: ruido, cansancio, tarea o emoción. Una microacción posible es: mostrar qué sigue.","{""full_text"": ""Antes de seguir, dime qué se ve más intenso ahora mismo: ruido, cansancio, tarea o emoción. Una microacción posible es: mostrar qué sigue.""}",llm_fallback,0.598,0.617,True,3,2,1,"[""culpabilizar"", ""moralizar""]","[""microacción concreta""]","[""menos ruido"", ""menos palabras"", ""microacciones""]","[""transicion_rigidez"", ""sensory_overload"", ""memoria""]",controlled_support_generation,52d5be92-c764-4952-900a-eb75b6cec76a,dataset sintético-realista para memoria conversacional,True,2026-02-04T08:00:00,2026-05-31T21:00:00
3c4338df-98e0-4560-b7cb-75fcf3ea5a11,be696610-6106-4104-86b5-1e60a9b4dd23,a72ad1e2-daa2-4f28-8ae5-82685b91b305,strategy_feedback,apoyo_general,general_distress,closure_continuity,triple_or_high_complexity,"[""TEA""]","Antes de seguir, dime qué se ve más intenso ahora mismo: ruido, cansancio, tarea o emoción. Una microacción posible es: ajustar una cosa a la vez.","{""full_text"": ""Antes de seguir, dime qué se ve más intenso ahora mismo: ruido, cansancio, tarea o emoción. Una microacción posible es: ajustar una cosa a la vez.""}",human_curated,0.672,0.665,True,3,1,2,"[""culpabilizar"", ""moralizar""]","[""microacción concreta""]","[""validación""]","[""apoyo_general"", ""general_distress"", ""memoria""]",controlled_support_generation,79b34189-47c1-4dd4-bdda-d3fe3fa67789,dataset sintético-realista para memoria conversacional,True,2026-01-23T08:00:00,2026-05-17T21:00:00
12240aab-ca67-4343-9796-35856b132f19,87a2467d-c7df-4ecb-a0f1-6da804506fc4,4defc9cb-e166-4455-a9ae-0bcf38b866a7,routine_request,apoyo_general,general_distress,closure_continuity,double_exceptionality_or_cooccurrence,[],No necesitas resolverlo todo de golpe. Veamos qué está pesando más. Una microacción posible es: anotar lo que sí ayudó.,"{""full_text"": ""No necesitas resolverlo todo de golpe. Veamos qué está pesando más. Una microacción posible es: anotar lo que sí ayudó.""}",system,0.754,0.755,False,8,8,0,"[""culpabilizar"", ""moralizar""]","[""microacción concreta""]","[""menos ruido""]","[""apoyo_general"", ""general_distress"", ""memoria""]",controlled_support_generation,c1ea455e-df16-4228-9772-98741213a956,dataset sintético-realista para memoria conversacional,True,2026-03-08T08:00:00,2026-05-24T21:00:00
e0d2c92d-334e-4520-ace9-509639ac91a9,f2409a81-15e6-4ce2-8e78-63f4821f3d57,c9eac66c-3113-42a3-907c-1753b1267ef6,clarification_request,apoyo_general,general_distress,closure_continuity,double_exceptionality_or_cooccurrence,"[""TEA"", ""Ansiedad""]","Antes de seguir, dime qué se ve más intenso ahora mismo: ruido, cansancio, tarea o emoción. Una microacción posible es: repetir una sola pauta útil.","{""full_text"": ""Antes de seguir, dime qué se ve más intenso ahora mismo: ruido, cansancio, tarea o emoción. Una microacción posible es: repetir una sola pauta útil.""}",system,0.462,0.883,False,15,15,0,"[""culpabilizar"", ""moralizar""]","[""microacción concreta""]","[""menos ruido""]","[""apoyo_general"", ""general_distress"", ""memoria""]",controlled_low_demand_support,e2e8f402-bf64-48d2-9e88-3e10ace6a467,dataset sintético-realista para memoria conversacional,True,2026-03-23T08:00:00,2026-05-16T21:00:00
811834ae-7a60-498a-bc18-59375ef10944,90ccd0d6-3e7a-4c76-a73d-cea459a63311,17165b6f-db22-42b7-8245-a62c01e8f413,emotional_venting,apoyo_general,general_distress,closure_continuity,double_exceptionality_or_cooccurrence,[],Parece que este momento está siendo muy demandante. Hagamos esto simple. Una microacción posible es: repetir una sola pauta útil.,"{""full_text"": ""Parece que este momento está siendo muy demandante. Hagamos esto simple. Una microacción posible es: repetir una sola pauta útil.""}",system,0.544,0.84,True,3,1,2,"[""culpabilizar"", ""moralizar""]","[""microacción concreta""]","[""menos palabras""]","[""apoyo_general"", ""general_distress"", ""memoria""]",controlled_low_demand_support,7ad50f3f-63e6-45b5-b9fd-90aa8d6c448f,dataset sintético-realista para memoria conversacional,True,2026-02-02T08:00:00,2026-05-14T21:00:00
f0f15449-00e6-4753-8046-3a26aedbec01,46aa23c8-3d52-46b6-846b-33a5ae6091b8,81b2ec0a-ce1e-433a-a2a1-c8e3150cea03,emotional_venting,apoyo_general,general_distress,closure_continuity,double_exceptionality_or_cooccurrence,"[""AACC"", ""TEA"", ""Ansiedad""]",No necesitas resolverlo todo de golpe. Veamos qué está pesando más. Una microacción posible es: repetir una sola pauta útil.,"{""full_text"": ""No necesitas resolverlo todo de golpe. Veamos qué está pesando más. Una microacción posible es: repetir una sola pauta útil.""}",system,0.581,0.838,False,2,2,0,"[""culpabilizar"", ""moralizar""]","[""microacción concreta""]","[""validación"", ""menos ruido""]","[""apoyo_general"", ""general_distress"", ""memoria""]",controlled_low_demand_support,45c98fa3-cd1c-4b7a-b49f-ea22c924f50a,dataset sintético-realista para memoria conversacional,True,2026-02-10T08:00:00,2026-05-21T21:00:00
c86409d2-ec21-49d0-b483-0c8e5053dc65,e53c06a6-7e9a-47a2-8ec0-f52fb15355c4,c158bad4-ed70-4292-a781-8cc9442f7c41,strategy_feedback,sobrecarga_sensorial,shutdown,closure_continuity,low_or_single,"[""Discalculia"", ""Sensibilidad sensorial"", ""Ansiedad""]",Parece que este momento está siendo muy demandante. Hagamos esto simple. Una microacción posible es: retirar estímulos innecesarios.,"{""full_text"": ""Parece que este momento está siendo muy demandante. Hagamos esto simple. Una microacción posible es: retirar estímulos innecesarios.""}",human_curated,0.729,0.55,False,3,3,0,"[""culpabilizar"", ""moralizar""]","[""microacción concreta""]","[""microacciones"", ""validación""]","[""sobrecarga_sensorial"", ""shutdown"", ""memoria""]",controlled_low_demand_support,16b4135a-25b1-4d72-8227-2193fe58983d,dataset sintético-realista para memoria conversacional,True,2026-03-22T08:00:00,2026-05-24T21:00:00
5e48a58d-5467-4b17-b983-a2cd70b7a4fd,c5a1179e-a492-4240-b4ae-bd69ba8f7037,74631c3f-3508-4bc9-afce-e39cf4a2638b,emotional_venting,sobrecarga_sensorial,shutdown,closure_continuity,triple_or_high_complexity,"[""Mutismo selectivo"", ""AACC""]",Estoy contigo. Vamos a ir por una sola acción posible ahora. Una microacción posible es: retirar estímulos innecesarios.,"{""full_text"": ""Estoy contigo. Vamos a ir por una sola acción posible ahora. Una microacción posible es: retirar estímulos innecesarios.""}",llm_fallback,0.861,0.884,True,16,8,8,"[""culpabilizar"", ""moralizar""]","[""microacción concreta""]","[""menos ruido""]","[""sobrecarga_sensorial"", ""shutdown"", ""memoria""]",controlled_low_demand_support,a148dc4a-f7cd-411f-8ebb-912da63990fd,dataset sintético-realista para memoria conversacional,True,2026-04-07T08:00:00,2026-05-21T21:00:00
eaae02a0-8a85-4a80-902c-463ac2a249c7,02402def-d911-468c-88fa-4a691bbb79d6,144b8108-f23c-4bf5-aab9-27382ba12462,urgent_support,sobrecarga_sensorial,shutdown,closure_continuity,low_or_single,"[""Discalculia"", ""Tourette"", ""Mutismo selectivo""]",Estoy contigo. Vamos a ir por una sola acción posible ahora. Una microacción posible es: bajar ruido o luz por unos minutos.,"{""full_text"": ""Estoy contigo. Vamos a ir por una sola acción posible ahora. Una microacción posible es: bajar ruido o luz por unos minutos.""}",llm_fallback,0.763,0.783,True,8,5,3,"[""culpabilizar"", ""moralizar""]","[""microacción concreta""]","[""anticipación"", ""validación""]","[""sobrecarga_sensorial"", ""shutdown"", ""memoria""]",controlled_crisis_support,a71e519a-ef3d-4d52-bb8f-c38452d402f9,dataset sintético-realista para memoria conversacional,True,2026-02-24T08:00:00,2026-05-11T21:00:00
a687479b-626a-4495-9aff-d3c4b4f196b1,b88ae4ea-cf41-4705-82c1-8b0a5cc90d92,b7961779-2439-490c-82c0-90bca376d4d6,urgent_support,sobrecarga_sensorial,shutdown,closure_continuity,triple_or_high_complexity,"[""TEA"", ""AACC""]",No necesitas resolverlo todo de golpe. Veamos qué está pesando más. Una microacción posible es: bajar ruido o luz por unos minutos.,"{""full_text"": ""No necesitas resolverlo todo de golpe. Veamos qué está pesando más. Una microacción posible es: bajar ruido o luz por unos minutos.""}",system,0.769,0.897,True,11,8,3,"[""culpabilizar"", ""moralizar""]","[""microacción concreta""]","[""menos palabras"", ""microacciones""]","[""sobrecarga_sensorial"", ""shutdown"", ""memoria""]",controlled_low_demand_support,4b33ce0d-8803-41e1-8e08-e92103d9be3a,dataset sintético-realista para memoria conversacional,True,2026-03-22T08:00:00,2026-05-28T21:00:00
4f055ff3-b72e-44d2-8097-70a22e756906,676a059e-b867-4351-802a-2faecd906915,dcf187c5-49ca-4d0a-ae63-41e478202535,strategy_feedback,sobrecarga_sensorial,shutdown,closure_continuity,double_exceptionality_or_cooccurrence,"[""Ansiedad"", ""AACC""]","Antes de seguir, dime qué se ve más intenso ahora mismo: ruido, cansancio, tarea o emoción. Una microacción posible es: dar espacio regulador breve.","{""full_text"": ""Antes de seguir, dime qué se ve más intenso ahora mismo: ruido, cansancio, tarea o emoción. Una microacción posible es: dar espacio regulador breve.""}",human_curated,0.615,0.28,False,7,5,2,"[""culpabilizar"", ""moralizar""]","[""microacción concreta""]","[""menos ruido"", ""microacciones"", ""validación""]","[""sobrecarga_sensorial"", ""shutdown"", ""memoria""]",controlled_low_demand_support,305c5044-2387-47c4-bf7f-812f7ba33e84,dataset sintético-realista para memoria conversacional,True,2026-03-21T08:00:00,2026-05-22T21:00:00
968bb8bb-aebd-4975-a865-e92c50267abb,02402def-d911-468c-88fa-4a691bbb79d6,144b8108-f23c-4bf5-aab9-27382ba12462,school_support,disfuncion_ejecutiva,general_distress,reception_containment,low_or_single,"[""Ansiedad"", ""Mutismo selectivo"", ""TEA""]",No necesitas resolverlo todo de golpe. Veamos qué está pesando más. Una microacción posible es: hacer solo el primer paso.,"{""full_text"": ""No necesitas resolverlo todo de golpe. Veamos qué está pesando más. Una microacción posible es: hacer solo el primer paso.""}",llm_fallback,0.756,0.571,False,4,4,0,"[""culpabilizar"", ""moralizar""]","[""microacción concreta""]","[""menos ruido""]","[""disfuncion_ejecutiva"", ""general_distress"", ""memoria""]",controlled_support_generation,2ac587b7-1ef0-4f97-9540-a82d1ecf7e0f,dataset sintético-realista para memoria conversacional,True,2026-03-10T08:00:00,2026-05-15T21:00:00
71af85ae-ef74-4c95-895b-f3f108c6a789,9941a961-1597-4482-85ac-c7f16b94abe7,32dc7604-03d8-4e3d-8f39-551943b58457,emotional_venting,disfuncion_ejecutiva,general_distress,reception_containment,double_exceptionality_or_cooccurrence,[],"Antes de seguir, dime qué se ve más intenso ahora mismo: ruido, cansancio, tarea o emoción. Una microacción posible es: elegir una tarea mínima.","{""full_text"": ""Antes de seguir, dime qué se ve más intenso ahora mismo: ruido, cansancio, tarea o emoción. Una microacción posible es: elegir una tarea mínima.""}",llm_fallback,0.824,0.666,True,7,7,0,"[""culpabilizar"", ""moralizar""]","[""microacción concreta""]","[""anticipación""]","[""disfuncion_ejecutiva"", ""general_distress"", ""memoria""]",controlled_crisis_support,56d3b190-cd0c-41d2-bf99-5447d12be76d,dataset sintético-realista para memoria conversacional,True,2026-03-22T08:00:00,2026-05-14T21:00:00
647f1cd4-6e89-416e-ab99-034f7931495d,e0b6bdac-0a4d-4c87-afd1-887f4475ad0a,860e2860-b0cf-4b22-9226-a248a3347de8,emotional_venting,disfuncion_ejecutiva,general_distress,reception_containment,double_exceptionality_or_cooccurrence,[],"Antes de seguir, dime qué se ve más intenso ahora mismo: ruido, cansancio, tarea o emoción. Una microacción posible es: mostrar visualmente el inicio.","{""full_text"": ""Antes de seguir, dime qué se ve más intenso ahora mismo: ruido, cansancio, tarea o emoción. Una microacción posible es: mostrar visualmente el inicio.""}",system,0.883,0.291,True,5,2,3,"[""culpabilizar"", ""moralizar""]","[""microacción concreta""]","[""menos ruido"", ""anticipación""]","[""disfuncion_ejecutiva"", ""general_distress"", ""memoria""]",controlled_support_generation,59070deb-309b-460d-9fb4-4e433f5b2054,dataset sintético-realista para memoria conversacional,True,2026-02-14T08:00:00,2026-05-23T21:00:00
17e5bb9a-b6c5-461f-bfd4-9cc0c853e244,f5631582-e54d-4424-8994-06f8685274ed,45a507bc-cc66-49e3-8d2e-f817659c9cb8,school_support,disfuncion_ejecutiva,general_distress,reception_containment,triple_or_high_complexity,"[""Tourette"", ""Dislexia"", ""Trastorno del sueño""]",Parece que este momento está siendo muy demandante. Hagamos esto simple. Una microacción posible es: hacer solo el primer paso.,"{""full_text"": ""Parece que este momento está siendo muy demandante. Hagamos esto simple. Una microacción posible es: hacer solo el primer paso.""}",human_curated,0.449,0.682,True,16,8,8,"[""culpabilizar"", ""moralizar""]","[""microacción concreta""]","[""menos palabras"", ""menos ruido""]","[""disfuncion_ejecutiva"", ""general_distress"", ""memoria""]",controlled_crisis_support,53b450dc-7aaa-47b4-81b4-7c5f882f4498,dataset sintético-realista para memoria conversacional,True,2026-01-19T08:00:00,2026-05-11T21:00:00
af2d5150-aae4-4723-b493-4c5c594eb249,89311746-9149-4040-a2d5-5b1e88984159,9a415c0b-3787-4081-a384-f3d94ec01197,clarification_request,disfuncion_ejecutiva,general_distress,reception_containment,double_exceptionality_or_cooccurrence,"[""Trastorno del sueño""]",No necesitas resolverlo todo de golpe. Veamos qué está pesando más. Una microacción posible es: mostrar visualmente el inicio.,"{""full_text"": ""No necesitas resolverlo todo de golpe. Veamos qué está pesando más. Una microacción posible es: mostrar visualmente el inicio.""}",human_curated,0.603,0.885,False,2,1,1,"[""culpabilizar"", ""moralizar""]","[""microacción concreta""]","[""validación"", ""menos palabras"", ""microacciones""]","[""disfuncion_ejecutiva"", ""general_distress"", ""memoria""]",controlled_crisis_support,bb0a6b67-b72f-4af7-a342-f5b0cad0e4ad,dataset sintético-realista para memoria conversacional,True,2026-04-14T08:00:00,2026-05-31T21:00:00
748caf9e-a5fa-4b00-9017-e7b8f322b93e,64010efc-8274-49b5-81d5-b81ffa68199a,78df1dc7-ae73-47b0-8ba2-a5601d908644,urgent_support,crisis_activa,shutdown,case_learning,low_or_single,[],Estoy contigo. Vamos a ir por una sola acción posible ahora. Una microacción posible es: bajar la voz y retirar una exigencia.,"{""full_text"": ""Estoy contigo. Vamos a ir por una sola acción posible ahora. Una microacción posible es: bajar la voz y retirar una exigencia.""}",llm_fallback,0.629,0.65,False,8,5,3,"[""culpabilizar"", ""moralizar""]","[""microacción concreta""]","[""anticipación"", ""menos palabras""]","[""crisis_activa"", ""shutdown"", ""memoria""]",controlled_support_generation,8e7c4200-d3ff-4445-9411-a1d7a4e92d75,dataset sintético-realista para memoria conversacional,True,2026-03-09T08:00:00,2026-05-14T21:00:00
334f8522-7a1e-4574-942d-0e8c98f9ec63,8eb78eb1-2c51-42fb-8109-782d19d43d14,032dcd07-c73f-450e-b4f5-f05f9c87151c,school_support,crisis_activa,shutdown,case_learning,double_exceptionality_or_cooccurrence,"[""Sensibilidad sensorial"", ""Dispraxia"", ""Ansiedad""]",Parece que este momento está siendo muy demandante. Hagamos esto simple. Una microacción posible es: alejar un estímulo intenso.,"{""full_text"": ""Parece que este momento está siendo muy demandante. Hagamos esto simple. Una microacción posible es: alejar un estímulo intenso.""}",system,0.796,0.84,False,18,7,11,"[""culpabilizar"", ""moralizar""]","[""microacción concreta""]","[""validación""]","[""crisis_activa"", ""shutdown"", ""memoria""]",controlled_low_demand_support,90495352-f1af-49f0-b40a-5025b2098009,dataset sintético-realista para memoria conversacional,True,2026-04-09T08:00:00,2026-05-14T21:00:00
8b603371-a45f-41d0-9aaf-f5c0ef1e88d5,4fb78ecd-3f6c-487d-8b97-186ffb11122a,615f956a-c2af-4250-bb0b-5c7754e01ea0,clarification_request,crisis_activa,shutdown,case_learning,double_exceptionality_or_cooccurrence,"[""Tourette""]",Estoy contigo. Vamos a ir por una sola acción posible ahora. Una microacción posible es: alejar un estímulo intenso.,"{""full_text"": ""Estoy contigo. Vamos a ir por una sola acción posible ahora. Una microacción posible es: alejar un estímulo intenso.""}",system,0.739,0.725,False,3,2,1,"[""culpabilizar"", ""moralizar""]","[""microacción concreta""]","[""microacciones"", ""menos ruido""]","[""crisis_activa"", ""shutdown"", ""memoria""]",controlled_low_demand_support,67978259-5e75-4c7b-a455-24c236765168,dataset sintético-realista para memoria conversacional,True,2026-02-12T08:00:00,2026-05-18T21:00:00
6b274cf9-234d-4e9e-a94b-73738d315835,9dfa0590-8f77-4595-a67a-efaa62a82698,5dfc99a3-80e6-4b61-a0ae-70966903d650,school_support,crisis_activa,shutdown,case_learning,triple_or_high_complexity,[],No necesitas resolverlo todo de golpe. Veamos qué está pesando más. Una microacción posible es: bajar la voz y retirar una exigencia.,"{""full_text"": ""No necesitas resolverlo todo de golpe. Veamos qué está pesando más. Una microacción posible es: bajar la voz y retirar una exigencia.""}",human_curated,0.592,0.904,True,12,10,2,"[""culpabilizar"", ""moralizar""]","[""microacción concreta""]","[""microacciones"", ""menos ruido""]","[""crisis_activa"", ""shutdown"", ""memoria""]",controlled_low_demand_support,b7c66875-e17f-4af6-9cd1-4ba290c9b5ff,dataset sintético-realista para memoria conversacional,True,2026-04-15T08:00:00,2026-05-28T21:00:00
466bed6b-7625-4639-bded-cf35f2187a19,1e078026-5215-4954-9008-8e40fc0623a0,27794c57-be73-49b2-85b9-275438618801,emotional_venting,crisis_activa,shutdown,case_learning,double_exceptionality_or_cooccurrence,"[""Mutismo selectivo"", ""TOC""]",Estoy contigo. Vamos a ir por una sola acción posible ahora. Una microacción posible es: priorizar seguridad y pausar preguntas.,"{""full_text"": ""Estoy contigo. Vamos a ir por una sola acción posible ahora. Una microacción posible es: priorizar seguridad y pausar preguntas.""}",llm_fallback,0.55,0.839,True,18,8,10,"[""culpabilizar"", ""moralizar""]","[""microacción concreta""]","[""menos ruido"", ""anticipación"", ""validación""]","[""crisis_activa"", ""shutdown"", ""memoria""]",controlled_low_demand_support,d89d8ad7-3e35-4f1a-b090-68ebbe77fe3f,dataset sintético-realista para memoria conversacional,True,2026-02-27T08:00:00,2026-05-13T21:00:00
af3f4c35-2997-4f41-b6e9-a103f99b15e8,28b2e675-056e-4641-905e-ff58e87ae9a7,2eeb7b96-d177-4620-abd6-76ca220ef059,school_support,apoyo_general,executive_dysfunction,case_learning,double_exceptionality_or_cooccurrence,"[""Ansiedad""]",No necesitas resolverlo todo de golpe. Veamos qué está pesando más. Una microacción posible es: ajustar una cosa a la vez.,"{""full_text"": ""No necesitas resolverlo todo de golpe. Veamos qué está pesando más. Una microacción posible es: ajustar una cosa a la vez.""}",llm_fallback,0.697,0.741,False,4,3,1,"[""culpabilizar"", ""moralizar""]","[""microacción concreta""]","[""validación"", ""microacciones"", ""anticipación""]","[""apoyo_general"", ""executive_dysfunction"", ""memoria""]",controlled_crisis_support,aa05862d-cf71-4cda-846a-f56ee91eac10,dataset sintético-realista para memoria conversacional,True,2026-02-28T08:00:00,2026-05-12T21:00:00
0d86636b-e5a2-4725-9ad1-aa61ca740a5d,118e117b-54ea-4d19-879b-1254fafb11aa,a7105be4-28ae-4b64-bc17-4b6691b16a29,clarification_request,apoyo_general,executive_dysfunction,case_learning,triple_or_high_complexity,"[""TEA"", ""Discalculia""]","Antes de seguir, dime qué se ve más intenso ahora mismo: ruido, cansancio, tarea o emoción. Una microacción posible es: repetir una sola pauta útil.","{""full_text"": ""Antes de seguir, dime qué se ve más intenso ahora mismo: ruido, cansancio, tarea o emoción. Una microacción posible es: repetir una sola pauta útil.""}",system,0.818,0.666,True,17,16,1,"[""culpabilizar"", ""moralizar""]","[""microacción concreta""]","[""microacciones""]","[""apoyo_general"", ""executive_dysfunction"", ""memoria""]",controlled_support_generation,2c871e57-b3e1-45a5-8d02-07a2dc56c5f4,dataset sintético-realista para memoria conversacional,True,2026-03-19T08:00:00,2026-05-23T21:00:00
261477af-83df-4ef8-92fc-e3fc5b8372d5,fc1cd7da-cf3e-47fc-8d1e-eff3df3eacce,415d7458-8b39-48ae-ac48-a50cb73d23c8,emotional_venting,apoyo_general,executive_dysfunction,case_learning,triple_or_high_complexity,"[""Dislexia"", ""Trastorno del sueño"", ""TEA""]",Parece que este momento está siendo muy demandante. Hagamos esto simple. Una microacción posible es: ajustar una cosa a la vez.,"{""full_text"": ""Parece que este momento está siendo muy demandante. Hagamos esto simple. Una microacción posible es: ajustar una cosa a la vez.""}",llm_fallback,0.468,0.929,False,4,2,2,"[""culpabilizar"", ""moralizar""]","[""microacción concreta""]","[""anticipación"", ""validación"", ""microacciones""]","[""apoyo_general"", ""executive_dysfunction"", ""memoria""]",controlled_low_demand_support,682f91e5-5af0-455f-828d-a7bad287f37e,dataset sintético-realista para memoria conversacional,True,2026-03-17T08:00:00,2026-05-17T21:00:00
31c5007a-562e-4908-b91e-6d38732cc5f4,742340e8-14b4-4dbe-ab50-50293dc7a133,a7ed81ab-cae3-4459-aa48-d966a93486ba,school_support,apoyo_general,executive_dysfunction,case_learning,triple_or_high_complexity,"[""Dislexia""]","Antes de seguir, dime qué se ve más intenso ahora mismo: ruido, cansancio, tarea o emoción. Una microacción posible es: ajustar una cosa a la vez.","{""full_text"": ""Antes de seguir, dime qué se ve más intenso ahora mismo: ruido, cansancio, tarea o emoción. Una microacción posible es: ajustar una cosa a la vez.""}",llm_fallback,0.694,0.501,False,4,4,0,"[""culpabilizar"", ""moralizar""]","[""microacción concreta""]","[""anticipación"", ""validación""]","[""apoyo_general"", ""executive_dysfunction"", ""memoria""]",controlled_crisis_support,3a314641-5e87-4353-8430-21905b55c703,dataset sintético-realista para memoria conversacional,True,2026-03-05T08:00:00,2026-05-31T21:00:00
310b44fc-0016-449d-96ac-7da1ec4f5f1f,a4fdf2be-40ef-4074-977b-551a82a4099c,00f57023-b3a1-4d62-9c9f-21b573e778e0,general_support,apoyo_general,executive_dysfunction,case_learning,low_or_single,"[""Tourette"", ""TOC""]",Estoy contigo. Vamos a ir por una sola acción posible ahora. Una microacción posible es: repetir una sola pauta útil.,"{""full_text"": ""Estoy contigo. Vamos a ir por una sola acción posible ahora. Una microacción posible es: repetir una sola pauta útil.""}",system,0.739,0.801,True,15,8,7,"[""culpabilizar"", ""moralizar""]","[""microacción concreta""]","[""validación"", ""menos ruido""]","[""apoyo_general"", ""executive_dysfunction"", ""memoria""]",controlled_crisis_support,9e8eb869-157f-4b74-af6a-03a0c0a6085a,dataset sintético-realista para memoria conversacional,True,2026-02-19T08:00:00,2026-05-26T21:00:00
f9e748f0-a3d9-4d61-9463-5f45110289c8,c753551a-d6a4-4529-9d7b-46307a535d31,dc406497-06da-46a8-b2d4-25e31be2d79d,emotional_venting,crisis_activa,emotional_dysregulation,adaptive_intervention,triple_or_high_complexity,"[""TEA"", ""Dislexia""]",Parece que este momento está siendo muy demandante. Hagamos esto simple. Una microacción posible es: priorizar seguridad y pausar preguntas.,"{""full_text"": ""Parece que este momento está siendo muy demandante. Hagamos esto simple. Una microacción posible es: priorizar seguridad y pausar preguntas.""}",llm_fallback,0.92,0.755,True,2,2,0,"[""culpabilizar"", ""moralizar""]","[""microacción concreta""]","[""menos palabras"", ""anticipación"", ""menos ruido""]","[""crisis_activa"", ""emotional_dysregulation"", ""memoria""]",controlled_crisis_support,64ee93c3-eefd-4c48-b4f8-806910b1e33b,dataset sintético-realista para memoria conversacional,True,2026-02-10T08:00:00,2026-05-21T21:00:00
e5c97b1c-0fa0-4afe-bafa-008d26811c07,e53c06a6-7e9a-47a2-8ec0-f52fb15355c4,c158bad4-ed70-4292-a781-8cc9442f7c41,urgent_support,crisis_activa,emotional_dysregulation,adaptive_intervention,low_or_single,"[""Dispraxia""]",Parece que este momento está siendo muy demandante. Hagamos esto simple. Una microacción posible es: alejar un estímulo intenso.,"{""full_text"": ""Parece que este momento está siendo muy demandante. Hagamos esto simple. Una microacción posible es: alejar un estímulo intenso.""}",llm_fallback,0.91,0.845,False,15,5,10,"[""culpabilizar"", ""moralizar""]","[""microacción concreta""]","[""menos ruido"", ""menos palabras""]","[""crisis_activa"", ""emotional_dysregulation"", ""memoria""]",controlled_low_demand_support,5d944cc0-f286-49fa-ba0b-4f62611a2b1a,dataset sintético-realista para memoria conversacional,True,2026-01-23T08:00:00,2026-05-20T21:00:00
0d50ba6e-41e6-42de-ae43-05fc3f78c6aa,9a9a09a3-5515-4657-9b0c-fb149bea0cf6,404fb6ad-d2d3-4d63-b05c-3b7675aae2fe,school_support,crisis_activa,emotional_dysregulation,adaptive_intervention,double_exceptionality_or_cooccurrence,"[""Dispraxia"", ""Mutismo selectivo""]","Antes de seguir, dime qué se ve más intenso ahora mismo: ruido, cansancio, tarea o emoción. Una microacción posible es: alejar un estímulo intenso.","{""full_text"": ""Antes de seguir, dime qué se ve más intenso ahora mismo: ruido, cansancio, tarea o emoción. Una microacción posible es: alejar un estímulo intenso.""}",human_curated,0.49,0.526,True,16,14,2,"[""culpabilizar"", ""moralizar""]","[""microacción concreta""]","[""validación""]","[""crisis_activa"", ""emotional_dysregulation"", ""memoria""]",controlled_low_demand_support,88df03d4-72ce-4b35-8f43-a2bf8c03de96,dataset sintético-realista para memoria conversacional,True,2026-04-10T08:00:00,2026-05-22T21:00:00
3192aa7a-52e0-49fd-82b5-0e561f97b513,f456d1d6-d329-4fdd-ad65-6e4c0ff245be,9bc90a2e-c000-4ed9-977e-d10a484bb8d8,clarification_request,crisis_activa,emotional_dysregulation,adaptive_intervention,low_or_single,"[""Sensibilidad sensorial""]",Estoy contigo. Vamos a ir por una sola acción posible ahora. Una microacción posible es: alejar un estímulo intenso.,"{""full_text"": ""Estoy contigo. Vamos a ir por una sola acción posible ahora. Una microacción posible es: alejar un estímulo intenso.""}",human_curated,0.871,0.37,True,12,11,1,"[""culpabilizar"", ""moralizar""]","[""microacción concreta""]","[""menos palabras""]","[""crisis_activa"", ""emotional_dysregulation"", ""memoria""]",controlled_support_generation,a91d9084-8f4f-4d02-b684-ad96e6505842,dataset sintético-realista para memoria conversacional,True,2026-02-03T08:00:00,2026-05-22T21:00:00
05e60b43-05c0-4370-be26-8bd9d2fe7f0e,f02149f5-5b92-42ff-bd36-36371ef9748d,4ef9a153-f413-4797-bb0c-8acc42815338,emotional_venting,crisis_activa,emotional_dysregulation,adaptive_intervention,low_or_single,"[""TDAH"", ""Dispraxia""]","Antes de seguir, dime qué se ve más intenso ahora mismo: ruido, cansancio, tarea o emoción. Una microacción posible es: bajar la voz y retirar una exigencia.","{""full_text"": ""Antes de seguir, dime qué se ve más intenso ahora mismo: ruido, cansancio, tarea o emoción. Una microacción posible es: bajar la voz y retirar una exigencia.""}",system,0.482,0.835,True,17,5,12,"[""culpabilizar"", ""moralizar""]","[""microacción concreta""]","[""microacciones"", ""menos palabras""]","[""crisis_activa"", ""emotional_dysregulation"", ""memoria""]",controlled_support_generation,5f0f4208-6f74-4ac4-a6f1-d7a64cf5c7c6,dataset sintético-realista para memoria conversacional,True,2026-01-11T08:00:00,2026-05-11T21:00:00
9e2c87e6-6160-48d6-89d6-cb04ae8c0933,ef9df874-57d0-4295-828d-edfc008a109c,28d61edc-b031-4f03-a98b-0af3328b2f5e,clarification_request,crisis_activa,meltdown,case_learning,double_exceptionality_or_cooccurrence,"[""Ansiedad""]",Parece que este momento está siendo muy demandante. Hagamos esto simple. Una microacción posible es: bajar la voz y retirar una exigencia.,"{""full_text"": ""Parece que este momento está siendo muy demandante. Hagamos esto simple. Una microacción posible es: bajar la voz y retirar una exigencia.""}",system,0.463,0.896,False,11,10,1,"[""culpabilizar"", ""moralizar""]","[""microacción concreta""]","[""anticipación""]","[""crisis_activa"", ""meltdown"", ""memoria""]",controlled_support_generation,3b924191-bb7e-4ee9-b8fc-776bce27aeee,dataset sintético-realista para memoria conversacional,True,2026-03-07T08:00:00,2026-05-26T21:00:00
84274ddc-2a36-47be-a8db-86c30cafff8a,cabd734c-419f-4c8e-ab9a-1b200e593abe,bb64bfd0-2878-4d2c-a172-94d611568f82,urgent_support,crisis_activa,meltdown,case_learning,double_exceptionality_or_cooccurrence,[],Parece que este momento está siendo muy demandante. Hagamos esto simple. Una microacción posible es: priorizar seguridad y pausar preguntas.,"{""full_text"": ""Parece que este momento está siendo muy demandante. Hagamos esto simple. Una microacción posible es: priorizar seguridad y pausar preguntas.""}",llm_fallback,0.668,0.304,True,17,12,5,"[""culpabilizar"", ""moralizar""]","[""microacción concreta""]","[""menos palabras"", ""microacciones""]","[""crisis_activa"", ""meltdown"", ""memoria""]",controlled_low_demand_support,979cf260-c2a8-4632-8d76-9c633a1fb256,dataset sintético-realista para memoria conversacional,True,2026-01-14T08:00:00,2026-05-16T21:00:00
1c4df021-520b-47db-924e-4578208c7084,15085b3d-a0b8-4ed7-bcbf-7f546373ca07,464050af-55d3-49a9-b028-3f5a84c591d3,general_support,crisis_activa,meltdown,case_learning,low_or_single,"[""TOC"", ""Dislexia""]","Antes de seguir, dime qué se ve más intenso ahora mismo: ruido, cansancio, tarea o emoción. Una microacción posible es: alejar un estímulo intenso.","{""full_text"": ""Antes de seguir, dime qué se ve más intenso ahora mismo: ruido, cansancio, tarea o emoción. Una microacción posible es: alejar un estímulo intenso.""}",llm_fallback,0.445,0.655,True,14,10,4,"[""culpabilizar"", ""moralizar""]","[""microacción concreta""]","[""menos ruido""]","[""crisis_activa"", ""meltdown"", ""memoria""]",controlled_low_demand_support,227272ed-8665-4cd4-b8fe-2462258b6d55,dataset sintético-realista para memoria conversacional,True,2026-04-16T08:00:00,2026-05-20T21:00:00
8587202e-a0db-45d8-8f0a-14bd6a51fc3c,f97643f4-3a3f-4774-87ea-28014bda78e9,ac1a686c-5e3f-4b29-8eb5-492e9fb5fde0,general_support,crisis_activa,meltdown,case_learning,triple_or_high_complexity,"[""Tourette"", ""Sensibilidad sensorial"", ""TEA""]",Parece que este momento está siendo muy demandante. Hagamos esto simple. Una microacción posible es: alejar un estímulo intenso.,"{""full_text"": ""Parece que este momento está siendo muy demandante. Hagamos esto simple. Una microacción posible es: alejar un estímulo intenso.""}",llm_fallback,0.48,0.362,True,3,2,1,"[""culpabilizar"", ""moralizar""]","[""microacción concreta""]","[""menos ruido""]","[""crisis_activa"", ""meltdown"", ""memoria""]",controlled_support_generation,48d0caa7-4c4c-48af-8675-a2f0f424c801,dataset sintético-realista para memoria conversacional,True,2026-03-08T08:00:00,2026-05-20T21:00:00
a6c1af57-cf52-4275-8cee-03b9faaa18d4,8eb78eb1-2c51-42fb-8109-782d19d43d14,032dcd07-c73f-450e-b4f5-f05f9c87151c,emotional_venting,crisis_activa,meltdown,case_learning,low_or_single,"[""Discalculia""]",Estoy contigo. Vamos a ir por una sola acción posible ahora. Una microacción posible es: bajar la voz y retirar una exigencia.,"{""full_text"": ""Estoy contigo. Vamos a ir por una sola acción posible ahora. Una microacción posible es: bajar la voz y retirar una exigencia.""}",human_curated,0.434,0.67,True,18,9,9,"[""culpabilizar"", ""moralizar""]","[""microacción concreta""]","[""menos palabras""]","[""crisis_activa"", ""meltdown"", ""memoria""]",controlled_low_demand_support,d192dabe-82a8-4caf-9f5d-50d7988d6114,dataset sintético-realista para memoria conversacional,True,2026-03-03T08:00:00,2026-05-30T21:00:00
262fd828-283b-4095-8374-4ab837db2c61,29907378-5e9b-4661-b240-f444d1725468,9ef7570a-1509-4672-9045-30877ab4f0a7,routine_request,disfuncion_ejecutiva,executive_dysfunction,adaptive_intervention,double_exceptionality_or_cooccurrence,"[""AACC"", ""TOC"", ""Sensibilidad sensorial""]",Parece que este momento está siendo muy demandante. Hagamos esto simple. Una microacción posible es: mostrar visualmente el inicio.,"{""full_text"": ""Parece que este momento está siendo muy demandante. Hagamos esto simple. Una microacción posible es: mostrar visualmente el inicio.""}",llm_fallback,0.822,0.519,True,3,2,1,"[""culpabilizar"", ""moralizar""]","[""microacción concreta""]","[""anticipación""]","[""disfuncion_ejecutiva"", ""executive_dysfunction"", ""memoria""]",controlled_low_demand_support,3f62ef3c-0cdc-477a-87d9-735f54da00cb,dataset sintético-realista para memoria conversacional,True,2026-04-08T08:00:00,2026-05-14T21:00:00
84c39828-625a-43bc-8fff-edb185de60cb,99ecb23c-e421-411a-860e-300081713a9b,5edfb91a-d317-4931-8916-e508391bee7f,emotional_venting,disfuncion_ejecutiva,executive_dysfunction,adaptive_intervention,double_exceptionality_or_cooccurrence,[],Estoy contigo. Vamos a ir por una sola acción posible ahora. Una microacción posible es: hacer solo el primer paso.,"{""full_text"": ""Estoy contigo. Vamos a ir por una sola acción posible ahora. Una microacción posible es: hacer solo el primer paso.""}",human_curated,0.748,0.62,True,5,4,1,"[""culpabilizar"", ""moralizar""]","[""microacción concreta""]","[""anticipación""]","[""disfuncion_ejecutiva"", ""executive_dysfunction"", ""memoria""]",controlled_low_demand_support,c1c80fd1-6c1c-44c6-8f6f-031f5fd200e4,dataset sintético-realista para memoria conversacional,True,2026-02-08T08:00:00,2026-05-11T21:00:00
a5a22f89-63c7-47c6-ac38-8a86ea267e35,e2d1458a-d75a-4097-87bd-9c03905f769c,1121a47e-b078-4dbd-9da8-9212e3ed675a,school_support,disfuncion_ejecutiva,executive_dysfunction,adaptive_intervention,double_exceptionality_or_cooccurrence,"[""TOC"", ""AACC""]",Parece que este momento está siendo muy demandante. Hagamos esto simple. Una microacción posible es: hacer solo el primer paso.,"{""full_text"": ""Parece que este momento está siendo muy demandante. Hagamos esto simple. Una microacción posible es: hacer solo el primer paso.""}",system,0.851,0.641,True,11,3,8,"[""culpabilizar"", ""moralizar""]","[""microacción concreta""]","[""anticipación"", ""microacciones""]","[""disfuncion_ejecutiva"", ""executive_dysfunction"", ""memoria""]",controlled_support_generation,b4da180e-ed45-46dd-99d6-b7705afa11f9,dataset sintético-realista para memoria conversacional,True,2026-02-23T08:00:00,2026-05-31T21:00:00
f1007668-869f-4191-b871-292ef55ecc8e,390e94d0-786f-432a-8e38-da4fb07644c0,b9dc52d1-95e0-4264-9021-8ea5b9a28787,general_support,disfuncion_ejecutiva,executive_dysfunction,adaptive_intervention,triple_or_high_complexity,"[""Tourette"", ""Trastorno del sueño""]",Estoy contigo. Vamos a ir por una sola acción posible ahora. Una microacción posible es: mostrar visualmente el inicio.,"{""full_text"": ""Estoy contigo. Vamos a ir por una sola acción posible ahora. Una microacción posible es: mostrar visualmente el inicio.""}",human_curated,0.719,0.472,True,6,5,1,"[""culpabilizar"", ""moralizar""]","[""microacción concreta""]","[""microacciones"", ""menos ruido"", ""anticipación""]","[""disfuncion_ejecutiva"", ""executive_dysfunction"", ""memoria""]",controlled_crisis_support,e73a2209-eca5-4f7a-82fa-dcfdc25dbfae,dataset sintético-realista para memoria conversacional,True,2026-03-23T08:00:00,2026-05-27T21:00:00
b0ff6e8f-9128-4846-a6b4-0f1ddcdd21e3,78e2e23c-235a-4286-a712-59a54a77d42f,a5d4bc1d-ec18-4352-bbac-373f7e39e13d,emotional_venting,disfuncion_ejecutiva,executive_dysfunction,adaptive_intervention,low_or_single,"[""Dispraxia"", ""TEA""]",No necesitas resolverlo todo de golpe. Veamos qué está pesando más. Una microacción posible es: elegir una tarea mínima.,"{""full_text"": ""No necesitas resolverlo todo de golpe. Veamos qué está pesando más. Una microacción posible es: elegir una tarea mínima.""}",llm_fallback,0.915,0.822,False,14,14,0,"[""culpabilizar"", ""moralizar""]","[""microacción concreta""]","[""anticipación""]","[""disfuncion_ejecutiva"", ""executive_dysfunction"", ""memoria""]",controlled_low_demand_support,b0a08919-bc2f-4c43-bf30-f8567f295b22,dataset sintético-realista para memoria conversacional,True,2026-03-22T08:00:00,2026-05-29T21:00:00
ba9585a7-d8a7-4e97-ad5e-d10ffb0d7fb6,cabd734c-419f-4c8e-ab9a-1b200e593abe,bb64bfd0-2878-4d2c-a172-94d611568f82,routine_request,sobrecarga_sensorial,shutdown,adaptive_intervention,triple_or_high_complexity,"[""Sensibilidad sensorial"", ""TEA"", ""Dispraxia""]",Parece que este momento está siendo muy demandante. Hagamos esto simple. Una microacción posible es: bajar ruido o luz por unos minutos.,"{""full_text"": ""Parece que este momento está siendo muy demandante. Hagamos esto simple. Una microacción posible es: bajar ruido o luz por unos minutos.""}",system,0.458,0.747,False,3,3,0,"[""culpabilizar"", ""moralizar""]","[""microacción concreta""]","[""menos palabras""]","[""sobrecarga_sensorial"", ""shutdown"", ""memoria""]",controlled_low_demand_support,cb2deaaf-7eb7-40b6-ac98-f7815564a1cd,dataset sintético-realista para memoria conversacional,True,2026-02-16T08:00:00,2026-05-24T21:00:00
7e13c208-9ae6-45f7-be5e-ad6cf7fc6608,ce16f43c-bbb1-46c1-8f26-cdd5f49486b6,f8f108bd-264d-4215-a2da-145de0f557a2,strategy_feedback,sobrecarga_sensorial,shutdown,adaptive_intervention,triple_or_high_complexity,[],Estoy contigo. Vamos a ir por una sola acción posible ahora. Una microacción posible es: dar espacio regulador breve.,"{""full_text"": ""Estoy contigo. Vamos a ir por una sola acción posible ahora. Una microacción posible es: dar espacio regulador breve.""}",human_curated,0.464,0.708,True,18,16,2,"[""culpabilizar"", ""moralizar""]","[""microacción concreta""]","[""anticipación"", ""microacciones""]","[""sobrecarga_sensorial"", ""shutdown"", ""memoria""]",controlled_support_generation,9819d9dc-7ff6-4570-b6ca-e7c6a3c2d816,dataset sintético-realista para memoria conversacional,True,2026-04-07T08:00:00,2026-05-13T21:00:00
f092411f-f3a3-4dc6-adc4-82390e29bd03,efbc102c-0f2d-49c3-ae6b-69ce4444c30f,0cc75037-fb2f-4633-a5e5-5d5e6ce4346f,urgent_support,sobrecarga_sensorial,shutdown,adaptive_intervention,double_exceptionality_or_cooccurrence,"[""Dislexia"", ""Dispraxia"", ""Ansiedad""]",No necesitas resolverlo todo de golpe. Veamos qué está pesando más. Una microacción posible es: dar espacio regulador breve.,"{""full_text"": ""No necesitas resolverlo todo de golpe. Veamos qué está pesando más. Una microacción posible es: dar espacio regulador breve.""}",llm_fallback,0.666,0.795,True,15,15,0,"[""culpabilizar"", ""moralizar""]","[""microacción concreta""]","[""microacciones"", ""validación"", ""menos palabras""]","[""sobrecarga_sensorial"", ""shutdown"", ""memoria""]",controlled_low_demand_support,c42cb51f-9465-4a5b-a129-149b3b122d47,dataset sintético-realista para memoria conversacional,True,2026-03-20T08:00:00,2026-05-29T21:00:00
366736ff-c245-4c5e-872a-a1c0bb51bd49,390e94d0-786f-432a-8e38-da4fb07644c0,b9dc52d1-95e0-4264-9021-8ea5b9a28787,general_support,sobrecarga_sensorial,shutdown,adaptive_intervention,low_or_single,"[""TEA"", ""Tourette"", ""Trastorno del sueño""]","Antes de seguir, dime qué se ve más intenso ahora mismo: ruido, cansancio, tarea o emoción. Una microacción posible es: bajar ruido o luz por unos minutos.","{""full_text"": ""Antes de seguir, dime qué se ve más intenso ahora mismo: ruido, cansancio, tarea o emoción. Una microacción posible es: bajar ruido o luz por unos minutos.""}",llm_fallback,0.708,0.721,True,7,4,3,"[""culpabilizar"", ""moralizar""]","[""microacción concreta""]","[""microacciones"", ""menos ruido""]","[""sobrecarga_sensorial"", ""shutdown"", ""memoria""]",controlled_crisis_support,0b394e14-1bc1-43a9-b9bd-767c60f9ace9,dataset sintético-realista para memoria conversacional,True,2026-03-25T08:00:00,2026-05-31T21:00:00
749e438e-4a2c-43e7-a244-b610f100a6ed,f509a459-0a44-4218-9ae8-2fdcd3fd98be,44e58e0f-8927-4b10-9390-6e1d3b9f1df2,strategy_feedback,sobrecarga_cuidador,general_distress,case_learning,double_exceptionality_or_cooccurrence,"[""TDAH""]",Parece que este momento está siendo muy demandante. Hagamos esto simple. Una microacción posible es: hacer una pausa de un minuto.,"{""full_text"": ""Parece que este momento está siendo muy demandante. Hagamos esto simple. Una microacción posible es: hacer una pausa de un minuto.""}",system,0.724,0.563,False,6,2,4,"[""culpabilizar"", ""moralizar""]","[""microacción concreta""]","[""anticipación"", ""menos ruido""]","[""sobrecarga_cuidador"", ""general_distress"", ""memoria""]",controlled_crisis_support,5a889888-dc9c-4aca-98a0-3daafe11fd95,dataset sintético-realista para memoria conversacional,True,2026-04-15T08:00:00,2026-05-23T21:00:00
da226d4c-7ae4-46d9-80b0-c98997aff631,b88ae4ea-cf41-4705-82c1-8b0a5cc90d92,b7961779-2439-490c-82c0-90bca376d4d6,routine_request,sobrecarga_cuidador,general_distress,case_learning,low_or_single,"[""Trastorno del sueño"", ""Ansiedad"", ""Discalculia""]","Antes de seguir, dime qué se ve más intenso ahora mismo: ruido, cansancio, tarea o emoción. Una microacción posible es: hacer una pausa de un minuto.","{""full_text"": ""Antes de seguir, dime qué se ve más intenso ahora mismo: ruido, cansancio, tarea o emoción. Una microacción posible es: hacer una pausa de un minuto.""}",llm_fallback,0.554,0.802,True,2,1,1,"[""culpabilizar"", ""moralizar""]","[""microacción concreta""]","[""anticipación"", ""menos palabras""]","[""sobrecarga_cuidador"", ""general_distress"", ""memoria""]",controlled_low_demand_support,b970c331-e9be-40da-9edb-9535f5127c36,dataset sintético-realista para memoria conversacional,True,2026-03-29T08:00:00,2026-05-29T21:00:00
07790714-b424-4524-bea5-b78b0e71efc9,866f0766-bcad-4179-a396-4655c028a0dd,188d7075-ea89-4911-bd69-8a3de9e7753a,routine_request,sobrecarga_cuidador,general_distress,case_learning,triple_or_high_complexity,"[""Tourette""]","Antes de seguir, dime qué se ve más intenso ahora mismo: ruido, cansancio, tarea o emoción. Una microacción posible es: bajar autoexigencia por hoy.","{""full_text"": ""Antes de seguir, dime qué se ve más intenso ahora mismo: ruido, cansancio, tarea o emoción. Una microacción posible es: bajar autoexigencia por hoy.""}",system,0.938,0.672,True,14,11,3,"[""culpabilizar"", ""moralizar""]","[""microacción concreta""]","[""menos palabras"", ""anticipación"", ""microacciones""]","[""sobrecarga_cuidador"", ""general_distress"", ""memoria""]",controlled_support_generation,683c79ac-83a7-46bf-b33b-405d805e9620,dataset sintético-realista para memoria conversacional,True,2026-03-13T08:00:00,2026-05-18T21:00:00
a94b92da-2d33-4750-925f-0b70bc050ed5,9ad4f651-17df-46a4-b1fe-3bed4ab1be88,d7537eb4-7689-4cbd-a0a0-236768b71ed5,routine_request,sobrecarga_cuidador,general_distress,case_learning,low_or_single,"[""Tourette"", ""AACC"", ""Ansiedad""]",No necesitas resolverlo todo de golpe. Veamos qué está pesando más. Una microacción posible es: bajar autoexigencia por hoy.,"{""full_text"": ""No necesitas resolverlo todo de golpe. Veamos qué está pesando más. Una microacción posible es: bajar autoexigencia por hoy.""}",human_curated,0.874,0.547,True,2,2,0,"[""culpabilizar"", ""moralizar""]","[""microacción concreta""]","[""menos ruido"", ""validación"", ""menos palabras""]","[""sobrecarga_cuidador"", ""general_distress"", ""memoria""]",controlled_crisis_support,59eeb6f9-88b6-453a-b1a6-8977dbe865dc,dataset sintético-realista para memoria conversacional,True,2026-03-15T08:00:00,2026-05-27T21:00:00
f649335d-4080-4350-8bb1-4cd27bfe2b8b,c44f22b4-63a7-4060-a21b-82e9ac119271,37ac473f-9e51-44db-8023-8b68cef59f35,general_support,sobrecarga_cuidador,general_distress,case_learning,low_or_single,[],Estoy contigo. Vamos a ir por una sola acción posible ahora. Una microacción posible es: hacer una pausa de un minuto.,"{""full_text"": ""Estoy contigo. Vamos a ir por una sola acción posible ahora. Una microacción posible es: hacer una pausa de un minuto.""}",llm_fallback,0.817,0.283,True,6,5,1,"[""culpabilizar"", ""moralizar""]","[""microacción concreta""]","[""menos palabras""]","[""sobrecarga_cuidador"", ""general_distress"", ""memoria""]",controlled_low_demand_support,902ce10e-c4e8-4d49-a6a5-eb7ad2aacb97,dataset sintético-realista para memoria conversacional,True,2026-01-12T08:00:00,2026-05-15T21:00:00
ef4761a6-84e7-494f-9a6c-b6578c145b1c,e2d1458a-d75a-4097-87bd-9c03905f769c,1121a47e-b078-4dbd-9da8-9212e3ed675a,emotional_venting,sobrecarga_sensorial,shutdown,case_learning,triple_or_high_complexity,"[""TDAH"", ""AACC""]","Antes de seguir, dime qué se ve más intenso ahora mismo: ruido, cansancio, tarea o emoción. Una microacción posible es: dar espacio regulador breve.","{""full_text"": ""Antes de seguir, dime qué se ve más intenso ahora mismo: ruido, cansancio, tarea o emoción. Una microacción posible es: dar espacio regulador breve.""}",human_curated,0.751,0.677,False,12,6,6,"[""culpabilizar"", ""moralizar""]","[""microacción concreta""]","[""validación"", ""anticipación"", ""microacciones""]","[""sobrecarga_sensorial"", ""shutdown"", ""memoria""]",controlled_crisis_support,ce0cd7f7-3f7d-44ba-abc6-fc77cac0795e,dataset sintético-realista para memoria conversacional,True,2026-02-02T08:00:00,2026-05-30T21:00:00
fa244d11-622e-4f31-b506-dc8f68aaf554,8a6ff92b-054a-4b3f-b57e-aced6d14bffb,dc13cbcd-62c7-4a2e-9bf2-3327279096d5,strategy_feedback,sobrecarga_sensorial,shutdown,case_learning,double_exceptionality_or_cooccurrence,"[""Mutismo selectivo""]","Antes de seguir, dime qué se ve más intenso ahora mismo: ruido, cansancio, tarea o emoción. Una microacción posible es: retirar estímulos innecesarios.","{""full_text"": ""Antes de seguir, dime qué se ve más intenso ahora mismo: ruido, cansancio, tarea o emoción. Una microacción posible es: retirar estímulos innecesarios.""}",system,0.782,0.259,True,14,9,5,"[""culpabilizar"", ""moralizar""]","[""microacción concreta""]","[""menos ruido""]","[""sobrecarga_sensorial"", ""shutdown"", ""memoria""]",controlled_support_generation,b89c838f-76bd-4ca0-85b2-c1ab21843658,dataset sintético-realista para memoria conversacional,True,2026-03-30T08:00:00,2026-05-14T21:00:00
16f2c92a-766b-4b05-bf23-7f49be38af4f,bbdc6e82-c96f-4323-84cf-ba5468547c07,0634a88f-0343-4fd7-9984-83d976a4c274,urgent_support,sobrecarga_sensorial,shutdown,case_learning,double_exceptionality_or_cooccurrence,[],"Antes de seguir, dime qué se ve más intenso ahora mismo: ruido, cansancio, tarea o emoción. Una microacción posible es: bajar ruido o luz por unos minutos.","{""full_text"": ""Antes de seguir, dime qué se ve más intenso ahora mismo: ruido, cansancio, tarea o emoción. Una microacción posible es: bajar ruido o luz por unos minutos.""}",human_curated,0.738,0.919,False,6,3,3,"[""culpabilizar"", ""moralizar""]","[""microacción concreta""]","[""validación"", ""menos palabras"", ""anticipación""]","[""sobrecarga_sensorial"", ""shutdown"", ""memoria""]",controlled_low_demand_support,2b8f97a8-b755-4553-bf16-d86d6a0d5d53,dataset sintético-realista para memoria conversacional,True,2026-03-08T08:00:00,2026-05-16T21:00:00
0e7f9438-2b81-4728-b3ee-4bea0c55f118,ce8b9bf0-926c-4cc4-94cd-5e9ebfffb088,a7b00e82-25aa-446a-99d3-8f22b65f1a2a,routine_request,sobrecarga_sensorial,shutdown,case_learning,low_or_single,"[""AACC"", ""TEA""]",No necesitas resolverlo todo de golpe. Veamos qué está pesando más. Una microacción posible es: bajar ruido o luz por unos minutos.,"{""full_text"": ""No necesitas resolverlo todo de golpe. Veamos qué está pesando más. Una microacción posible es: bajar ruido o luz por unos minutos.""}",llm_fallback,0.699,0.533,True,3,1,2,"[""culpabilizar"", ""moralizar""]","[""microacción concreta""]","[""menos ruido""]","[""sobrecarga_sensorial"", ""shutdown"", ""memoria""]",controlled_low_demand_support,d10f6b65-f769-4ae0-a0c3-29320cf489e6,dataset sintético-realista para memoria conversacional,True,2026-03-10T08:00:00,2026-05-16T21:00:00
ba62b9d5-003e-4f1c-a3db-f27c7a429380,1ebf5f08-9f01-4a3b-8d4a-f204822391a3,dc94adbe-fc39-4f96-80c3-b7ed90826ba0,school_support,sobrecarga_sensorial,shutdown,case_learning,triple_or_high_complexity,"[""Trastorno del sueño""]",No necesitas resolverlo todo de golpe. Veamos qué está pesando más. Una microacción posible es: dar espacio regulador breve.,"{""full_text"": ""No necesitas resolverlo todo de golpe. Veamos qué está pesando más. Una microacción posible es: dar espacio regulador breve.""}",system,0.606,0.873,True,6,2,4,"[""culpabilizar"", ""moralizar""]","[""microacción concreta""]","[""menos ruido""]","[""sobrecarga_sensorial"", ""shutdown"", ""memoria""]",controlled_crisis_support,31e39bf9-f7da-4957-a172-6bf0e9526a87,dataset sintético-realista para memoria conversacional,True,2026-02-07T08:00:00,2026-05-31T21:00:00
aa1e8fe7-e81a-4dfd-b2c1-fcb510eec119,233606d0-5b54-4710-a599-50e8f6190bea,80f473e9-607a-4bc2-8ccf-542a863032de,school_support,sobrecarga_cuidador,general_distress,closure_continuity,triple_or_high_complexity,"[""Sensibilidad sensorial"", ""Tourette""]","Antes de seguir, dime qué se ve más intenso ahora mismo: ruido, cansancio, tarea o emoción. Una microacción posible es: hacer una pausa de un minuto.","{""full_text"": ""Antes de seguir, dime qué se ve más intenso ahora mismo: ruido, cansancio, tarea o emoción. Una microacción posible es: hacer una pausa de un minuto.""}",system,0.771,0.782,True,6,3,3,"[""culpabilizar"", ""moralizar""]","[""microacción concreta""]","[""validación"", ""anticipación""]","[""sobrecarga_cuidador"", ""general_distress"", ""memoria""]",controlled_low_demand_support,626199a8-4a4b-4759-8aeb-bade6df27c66,dataset sintético-realista para memoria conversacional,True,2026-03-14T08:00:00,2026-05-21T21:00:00
e4b9310b-2be0-47c4-9597-97cbba8801e1,42a50aad-ceca-445b-aee9-e0375a8fb49f,c94fe830-7560-4fbf-8269-b58a0071e4ed,clarification_request,sobrecarga_cuidador,general_distress,closure_continuity,low_or_single,"[""Tourette"", ""Discalculia"", ""Mutismo selectivo""]",No necesitas resolverlo todo de golpe. Veamos qué está pesando más. Una microacción posible es: hacer una pausa de un minuto.,"{""full_text"": ""No necesitas resolverlo todo de golpe. Veamos qué está pesando más. Una microacción posible es: hacer una pausa de un minuto.""}",system,0.526,0.531,False,17,9,8,"[""culpabilizar"", ""moralizar""]","[""microacción concreta""]","[""validación"", ""menos palabras""]","[""sobrecarga_cuidador"", ""general_distress"", ""memoria""]",controlled_support_generation,94ae0e1f-4ce2-48a0-ad01-6fbace5a9a2b,dataset sintético-realista para memoria conversacional,True,2026-02-21T08:00:00,2026-05-24T21:00:00
64dc0ace-870d-4bb0-bdf1-6205d9910f05,29907378-5e9b-4661-b240-f444d1725468,9ef7570a-1509-4672-9045-30877ab4f0a7,strategy_feedback,sobrecarga_cuidador,general_distress,closure_continuity,triple_or_high_complexity,"[""TDAH""]",Parece que este momento está siendo muy demandante. Hagamos esto simple. Una microacción posible es: quedarte con una sola prioridad.,"{""full_text"": ""Parece que este momento está siendo muy demandante. Hagamos esto simple. Una microacción posible es: quedarte con una sola prioridad.""}",llm_fallback,0.593,0.479,True,7,6,1,"[""culpabilizar"", ""moralizar""]","[""microacción concreta""]","[""microacciones"", ""menos palabras""]","[""sobrecarga_cuidador"", ""general_distress"", ""memoria""]",controlled_low_demand_support,66bbface-4cb1-4238-b183-8f70abb1a9e9,dataset sintético-realista para memoria conversacional,True,2026-01-11T08:00:00,2026-05-20T21:00:00
4a3709c6-49a0-446e-ad67-a5b2f8155ea5,d90744ce-8978-418d-889d-31e4cdd05fb4,0b2d6f23-271e-4476-9bfc-357b3f168ab1,routine_request,sobrecarga_cuidador,general_distress,closure_continuity,low_or_single,"[""TDAH""]","Antes de seguir, dime qué se ve más intenso ahora mismo: ruido, cansancio, tarea o emoción. Una microacción posible es: quedarte con una sola prioridad.","{""full_text"": ""Antes de seguir, dime qué se ve más intenso ahora mismo: ruido, cansancio, tarea o emoción. Una microacción posible es: quedarte con una sola prioridad.""}",human_curated,0.752,0.505,True,6,2,4,"[""culpabilizar"", ""moralizar""]","[""microacción concreta""]","[""menos palabras"", ""microacciones"", ""menos ruido""]","[""sobrecarga_cuidador"", ""general_distress"", ""memoria""]",controlled_support_generation,55ee9d4f-fa75-489c-b29d-f47da7e019ca,dataset sintético-realista para memoria conversacional,True,2026-03-05T08:00:00,2026-05-27T21:00:00
4ca94fc0-76aa-4a21-9239-504c8cb9efa7,a1db19fe-057a-492f-967e-a3937d1427b1,c7062c11-cfe0-40eb-b0a4-620b1d097342,school_support,sobrecarga_cuidador,general_distress,closure_continuity,low_or_single,[],Parece que este momento está siendo muy demandante. Hagamos esto simple. Una microacción posible es: hacer una pausa de un minuto.,"{""full_text"": ""Parece que este momento está siendo muy demandante. Hagamos esto simple. Una microacción posible es: hacer una pausa de un minuto.""}",llm_fallback,0.65,0.795,True,4,4,0,"[""culpabilizar"", ""moralizar""]","[""microacción concreta""]","[""menos ruido"", ""microacciones""]","[""sobrecarga_cuidador"", ""general_distress"", ""memoria""]",controlled_crisis_support,afab079b-1fbf-41ba-ac02-b1544b81be9c,dataset sintético-realista para memoria conversacional,True,2026-03-24T08:00:00,2026-05-21T21:00:00
70d22ce2-c05c-4264-acf6-a832a8e28a18,5fcdb233-94a0-4056-85dd-484fb989fa79,dd9b6398-bf04-4967-87ca-635dcaf72460,general_support,crisis_activa,shutdown,adaptive_intervention,triple_or_high_complexity,[],"Antes de seguir, dime qué se ve más intenso ahora mismo: ruido, cansancio, tarea o emoción. Una microacción posible es: priorizar seguridad y pausar preguntas.","{""full_text"": ""Antes de seguir, dime qué se ve más intenso ahora mismo: ruido, cansancio, tarea o emoción. Una microacción posible es: priorizar seguridad y pausar preguntas.""}",system,0.602,0.864,True,18,13,5,"[""culpabilizar"", ""moralizar""]","[""microacción concreta""]","[""menos ruido""]","[""crisis_activa"", ""shutdown"", ""memoria""]",controlled_support_generation,ff011c61-9083-41c8-9a43-7354585acbcf,dataset sintético-realista para memoria conversacional,True,2026-02-11T08:00:00,2026-05-20T21:00:00
631e3f7a-4fab-4af7-817c-5f88e5747f6c,7096656a-0e08-4f7a-bc9c-37736af8e1c0,002dfe29-c5ba-4250-971d-557593e6af61,strategy_feedback,crisis_activa,shutdown,adaptive_intervention,double_exceptionality_or_cooccurrence,[],Estoy contigo. Vamos a ir por una sola acción posible ahora. Una microacción posible es: bajar la voz y retirar una exigencia.,"{""full_text"": ""Estoy contigo. Vamos a ir por una sola acción posible ahora. Una microacción posible es: bajar la voz y retirar una exigencia.""}",human_curated,0.454,0.867,False,18,17,1,"[""culpabilizar"", ""moralizar""]","[""microacción concreta""]","[""menos palabras""]","[""crisis_activa"", ""shutdown"", ""memoria""]",controlled_low_demand_support,1078eab0-04ce-460e-b7a7-31cae3444f21,dataset sintético-realista para memoria conversacional,True,2026-03-17T08:00:00,2026-05-14T21:00:00
fad25b7a-2f60-401b-842c-43b8566277fe,a728d7d8-5d90-4164-a8ef-75ad64528216,9c58f5c0-2dce-48b1-8986-8aca6671139d,general_support,crisis_activa,shutdown,adaptive_intervention,low_or_single,"[""Trastorno del sueño"", ""Dislexia""]",No necesitas resolverlo todo de golpe. Veamos qué está pesando más. Una microacción posible es: alejar un estímulo intenso.,"{""full_text"": ""No necesitas resolverlo todo de golpe. Veamos qué está pesando más. Una microacción posible es: alejar un estímulo intenso.""}",llm_fallback,0.492,0.75,True,2,2,0,"[""culpabilizar"", ""moralizar""]","[""microacción concreta""]","[""menos palabras"", ""microacciones"", ""validación""]","[""crisis_activa"", ""shutdown"", ""memoria""]",controlled_crisis_support,821ba792-d96c-4cf3-99c4-04889db020d3,dataset sintético-realista para memoria conversacional,True,2026-03-30T08:00:00,2026-05-16T21:00:00
dc0a1bbd-0013-422c-bc4c-7b8ea80fac27,4af5fd77-157f-484a-9fab-fe262b72bd43,00916892-3bb7-4e8e-8cd2-81f4079e5e03,emotional_venting,crisis_activa,shutdown,adaptive_intervention,triple_or_high_complexity,"[""Tourette"", ""TOC"", ""Mutismo selectivo""]","Antes de seguir, dime qué se ve más intenso ahora mismo: ruido, cansancio, tarea o emoción. Una microacción posible es: bajar la voz y retirar una exigencia.","{""full_text"": ""Antes de seguir, dime qué se ve más intenso ahora mismo: ruido, cansancio, tarea o emoción. Una microacción posible es: bajar la voz y retirar una exigencia.""}",system,0.705,0.933,True,18,13,5,"[""culpabilizar"", ""moralizar""]","[""microacción concreta""]","[""menos palabras"", ""anticipación"", ""microacciones""]","[""crisis_activa"", ""shutdown"", ""memoria""]",controlled_support_generation,da039ec7-70b1-482e-b3f3-a68c3f2e7e5f,dataset sintético-realista para memoria conversacional,True,2026-04-06T08:00:00,2026-05-31T21:00:00
91891c01-36d0-49b8-8699-86bd511bf829,1a8cc57a-55e6-4184-ac1e-28c42eb70aab,2eb6c38e-fd93-4cb3-9c85-aacb9485f4ad,urgent_support,crisis_activa,shutdown,adaptive_intervention,low_or_single,"[""Dislexia"", ""Sensibilidad sensorial""]",Parece que este momento está siendo muy demandante. Hagamos esto simple. Una microacción posible es: bajar la voz y retirar una exigencia.,"{""full_text"": ""Parece que este momento está siendo muy demandante. Hagamos esto simple. Una microacción posible es: bajar la voz y retirar una exigencia.""}",system,0.803,0.28,False,12,12,0,"[""culpabilizar"", ""moralizar""]","[""microacción concreta""]","[""microacciones""]","[""crisis_activa"", ""shutdown"", ""memoria""]",controlled_low_demand_support,4e8da2f5-dc2f-42bf-8cda-439d69dc7b3d,dataset sintético-realista para memoria conversacional,True,2026-02-23T08:00:00,2026-05-16T21:00:00
4c009f96-c755-4b58-82c5-9268aa11fd31,8e2df62d-8b5b-4dcc-96af-166c275cbfb9,3b7024b1-4724-4882-a0ba-e883b876fff9,emotional_venting,apoyo_general,executive_dysfunction,closure_continuity,double_exceptionality_or_cooccurrence,"[""Mutismo selectivo""]","Antes de seguir, dime qué se ve más intenso ahora mismo: ruido, cansancio, tarea o emoción. Una microacción posible es: anotar lo que sí ayudó.","{""full_text"": ""Antes de seguir, dime qué se ve más intenso ahora mismo: ruido, cansancio, tarea o emoción. Una microacción posible es: anotar lo que sí ayudó.""}",human_curated,0.59,0.319,False,5,2,3,"[""culpabilizar"", ""moralizar""]","[""microacción concreta""]","[""anticipación"", ""microacciones"", ""menos ruido""]","[""apoyo_general"", ""executive_dysfunction"", ""memoria""]",controlled_low_demand_support,1e45df3b-2fa8-4250-91e8-6e7901631aba,dataset sintético-realista para memoria conversacional,True,2026-04-04T08:00:00,2026-05-24T21:00:00
7d9e02eb-98cf-4207-8d41-dc99990653ae,4aea8578-f11f-4cda-befa-c49409b9e347,531cf2cb-7ee1-48e4-9f79-fbebdcc77f1c,school_support,apoyo_general,executive_dysfunction,closure_continuity,triple_or_high_complexity,[],Estoy contigo. Vamos a ir por una sola acción posible ahora. Una microacción posible es: repetir una sola pauta útil.,"{""full_text"": ""Estoy contigo. Vamos a ir por una sola acción posible ahora. Una microacción posible es: repetir una sola pauta útil.""}",llm_fallback,0.758,0.846,True,13,9,4,"[""culpabilizar"", ""moralizar""]","[""microacción concreta""]","[""validación"", ""microacciones""]","[""apoyo_general"", ""executive_dysfunction"", ""memoria""]",controlled_low_demand_support,00c53324-e3a8-420c-9f1d-9008c31f4946,dataset sintético-realista para memoria conversacional,True,2026-04-10T08:00:00,2026-05-20T21:00:00
48459ef2-f0c1-427b-92eb-6127690019ff,2f0831f7-46b8-4d1d-94bb-ff66ae4b2391,b068fe13-f108-4132-9030-3edfae53af6c,urgent_support,apoyo_general,executive_dysfunction,closure_continuity,triple_or_high_complexity,"[""Sensibilidad sensorial"", ""Tourette""]",Estoy contigo. Vamos a ir por una sola acción posible ahora. Una microacción posible es: anotar lo que sí ayudó.,"{""full_text"": ""Estoy contigo. Vamos a ir por una sola acción posible ahora. Una microacción posible es: anotar lo que sí ayudó.""}",human_curated,0.446,0.797,True,17,8,9,"[""culpabilizar"", ""moralizar""]","[""microacción concreta""]","[""menos ruido""]","[""apoyo_general"", ""executive_dysfunction"", ""memoria""]",controlled_crisis_support,dfbfa8ea-1aea-4d27-b968-9e9f3925a1a1,dataset sintético-realista para memoria conversacional,True,2026-01-07T08:00:00,2026-05-25T21:00:00
9bc93e26-93ee-4362-af02-ed5487c06ad5,4d08d1e4-a307-4f86-9199-308886924505,d0ab50d0-03b3-4fd9-ac7b-dbf3ce482d4c,routine_request,apoyo_general,executive_dysfunction,closure_continuity,double_exceptionality_or_cooccurrence,[],Estoy contigo. Vamos a ir por una sola acción posible ahora. Una microacción posible es: ajustar una cosa a la vez.,"{""full_text"": ""Estoy contigo. Vamos a ir por una sola acción posible ahora. Una microacción posible es: ajustar una cosa a la vez.""}",system,0.553,0.673,False,14,12,2,"[""culpabilizar"", ""moralizar""]","[""microacción concreta""]","[""validación""]","[""apoyo_general"", ""executive_dysfunction"", ""memoria""]",controlled_support_generation,b9816ef6-5f31-4372-83a9-c7ed7fffb76b,dataset sintético-realista para memoria conversacional,True,2026-01-21T08:00:00,2026-05-13T21:00:00
b8598019-5ff9-4080-83f9-4fc9768efd72,4c60a0bf-988f-41a7-bcdf-fe5f599c6b6f,ad277f2b-249d-4b05-b999-65f57cc29cda,clarification_request,apoyo_general,executive_dysfunction,closure_continuity,triple_or_high_complexity,[],Parece que este momento está siendo muy demandante. Hagamos esto simple. Una microacción posible es: anotar lo que sí ayudó.,"{""full_text"": ""Parece que este momento está siendo muy demandante. Hagamos esto simple. Una microacción posible es: anotar lo que sí ayudó.""}",human_curated,0.628,0.193,True,15,15,0,"[""culpabilizar"", ""moralizar""]","[""microacción concreta""]","[""anticipación"", ""validación""]","[""apoyo_general"", ""executive_dysfunction"", ""memoria""]",controlled_crisis_support,6bf2aa74-e60e-4863-b555-4e5e3e98a499,dataset sintético-realista para memoria conversacional,True,2026-02-11T08:00:00,2026-05-16T21:00:00
29e2d31d-9209-48ae-85f9-dd51f25fff57,46dc21de-eac2-4f76-aa5f-ea02c062fc46,05a8edf5-5b33-4d65-994d-f11a0c6a081b,emotional_venting,disfuncion_ejecutiva,general_distress,case_learning,double_exceptionality_or_cooccurrence,"[""Dispraxia""]",No necesitas resolverlo todo de golpe. Veamos qué está pesando más. Una microacción posible es: hacer solo el primer paso.,"{""full_text"": ""No necesitas resolverlo todo de golpe. Veamos qué está pesando más. Una microacción posible es: hacer solo el primer paso.""}",human_curated,0.558,0.681,True,4,2,2,"[""culpabilizar"", ""moralizar""]","[""microacción concreta""]","[""anticipación""]","[""disfuncion_ejecutiva"", ""general_distress"", ""memoria""]",controlled_low_demand_support,cebc6ca9-ff08-4ae5-8691-d69dbcdc490b,dataset sintético-realista para memoria conversacional,True,2026-03-28T08:00:00,2026-05-20T21:00:00
668a01ed-69ab-422a-9a2c-13fd5ed16d43,6f1d3747-ebd7-42a6-b206-15a99c39f01c,42052755-2ccd-4eb6-ba50-2a98fbe97317,strategy_feedback,disfuncion_ejecutiva,general_distress,case_learning,low_or_single,[],Parece que este momento está siendo muy demandante. Hagamos esto simple. Una microacción posible es: mostrar visualmente el inicio.,"{""full_text"": ""Parece que este momento está siendo muy demandante. Hagamos esto simple. Una microacción posible es: mostrar visualmente el inicio.""}",llm_fallback,0.71,0.865,True,13,8,5,"[""culpabilizar"", ""moralizar""]","[""microacción concreta""]","[""menos ruido"", ""validación"", ""microacciones""]","[""disfuncion_ejecutiva"", ""general_distress"", ""memoria""]",controlled_support_generation,5850b928-bba2-4c04-a895-c5efb6eea5b9,dataset sintético-realista para memoria conversacional,True,2026-03-27T08:00:00,2026-05-20T21:00:00
2dc03d86-96d4-4518-99d7-5bf1bb6412c5,e079d960-64db-4402-a817-432db200291d,51ff3be8-703b-4cef-9fbd-b52be5b96ea7,urgent_support,disfuncion_ejecutiva,general_distress,case_learning,low_or_single,"[""Ansiedad"", ""TOC"", ""Tourette""]","Antes de seguir, dime qué se ve más intenso ahora mismo: ruido, cansancio, tarea o emoción. Una microacción posible es: hacer solo el primer paso.","{""full_text"": ""Antes de seguir, dime qué se ve más intenso ahora mismo: ruido, cansancio, tarea o emoción. Una microacción posible es: hacer solo el primer paso.""}",llm_fallback,0.617,0.828,False,7,7,0,"[""culpabilizar"", ""moralizar""]","[""microacción concreta""]","[""validación"", ""menos palabras""]","[""disfuncion_ejecutiva"", ""general_distress"", ""memoria""]",controlled_low_demand_support,f3965dc5-b52d-41e5-a8e1-1a8f9cb1396f,dataset sintético-realista para memoria conversacional,True,2026-02-21T08:00:00,2026-05-31T21:00:00
a77b31d9-c795-45a0-9191-776fcf67c1fe,640a32a0-9ec2-4649-aefc-30e6b627bd41,5b6e5f39-2c62-4c3e-83f9-445f29528d75,school_support,disfuncion_ejecutiva,general_distress,case_learning,low_or_single,"[""Ansiedad""]",Estoy contigo. Vamos a ir por una sola acción posible ahora. Una microacción posible es: mostrar visualmente el inicio.,"{""full_text"": ""Estoy contigo. Vamos a ir por una sola acción posible ahora. Una microacción posible es: mostrar visualmente el inicio.""}",system,0.789,0.735,True,12,12,0,"[""culpabilizar"", ""moralizar""]","[""microacción concreta""]","[""anticipación"", ""microacciones""]","[""disfuncion_ejecutiva"", ""general_distress"", ""memoria""]",controlled_support_generation,8377ef87-68d1-440c-b090-8f3bb3a871ab,dataset sintético-realista para memoria conversacional,True,2026-04-05T08:00:00,2026-05-24T21:00:00
82228910-4af6-4f33-966e-75d3062eee58,b4b23c0f-c117-4cde-a64d-d898142db528,fe1dc6ec-1ea7-42ca-9665-4ebd65e10f52,strategy_feedback,disfuncion_ejecutiva,general_distress,case_learning,double_exceptionality_or_cooccurrence,"[""Tourette"", ""AACC""]","Antes de seguir, dime qué se ve más intenso ahora mismo: ruido, cansancio, tarea o emoción. Una microacción posible es: mostrar visualmente el inicio.","{""full_text"": ""Antes de seguir, dime qué se ve más intenso ahora mismo: ruido, cansancio, tarea o emoción. Una microacción posible es: mostrar visualmente el inicio.""}",human_curated,0.656,0.72,True,5,5,0,"[""culpabilizar"", ""moralizar""]","[""microacción concreta""]","[""menos palabras"", ""anticipación"", ""menos ruido""]","[""disfuncion_ejecutiva"", ""general_distress"", ""memoria""]",controlled_crisis_support,64b899ae-a0fa-4d54-bc33-715c9f00e65a,dataset sintético-realista para memoria conversacional,True,2026-02-03T08:00:00,2026-05-23T21:00:00
b801aecf-a9ed-4010-8e21-38428dace410,f97643f4-3a3f-4774-87ea-28014bda78e9,ac1a686c-5e3f-4b29-8eb5-492e9fb5fde0,strategy_feedback,sobrecarga_sensorial,meltdown,focus_clarification,double_exceptionality_or_cooccurrence,"[""Tourette"", ""Dispraxia""]",No necesitas resolverlo todo de golpe. Veamos qué está pesando más. Una microacción posible es: bajar ruido o luz por unos minutos.,"{""full_text"": ""No necesitas resolverlo todo de golpe. Veamos qué está pesando más. Una microacción posible es: bajar ruido o luz por unos minutos.""}",system,0.739,0.792,False,3,2,1,"[""culpabilizar"", ""moralizar""]","[""microacción concreta""]","[""menos ruido""]","[""sobrecarga_sensorial"", ""meltdown"", ""memoria""]",controlled_support_generation,bdfc45f1-5bd2-406a-a9b6-c10ccff0d930,dataset sintético-realista para memoria conversacional,True,2026-03-24T08:00:00,2026-05-11T21:00:00
5ce35d20-f5c8-4ed0-a417-5df3f74be6d2,174070a1-b993-450c-b8b6-564bd0b8aaa9,eb33458b-c037-4ddb-b549-91ef1fc774dc,clarification_request,sobrecarga_sensorial,meltdown,focus_clarification,low_or_single,"[""Trastorno del sueño""]",Estoy contigo. Vamos a ir por una sola acción posible ahora. Una microacción posible es: retirar estímulos innecesarios.,"{""full_text"": ""Estoy contigo. Vamos a ir por una sola acción posible ahora. Una microacción posible es: retirar estímulos innecesarios.""}",llm_fallback,0.587,0.555,True,11,9,2,"[""culpabilizar"", ""moralizar""]","[""microacción concreta""]","[""microacciones"", ""anticipación""]","[""sobrecarga_sensorial"", ""meltdown"", ""memoria""]",controlled_crisis_support,c1116935-e194-494d-aa31-194ce390dcb9,dataset sintético-realista para memoria conversacional,True,2026-02-07T08:00:00,2026-05-23T21:00:00
23d6eafd-6077-48a0-b635-a14cb91ce494,9c567733-1364-4260-80d0-cbeb74300353,3bc9f409-8ad3-4dc9-8745-2e94f64804ab,urgent_support,sobrecarga_sensorial,meltdown,focus_clarification,double_exceptionality_or_cooccurrence,"[""TEA""]",Estoy contigo. Vamos a ir por una sola acción posible ahora. Una microacción posible es: bajar ruido o luz por unos minutos.,"{""full_text"": ""Estoy contigo. Vamos a ir por una sola acción posible ahora. Una microacción posible es: bajar ruido o luz por unos minutos.""}",system,0.752,0.422,True,10,4,6,"[""culpabilizar"", ""moralizar""]","[""microacción concreta""]","[""menos ruido"", ""anticipación""]","[""sobrecarga_sensorial"", ""meltdown"", ""memoria""]",controlled_support_generation,9d85071d-d482-4d7e-a9ba-f1d42bbbd591,dataset sintético-realista para memoria conversacional,True,2026-04-11T08:00:00,2026-05-28T21:00:00
444f23cc-1c45-4fb8-b8fd-a86bddf158d2,8e2df62d-8b5b-4dcc-96af-166c275cbfb9,3b7024b1-4724-4882-a0ba-e883b876fff9,routine_request,sobrecarga_sensorial,meltdown,focus_clarification,double_exceptionality_or_cooccurrence,[],"Antes de seguir, dime qué se ve más intenso ahora mismo: ruido, cansancio, tarea o emoción. Una microacción posible es: bajar ruido o luz por unos minutos.","{""full_text"": ""Antes de seguir, dime qué se ve más intenso ahora mismo: ruido, cansancio, tarea o emoción. Una microacción posible es: bajar ruido o luz por unos minutos.""}",llm_fallback,0.908,0.732,True,11,5,6,"[""culpabilizar"", ""moralizar""]","[""microacción concreta""]","[""menos palabras"", ""anticipación""]","[""sobrecarga_sensorial"", ""meltdown"", ""memoria""]",controlled_low_demand_support,ae70df2d-5ad2-44db-b730-98dcfad19be0,dataset sintético-realista para memoria conversacional,True,2026-01-21T08:00:00,2026-05-25T21:00:00
4714b062-715e-417d-8160-19bc95515a94,171fd715-50a4-4e1d-97cf-c379deae8de9,7074de31-1bdf-43a3-a405-7dc486d37077,emotional_venting,sobrecarga_sensorial,meltdown,focus_clarification,low_or_single,[],Parece que este momento está siendo muy demandante. Hagamos esto simple. Una microacción posible es: bajar ruido o luz por unos minutos.,"{""full_text"": ""Parece que este momento está siendo muy demandante. Hagamos esto simple. Una microacción posible es: bajar ruido o luz por unos minutos.""}",system,0.711,0.33,False,15,7,8,"[""culpabilizar"", ""moralizar""]","[""microacción concreta""]","[""validación""]","[""sobrecarga_sensorial"", ""meltdown"", ""memoria""]",controlled_support_generation,5d0d282a-72d9-45a5-a9ff-d9dca03880a1,dataset sintético-realista para memoria conversacional,True,2026-03-19T08:00:00,2026-05-21T21:00:00
4a95bc5b-9d33-476f-b439-779cf4254397,7acdf96d-f0d6-47ef-a652-2296f18b05b7,922468b5-6a8d-4041-9001-775efa08c69d,school_support,sobrecarga_cuidador,burnout,focus_clarification,double_exceptionality_or_cooccurrence,"[""Discalculia"", ""TOC"", ""TDAH""]",No necesitas resolverlo todo de golpe. Veamos qué está pesando más. Una microacción posible es: quedarte con una sola prioridad.,"{""full_text"": ""No necesitas resolverlo todo de golpe. Veamos qué está pesando más. Una microacción posible es: quedarte con una sola prioridad.""}",llm_fallback,0.428,0.503,True,11,11,0,"[""culpabilizar"", ""moralizar""]","[""microacción concreta""]","[""menos palabras""]","[""sobrecarga_cuidador"", ""burnout"", ""memoria""]",controlled_support_generation,e8c4cf42-4315-4c78-bc48-36e19d2fb7ba,dataset sintético-realista para memoria conversacional,True,2026-02-25T08:00:00,2026-05-25T21:00:00
24fa962e-03e0-4286-8a80-be1b6174def4,d90744ce-8978-418d-889d-31e4cdd05fb4,0b2d6f23-271e-4476-9bfc-357b3f168ab1,school_support,sobrecarga_cuidador,burnout,focus_clarification,double_exceptionality_or_cooccurrence,"[""Mutismo selectivo"", ""Trastorno del sueño""]","Antes de seguir, dime qué se ve más intenso ahora mismo: ruido, cansancio, tarea o emoción. Una microacción posible es: bajar autoexigencia por hoy.","{""full_text"": ""Antes de seguir, dime qué se ve más intenso ahora mismo: ruido, cansancio, tarea o emoción. Una microacción posible es: bajar autoexigencia por hoy.""}",system,0.444,0.51,True,6,4,2,"[""culpabilizar"", ""moralizar""]","[""microacción concreta""]","[""validación"", ""anticipación"", ""menos ruido""]","[""sobrecarga_cuidador"", ""burnout"", ""memoria""]",controlled_support_generation,809d6dcb-da31-4d08-b421-bdccb6e5c0a9,dataset sintético-realista para memoria conversacional,True,2026-01-15T08:00:00,2026-05-11T21:00:00
4b97ce9d-1d7c-420f-a8c2-f95156e6a394,4c60a0bf-988f-41a7-bcdf-fe5f599c6b6f,ad277f2b-249d-4b05-b999-65f57cc29cda,urgent_support,sobrecarga_cuidador,burnout,focus_clarification,double_exceptionality_or_cooccurrence,"[""Trastorno del sueño"", ""Mutismo selectivo""]",No necesitas resolverlo todo de golpe. Veamos qué está pesando más. Una microacción posible es: bajar autoexigencia por hoy.,"{""full_text"": ""No necesitas resolverlo todo de golpe. Veamos qué está pesando más. Una microacción posible es: bajar autoexigencia por hoy.""}",llm_fallback,0.822,0.224,True,7,4,3,"[""culpabilizar"", ""moralizar""]","[""microacción concreta""]","[""microacciones""]","[""sobrecarga_cuidador"", ""burnout"", ""memoria""]",controlled_support_generation,012b19e8-7291-4650-b153-c755d070bfa1,dataset sintético-realista para memoria conversacional,True,2026-03-08T08:00:00,2026-05-26T21:00:00
3d7204a5-f88e-4ba9-bc33-8ad8a2b94069,2b7fc46c-c93b-4fc1-83d0-bd8821b279fd,0be039ff-854c-4d04-a77e-c6048d714815,clarification_request,sobrecarga_cuidador,burnout,focus_clarification,low_or_single,"[""Trastorno del sueño""]",Parece que este momento está siendo muy demandante. Hagamos esto simple. Una microacción posible es: quedarte con una sola prioridad.,"{""full_text"": ""Parece que este momento está siendo muy demandante. Hagamos esto simple. Una microacción posible es: quedarte con una sola prioridad.""}",system,0.567,0.716,True,17,6,11,"[""culpabilizar"", ""moralizar""]","[""microacción concreta""]","[""menos ruido"", ""anticipación""]","[""sobrecarga_cuidador"", ""burnout"", ""memoria""]",controlled_low_demand_support,b93b12e8-3c39-4065-abc1-4c27f25aea9e,dataset sintético-realista para memoria conversacional,True,2026-03-30T08:00:00,2026-05-30T21:00:00
ba894efa-c803-4675-a988-43e65f623942,9c2a10ba-73ab-498a-bb28-9e2c24174028,604286c4-a04c-44a4-ad7c-128826fc404e,routine_request,sobrecarga_cuidador,burnout,focus_clarification,triple_or_high_complexity,"[""Sensibilidad sensorial"", ""AACC"", ""Trastorno del sueño""]",No necesitas resolverlo todo de golpe. Veamos qué está pesando más. Una microacción posible es: hacer una pausa de un minuto.,"{""full_text"": ""No necesitas resolverlo todo de golpe. Veamos qué está pesando más. Una microacción posible es: hacer una pausa de un minuto.""}",llm_fallback,0.939,0.795,True,15,9,6,"[""culpabilizar"", ""moralizar""]","[""microacción concreta""]","[""microacciones"", ""anticipación"", ""menos ruido""]","[""sobrecarga_cuidador"", ""burnout"", ""memoria""]",controlled_support_generation,b94b0900-254f-4779-912f-45da8d0986c1,dataset sintético-realista para memoria conversacional,True,2026-04-16T08:00:00,2026-05-29T21:00:00
902adad6-68c2-4946-a340-f1784c410a70,f456d1d6-d329-4fdd-ad65-6e4c0ff245be,9bc90a2e-c000-4ed9-977e-d10a484bb8d8,strategy_feedback,sobrecarga_sensorial,shutdown,focus_clarification,low_or_single,"[""Trastorno del sueño"", ""Dislexia""]","Antes de seguir, dime qué se ve más intenso ahora mismo: ruido, cansancio, tarea o emoción. Una microacción posible es: dar espacio regulador breve.","{""full_text"": ""Antes de seguir, dime qué se ve más intenso ahora mismo: ruido, cansancio, tarea o emoción. Una microacción posible es: dar espacio regulador breve.""}",human_curated,0.431,0.599,False,13,11,2,"[""culpabilizar"", ""moralizar""]","[""microacción concreta""]","[""menos ruido""]","[""sobrecarga_sensorial"", ""shutdown"", ""memoria""]",controlled_support_generation,2d8be560-31e2-443d-bc0a-467758b57ce8,dataset sintético-realista para memoria conversacional,True,2026-01-14T08:00:00,2026-05-29T21:00:00
0f9a2b0c-1bc0-4511-8852-1aa52cdc76aa,e803708c-45f8-4bd5-b083-2df02e637f96,126d9767-84eb-4e26-82df-52489036f19b,emotional_venting,sobrecarga_sensorial,shutdown,focus_clarification,low_or_single,"[""Trastorno del sueño"", ""AACC""]",No necesitas resolverlo todo de golpe. Veamos qué está pesando más. Una microacción posible es: retirar estímulos innecesarios.,"{""full_text"": ""No necesitas resolverlo todo de golpe. Veamos qué está pesando más. Una microacción posible es: retirar estímulos innecesarios.""}",human_curated,0.921,0.522,True,18,12,6,"[""culpabilizar"", ""moralizar""]","[""microacción concreta""]","[""menos palabras"", ""validación"", ""anticipación""]","[""sobrecarga_sensorial"", ""shutdown"", ""memoria""]",controlled_support_generation,0d41a310-d8b4-47be-8baa-9a7a3dc03250,dataset sintético-realista para memoria conversacional,True,2026-04-16T08:00:00,2026-05-13T21:00:00
8fce2849-0f3a-4421-ae40-3f299359f237,e803708c-45f8-4bd5-b083-2df02e637f96,126d9767-84eb-4e26-82df-52489036f19b,clarification_request,sobrecarga_sensorial,shutdown,focus_clarification,triple_or_high_complexity,[],Parece que este momento está siendo muy demandante. Hagamos esto simple. Una microacción posible es: retirar estímulos innecesarios.,"{""full_text"": ""Parece que este momento está siendo muy demandante. Hagamos esto simple. Una microacción posible es: retirar estímulos innecesarios.""}",system,0.793,0.312,True,6,4,2,"[""culpabilizar"", ""moralizar""]","[""microacción concreta""]","[""anticipación""]","[""sobrecarga_sensorial"", ""shutdown"", ""memoria""]",controlled_low_demand_support,9a41bfcb-67d0-4ad8-aa3d-6e301a534d45,dataset sintético-realista para memoria conversacional,True,2026-03-26T08:00:00,2026-05-23T21:00:00
dbc976a5-2ef2-4b7e-a255-a7a1d2ad9496,7bdfb695-9442-4916-a0e4-edaeb98d8f19,09c813a6-c3bd-4c90-88c2-8579f07fb7aa,school_support,sobrecarga_sensorial,shutdown,focus_clarification,double_exceptionality_or_cooccurrence,"[""AACC"", ""Sensibilidad sensorial"", ""Dispraxia""]",No necesitas resolverlo todo de golpe. Veamos qué está pesando más. Una microacción posible es: bajar ruido o luz por unos minutos.,"{""full_text"": ""No necesitas resolverlo todo de golpe. Veamos qué está pesando más. Una microacción posible es: bajar ruido o luz por unos minutos.""}",llm_fallback,0.914,0.512,True,13,6,7,"[""culpabilizar"", ""moralizar""]","[""microacción concreta""]","[""anticipación""]","[""sobrecarga_sensorial"", ""shutdown"", ""memoria""]",controlled_support_generation,8fbe50b4-ebc4-4516-b0c8-47fdcdfe34d4,dataset sintético-realista para memoria conversacional,True,2026-02-19T08:00:00,2026-05-13T21:00:00
d8e1ccf8-7015-4596-8e87-7dc49af339da,1249a9c0-e28c-4ad2-9e76-7ac056f658c8,becf7357-95f2-4370-86a3-a9c94b16af99,school_support,sobrecarga_sensorial,shutdown,focus_clarification,low_or_single,"[""Sensibilidad sensorial""]",Parece que este momento está siendo muy demandante. Hagamos esto simple. Una microacción posible es: dar espacio regulador breve.,"{""full_text"": ""Parece que este momento está siendo muy demandante. Hagamos esto simple. Una microacción posible es: dar espacio regulador breve.""}",llm_fallback,0.804,0.802,True,6,2,4,"[""culpabilizar"", ""moralizar""]","[""microacción concreta""]","[""validación"", ""microacciones""]","[""sobrecarga_sensorial"", ""shutdown"", ""memoria""]",controlled_support_generation,cb814453-00d1-447e-982c-8d8922f90186,dataset sintético-realista para memoria conversacional,True,2026-02-22T08:00:00,2026-05-30T21:00:00
29305541-b6fb-428a-a795-089e0b422d6b,ef9df874-57d0-4295-828d-edfc008a109c,28d61edc-b031-4f03-a98b-0af3328b2f5e,school_support,crisis_activa,emotional_dysregulation,case_learning,double_exceptionality_or_cooccurrence,"[""Trastorno del sueño"", ""Ansiedad""]","Antes de seguir, dime qué se ve más intenso ahora mismo: ruido, cansancio, tarea o emoción. Una microacción posible es: bajar la voz y retirar una exigencia.","{""full_text"": ""Antes de seguir, dime qué se ve más intenso ahora mismo: ruido, cansancio, tarea o emoción. Una microacción posible es: bajar la voz y retirar una exigencia.""}",human_curated,0.924,0.784,False,16,7,9,"[""culpabilizar"", ""moralizar""]","[""microacción concreta""]","[""menos palabras""]","[""crisis_activa"", ""emotional_dysregulation"", ""memoria""]",controlled_crisis_support,f7426edb-db7f-4092-8c43-133f0f04eccd,dataset sintético-realista para memoria conversacional,True,2026-04-04T08:00:00,2026-05-26T21:00:00
c9270802-f5b7-4c3b-a7e4-79815dcf2813,c079b869-56ed-42a7-9026-94eda889db84,f2200583-e6bb-49b6-b888-a763e79faeea,emotional_venting,crisis_activa,emotional_dysregulation,case_learning,low_or_single,"[""TDAH"", ""Sensibilidad sensorial"", ""Ansiedad""]",Parece que este momento está siendo muy demandante. Hagamos esto simple. Una microacción posible es: bajar la voz y retirar una exigencia.,"{""full_text"": ""Parece que este momento está siendo muy demandante. Hagamos esto simple. Una microacción posible es: bajar la voz y retirar una exigencia.""}",llm_fallback,0.872,0.632,True,17,5,12,"[""culpabilizar"", ""moralizar""]","[""microacción concreta""]","[""anticipación"", ""validación""]","[""crisis_activa"", ""emotional_dysregulation"", ""memoria""]",controlled_crisis_support,4f61a512-95f6-4d94-a21d-bf342cb2097f,dataset sintético-realista para memoria conversacional,True,2026-01-10T08:00:00,2026-05-22T21:00:00
79dbfd3c-c402-49da-8794-3403a172689c,1249a9c0-e28c-4ad2-9e76-7ac056f658c8,becf7357-95f2-4370-86a3-a9c94b16af99,routine_request,crisis_activa,emotional_dysregulation,case_learning,triple_or_high_complexity,"[""TOC"", ""Ansiedad"", ""Tourette""]",No necesitas resolverlo todo de golpe. Veamos qué está pesando más. Una microacción posible es: alejar un estímulo intenso.,"{""full_text"": ""No necesitas resolverlo todo de golpe. Veamos qué está pesando más. Una microacción posible es: alejar un estímulo intenso.""}",llm_fallback,0.59,0.811,True,7,3,4,"[""culpabilizar"", ""moralizar""]","[""microacción concreta""]","[""microacciones"", ""validación"", ""menos ruido""]","[""crisis_activa"", ""emotional_dysregulation"", ""memoria""]",controlled_crisis_support,438d0383-939e-42b0-9372-762682522d99,dataset sintético-realista para memoria conversacional,True,2026-04-07T08:00:00,2026-05-21T21:00:00
bd83c1f2-cf44-45f2-a371-2c8cb660b983,0acf4a73-0940-4fee-8a26-9234c249ec78,f3d213d6-8024-4d85-a874-801aad21143b,general_support,crisis_activa,emotional_dysregulation,case_learning,low_or_single,"[""AACC""]","Antes de seguir, dime qué se ve más intenso ahora mismo: ruido, cansancio, tarea o emoción. Una microacción posible es: priorizar seguridad y pausar preguntas.","{""full_text"": ""Antes de seguir, dime qué se ve más intenso ahora mismo: ruido, cansancio, tarea o emoción. Una microacción posible es: priorizar seguridad y pausar preguntas.""}",system,0.749,0.71,True,9,5,4,"[""culpabilizar"", ""moralizar""]","[""microacción concreta""]","[""menos palabras"", ""anticipación""]","[""crisis_activa"", ""emotional_dysregulation"", ""memoria""]",controlled_crisis_support,86022990-7f0d-4c8d-85da-1af35ced0b11,dataset sintético-realista para memoria conversacional,True,2026-02-12T08:00:00,2026-05-19T21:00:00
99b0f6ae-26e5-4929-b501-8685ab616dee,1b453eaf-89df-4ba9-ba16-41e59ec859c2,98be2530-bb59-4fed-a6c8-9847b11c97af,urgent_support,crisis_activa,emotional_dysregulation,case_learning,double_exceptionality_or_cooccurrence,"[""Dispraxia"", ""Dislexia"", ""Tourette""]",Parece que este momento está siendo muy demandante. Hagamos esto simple. Una microacción posible es: priorizar seguridad y pausar preguntas.,"{""full_text"": ""Parece que este momento está siendo muy demandante. Hagamos esto simple. Una microacción posible es: priorizar seguridad y pausar preguntas.""}",system,0.717,0.603,False,2,1,1,"[""culpabilizar"", ""moralizar""]","[""microacción concreta""]","[""validación"", ""microacciones""]","[""crisis_activa"", ""emotional_dysregulation"", ""memoria""]",controlled_support_generation,4912cab8-9cb4-4ff9-98c4-aced0a4a3b78,dataset sintético-realista para memoria conversacional,True,2026-02-03T08:00:00,2026-05-25T21:00:00
33184de4-8a91-48e0-8722-fa69235d65c8,e9ada85e-2844-4621-91da-a234c1b65638,4745f2f7-c5a1-41a5-b0f6-3474eabfab13,school_support,apoyo_general,emotional_dysregulation,closure_continuity,low_or_single,"[""TEA"", ""Tourette""]",Parece que este momento está siendo muy demandante. Hagamos esto simple. Una microacción posible es: ajustar una cosa a la vez.,"{""full_text"": ""Parece que este momento está siendo muy demandante. Hagamos esto simple. Una microacción posible es: ajustar una cosa a la vez.""}",human_curated,0.619,0.768,False,2,2,0,"[""culpabilizar"", ""moralizar""]","[""microacción concreta""]","[""microacciones""]","[""apoyo_general"", ""emotional_dysregulation"", ""memoria""]",controlled_support_generation,093fd18f-51ae-4197-97c9-eab2ff91b96b,dataset sintético-realista para memoria conversacional,True,2026-02-17T08:00:00,2026-05-16T21:00:00
cce51358-7d6d-40bb-9eb0-642226ae213b,9c2a10ba-73ab-498a-bb28-9e2c24174028,604286c4-a04c-44a4-ad7c-128826fc404e,clarification_request,apoyo_general,emotional_dysregulation,closure_continuity,low_or_single,"[""TEA"", ""Trastorno del sueño""]",Estoy contigo. Vamos a ir por una sola acción posible ahora. Una microacción posible es: ajustar una cosa a la vez.,"{""full_text"": ""Estoy contigo. Vamos a ir por una sola acción posible ahora. Una microacción posible es: ajustar una cosa a la vez.""}",system,0.648,0.773,True,14,5,9,"[""culpabilizar"", ""moralizar""]","[""microacción concreta""]","[""validación"", ""menos ruido""]","[""apoyo_general"", ""emotional_dysregulation"", ""memoria""]",controlled_low_demand_support,18c3314b-b6cc-458d-aa62-2ccc1e47378b,dataset sintético-realista para memoria conversacional,True,2026-03-04T08:00:00,2026-05-22T21:00:00
ada49736-6a74-460b-84d3-2a8e6c61b209,616deb2c-4a7e-4645-ac7e-568d89c5ea47,5aa81779-a944-440a-82bd-6a18bf88a5f9,urgent_support,apoyo_general,emotional_dysregulation,closure_continuity,low_or_single,"[""TOC"", ""Tourette"", ""Ansiedad""]",Parece que este momento está siendo muy demandante. Hagamos esto simple. Una microacción posible es: anotar lo que sí ayudó.,"{""full_text"": ""Parece que este momento está siendo muy demandante. Hagamos esto simple. Una microacción posible es: anotar lo que sí ayudó.""}",system,0.495,0.568,True,16,9,7,"[""culpabilizar"", ""moralizar""]","[""microacción concreta""]","[""menos ruido"", ""microacciones""]","[""apoyo_general"", ""emotional_dysregulation"", ""memoria""]",controlled_support_generation,7540a218-31c7-4406-b18d-816a8f10baca,dataset sintético-realista para memoria conversacional,True,2026-02-07T08:00:00,2026-05-27T21:00:00
85da8b51-0995-4efe-9fa3-2735afc445e3,ab0729fe-94f5-4521-9e46-9be7470e922c,49fc9545-688e-479c-9d5b-4f82921fefbc,strategy_feedback,apoyo_general,emotional_dysregulation,closure_continuity,double_exceptionality_or_cooccurrence,[],No necesitas resolverlo todo de golpe. Veamos qué está pesando más. Una microacción posible es: repetir una sola pauta útil.,"{""full_text"": ""No necesitas resolverlo todo de golpe. Veamos qué está pesando más. Una microacción posible es: repetir una sola pauta útil.""}",llm_fallback,0.569,0.593,True,16,14,2,"[""culpabilizar"", ""moralizar""]","[""microacción concreta""]","[""anticipación"", ""menos ruido""]","[""apoyo_general"", ""emotional_dysregulation"", ""memoria""]",controlled_low_demand_support,b9edd302-a01c-40e0-9920-ec78df375353,dataset sintético-realista para memoria conversacional,True,2026-04-15T08:00:00,2026-05-25T21:00:00
4b3bb3aa-b0fd-4589-9808-156d3a263f5d,8a6ff92b-054a-4b3f-b57e-aced6d14bffb,dc13cbcd-62c7-4a2e-9bf2-3327279096d5,emotional_venting,apoyo_general,emotional_dysregulation,closure_continuity,double_exceptionality_or_cooccurrence,[],Estoy contigo. Vamos a ir por una sola acción posible ahora. Una microacción posible es: anotar lo que sí ayudó.,"{""full_text"": ""Estoy contigo. Vamos a ir por una sola acción posible ahora. Una microacción posible es: anotar lo que sí ayudó.""}",human_curated,0.437,0.786,True,2,1,1,"[""culpabilizar"", ""moralizar""]","[""microacción concreta""]","[""validación"", ""microacciones"", ""menos palabras""]","[""apoyo_general"", ""emotional_dysregulation"", ""memoria""]",controlled_support_generation,ba8e68c6-5551-49ca-9e42-539c9dcae0a0,dataset sintético-realista para memoria conversacional,True,2026-02-16T08:00:00,2026-05-13T21:00:00
6e59594d-f41e-4f5a-9c90-84e9be56e32d,a4860531-7601-4490-9c85-a6d114f09a01,771241a3-2b12-4784-a5ff-5edaad57c137,clarification_request,sobrecarga_sensorial,meltdown,adaptive_intervention,triple_or_high_complexity,"[""TEA""]",No necesitas resolverlo todo de golpe. Veamos qué está pesando más. Una microacción posible es: bajar ruido o luz por unos minutos.,"{""full_text"": ""No necesitas resolverlo todo de golpe. Veamos qué está pesando más. Una microacción posible es: bajar ruido o luz por unos minutos.""}",system,0.75,0.866,True,5,2,3,"[""culpabilizar"", ""moralizar""]","[""microacción concreta""]","[""validación"", ""anticipación"", ""menos palabras""]","[""sobrecarga_sensorial"", ""meltdown"", ""memoria""]",controlled_low_demand_support,4bcfafaf-7eb8-4ac2-a921-b66fdb04b16c,dataset sintético-realista para memoria conversacional,True,2026-01-30T08:00:00,2026-05-22T21:00:00
32148806-acc4-4883-b83a-e148cd8d5820,e0dedb37-352a-4bd8-a2c3-19047ab4d2ea,d517a75f-8915-4308-9797-9e48666bc747,strategy_feedback,sobrecarga_sensorial,meltdown,adaptive_intervention,double_exceptionality_or_cooccurrence,"[""TEA"", ""TDAH"", ""TOC""]",Estoy contigo. Vamos a ir por una sola acción posible ahora. Una microacción posible es: retirar estímulos innecesarios.,"{""full_text"": ""Estoy contigo. Vamos a ir por una sola acción posible ahora. Una microacción posible es: retirar estímulos innecesarios.""}",human_curated,0.81,0.473,True,2,1,1,"[""culpabilizar"", ""moralizar""]","[""microacción concreta""]","[""menos ruido""]","[""sobrecarga_sensorial"", ""meltdown"", ""memoria""]",controlled_low_demand_support,5ff33211-b857-45e6-8bba-7085eade05f8,dataset sintético-realista para memoria conversacional,True,2026-04-11T08:00:00,2026-05-20T21:00:00
bfe66a08-3833-4c0a-8305-dcbcf8b4119c,7bdfb695-9442-4916-a0e4-edaeb98d8f19,09c813a6-c3bd-4c90-88c2-8579f07fb7aa,emotional_venting,sobrecarga_sensorial,meltdown,adaptive_intervention,triple_or_high_complexity,"[""Sensibilidad sensorial""]",No necesitas resolverlo todo de golpe. Veamos qué está pesando más. Una microacción posible es: dar espacio regulador breve.,"{""full_text"": ""No necesitas resolverlo todo de golpe. Veamos qué está pesando más. Una microacción posible es: dar espacio regulador breve.""}",system,0.708,0.889,True,5,1,4,"[""culpabilizar"", ""moralizar""]","[""microacción concreta""]","[""menos palabras""]","[""sobrecarga_sensorial"", ""meltdown"", ""memoria""]",controlled_crisis_support,2a5f997e-db6e-4411-bad8-c6b4b45cb597,dataset sintético-realista para memoria conversacional,True,2026-01-31T08:00:00,2026-05-11T21:00:00
c8382865-047e-4c7a-92cc-0c77c76aa98d,9096c13e-9e89-41a3-89e1-d5764b91c6b1,f2a5044b-db77-4fbd-b1cb-daf92053760a,emotional_venting,sobrecarga_sensorial,meltdown,adaptive_intervention,double_exceptionality_or_cooccurrence,"[""TDAH"", ""Dislexia""]","Antes de seguir, dime qué se ve más intenso ahora mismo: ruido, cansancio, tarea o emoción. Una microacción posible es: bajar ruido o luz por unos minutos.","{""full_text"": ""Antes de seguir, dime qué se ve más intenso ahora mismo: ruido, cansancio, tarea o emoción. Una microacción posible es: bajar ruido o luz por unos minutos.""}",llm_fallback,0.621,0.784,False,11,4,7,"[""culpabilizar"", ""moralizar""]","[""microacción concreta""]","[""menos ruido""]","[""sobrecarga_sensorial"", ""meltdown"", ""memoria""]",controlled_support_generation,3a45a89b-18ea-4328-a8c0-212e2908d0b7,dataset sintético-realista para memoria conversacional,True,2026-04-07T08:00:00,2026-05-25T21:00:00
1755c0c5-8e63-44c0-bcfa-e9345e5e49b9,2ea957c5-c357-4641-b192-7d0aee77c7fa,c1021b7f-9f58-4490-8d7c-1055faa9f031,school_support,sobrecarga_sensorial,meltdown,adaptive_intervention,low_or_single,"[""TEA""]","Antes de seguir, dime qué se ve más intenso ahora mismo: ruido, cansancio, tarea o emoción. Una microacción posible es: retirar estímulos innecesarios.","{""full_text"": ""Antes de seguir, dime qué se ve más intenso ahora mismo: ruido, cansancio, tarea o emoción. Una microacción posible es: retirar estímulos innecesarios.""}",llm_fallback,0.751,0.735,False,7,6,1,"[""culpabilizar"", ""moralizar""]","[""microacción concreta""]","[""anticipación"", ""validación""]","[""sobrecarga_sensorial"", ""meltdown"", ""memoria""]",controlled_support_generation,fd650c11-6a0d-4ca2-9fc6-ce9a53541d39,dataset sintético-realista para memoria conversacional,True,2026-03-29T08:00:00,2026-05-14T21:00:00
572f62b4-ee7f-4485-be48-a60572d5c7f1,ce16f43c-bbb1-46c1-8f26-cdd5f49486b6,f8f108bd-264d-4215-a2da-145de0f557a2,clarification_request,sobrecarga_cuidador,burnout,case_learning,low_or_single,"[""Trastorno del sueño"", ""Mutismo selectivo"", ""Dispraxia""]","Antes de seguir, dime qué se ve más intenso ahora mismo: ruido, cansancio, tarea o emoción. Una microacción posible es: bajar autoexigencia por hoy.","{""full_text"": ""Antes de seguir, dime qué se ve más intenso ahora mismo: ruido, cansancio, tarea o emoción. Una microacción posible es: bajar autoexigencia por hoy.""}",llm_fallback,0.778,0.597,True,3,1,2,"[""culpabilizar"", ""moralizar""]","[""microacción concreta""]","[""menos ruido""]","[""sobrecarga_cuidador"", ""burnout"", ""memoria""]",controlled_low_demand_support,9a42270b-3ac6-42fd-b120-6980b632c992,dataset sintético-realista para memoria conversacional,True,2026-02-17T08:00:00,2026-05-12T21:00:00
af92348e-2810-4b06-bafb-dbd5defbaf20,e079d960-64db-4402-a817-432db200291d,51ff3be8-703b-4cef-9fbd-b52be5b96ea7,general_support,sobrecarga_cuidador,burnout,case_learning,double_exceptionality_or_cooccurrence,[],Parece que este momento está siendo muy demandante. Hagamos esto simple. Una microacción posible es: hacer una pausa de un minuto.,"{""full_text"": ""Parece que este momento está siendo muy demandante. Hagamos esto simple. Una microacción posible es: hacer una pausa de un minuto.""}",llm_fallback,0.696,0.382,True,17,14,3,"[""culpabilizar"", ""moralizar""]","[""microacción concreta""]","[""menos palabras"", ""microacciones"", ""anticipación""]","[""sobrecarga_cuidador"", ""burnout"", ""memoria""]",controlled_low_demand_support,ac9e595b-2717-428d-8546-5dc9c41bb624,dataset sintético-realista para memoria conversacional,True,2026-04-08T08:00:00,2026-05-17T21:00:00
9a20a4cd-4e4f-4d44-9422-3c2475b0ccf3,f748a894-cb8a-4198-a284-a93352f93142,75f1d728-c4a6-481e-9487-e66833918917,general_support,sobrecarga_cuidador,burnout,case_learning,low_or_single,"[""Ansiedad"", ""TEA""]",No necesitas resolverlo todo de golpe. Veamos qué está pesando más. Una microacción posible es: bajar autoexigencia por hoy.,"{""full_text"": ""No necesitas resolverlo todo de golpe. Veamos qué está pesando más. Una microacción posible es: bajar autoexigencia por hoy.""}",human_curated,0.946,0.6,False,13,7,6,"[""culpabilizar"", ""moralizar""]","[""microacción concreta""]","[""anticipación"", ""microacciones""]","[""sobrecarga_cuidador"", ""burnout"", ""memoria""]",controlled_crisis_support,1cbc599d-50db-4b57-af34-8796cd235e9e,dataset sintético-realista para memoria conversacional,True,2026-03-09T08:00:00,2026-05-24T21:00:00
dde753e1-b50f-40cb-9616-3370c02f2a06,7f6996a9-6603-4b7b-a83c-eae1577f949e,de1910f7-2f82-444a-9501-e599c1f45f7b,school_support,sobrecarga_cuidador,burnout,case_learning,double_exceptionality_or_cooccurrence,[],"Antes de seguir, dime qué se ve más intenso ahora mismo: ruido, cansancio, tarea o emoción. Una microacción posible es: quedarte con una sola prioridad.","{""full_text"": ""Antes de seguir, dime qué se ve más intenso ahora mismo: ruido, cansancio, tarea o emoción. Una microacción posible es: quedarte con una sola prioridad.""}",llm_fallback,0.891,0.566,True,16,12,4,"[""culpabilizar"", ""moralizar""]","[""microacción concreta""]","[""microacciones"", ""menos ruido""]","[""sobrecarga_cuidador"", ""burnout"", ""memoria""]",controlled_crisis_support,ae5f5ef2-3406-4e7b-80c6-65319bcaeaeb,dataset sintético-realista para memoria conversacional,True,2026-03-21T08:00:00,2026-05-12T21:00:00
0658e2ee-665b-4a3d-b4b4-9b7d3c22094c,93e29f41-9564-4114-a4e7-c7f4d566ab42,44e8a24a-029a-4572-8386-05f38b744352,routine_request,sobrecarga_cuidador,burnout,case_learning,low_or_single,[],Estoy contigo. Vamos a ir por una sola acción posible ahora. Una microacción posible es: hacer una pausa de un minuto.,"{""full_text"": ""Estoy contigo. Vamos a ir por una sola acción posible ahora. Una microacción posible es: hacer una pausa de un minuto.""}",llm_fallback,0.501,0.802,False,5,5,0,"[""culpabilizar"", ""moralizar""]","[""microacción concreta""]","[""menos palabras"", ""microacciones"", ""menos ruido""]","[""sobrecarga_cuidador"", ""burnout"", ""memoria""]",controlled_support_generation,91cd5d3e-0677-4212-b6b6-d057d5cda45c,dataset sintético-realista para memoria conversacional,True,2026-04-02T08:00:00,2026-05-15T21:00:00
d7848ba6-619a-4b4b-b1b1-d7ea41d30b0a,eda20260-af71-41fb-a5b2-4750c8c3e247,30eeda2e-4275-43f0-84f3-6323f5425f5b,routine_request,apoyo_general,executive_dysfunction,reception_containment,triple_or_high_complexity,"[""Dispraxia"", ""TEA""]",Parece que este momento está siendo muy demandante. Hagamos esto simple. Una microacción posible es: repetir una sola pauta útil.,"{""full_text"": ""Parece que este momento está siendo muy demandante. Hagamos esto simple. Una microacción posible es: repetir una sola pauta útil.""}",system,0.786,0.622,True,4,1,3,"[""culpabilizar"", ""moralizar""]","[""microacción concreta""]","[""menos palabras""]","[""apoyo_general"", ""executive_dysfunction"", ""memoria""]",controlled_crisis_support,1166473d-1acf-4b2b-aae7-d165f6aae243,dataset sintético-realista para memoria conversacional,True,2026-03-25T08:00:00,2026-05-26T21:00:00
1832efb5-d13e-4aa6-942b-c8f7ade18e48,515b036e-884b-4d5a-93df-138fdc9cfa2b,f2139b33-864b-417c-a9eb-98b5e13532fb,general_support,apoyo_general,executive_dysfunction,reception_containment,double_exceptionality_or_cooccurrence,[],Parece que este momento está siendo muy demandante. Hagamos esto simple. Una microacción posible es: anotar lo que sí ayudó.,"{""full_text"": ""Parece que este momento está siendo muy demandante. Hagamos esto simple. Una microacción posible es: anotar lo que sí ayudó.""}",human_curated,0.886,0.757,False,9,4,5,"[""culpabilizar"", ""moralizar""]","[""microacción concreta""]","[""microacciones"", ""menos ruido""]","[""apoyo_general"", ""executive_dysfunction"", ""memoria""]",controlled_support_generation,a48c0a5f-fee7-43f9-ab7c-bad4941f0e6a,dataset sintético-realista para memoria conversacional,True,2026-04-03T08:00:00,2026-05-15T21:00:00
fe7ea4bf-c112-4d25-b7b6-7e72ac849642,a7eb8db6-ba83-4260-a5a0-2ddecaf68260,8a4fe204-9c81-4b6c-a6c8-e14ed232c1f5,school_support,apoyo_general,executive_dysfunction,reception_containment,low_or_single,[],No necesitas resolverlo todo de golpe. Veamos qué está pesando más. Una microacción posible es: repetir una sola pauta útil.,"{""full_text"": ""No necesitas resolverlo todo de golpe. Veamos qué está pesando más. Una microacción posible es: repetir una sola pauta útil.""}",llm_fallback,0.711,0.82,False,6,5,1,"[""culpabilizar"", ""moralizar""]","[""microacción concreta""]","[""anticipación""]","[""apoyo_general"", ""executive_dysfunction"", ""memoria""]",controlled_support_generation,882d0f4e-2a4a-4d56-8ebb-648850ca8d19,dataset sintético-realista para memoria conversacional,True,2026-02-10T08:00:00,2026-05-15T21:00:00
eee88a0f-0245-443b-802b-24506e821146,ac9cbf88-9d5e-4a15-8237-b0a5d43c14bd,443c0a48-d934-4b05-b7bb-560f08a878b8,school_support,apoyo_general,executive_dysfunction,reception_containment,triple_or_high_complexity,"[""Mutismo selectivo"", ""TEA"", ""Dispraxia""]","Antes de seguir, dime qué se ve más intenso ahora mismo: ruido, cansancio, tarea o emoción. Una microacción posible es: anotar lo que sí ayudó.","{""full_text"": ""Antes de seguir, dime qué se ve más intenso ahora mismo: ruido, cansancio, tarea o emoción. Una microacción posible es: anotar lo que sí ayudó.""}",llm_fallback,0.578,0.767,True,11,7,4,"[""culpabilizar"", ""moralizar""]","[""microacción concreta""]","[""anticipación"", ""microacciones""]","[""apoyo_general"", ""executive_dysfunction"", ""memoria""]",controlled_crisis_support,e630b687-0d65-49e7-a1cc-dc194bccb225,dataset sintético-realista para memoria conversacional,True,2026-04-05T08:00:00,2026-05-23T21:00:00
22112b9a-bfb8-47fc-b2f6-f81af1b18bf7,a4222ea9-d889-48ed-8e88-cc4db0e11b94,2d80a5d6-515f-4d3a-8160-7a1d9283eac0,clarification_request,apoyo_general,executive_dysfunction,reception_containment,low_or_single,"[""TDAH"", ""Dislexia""]",Estoy contigo. Vamos a ir por una sola acción posible ahora. Una microacción posible es: repetir una sola pauta útil.,"{""full_text"": ""Estoy contigo. Vamos a ir por una sola acción posible ahora. Una microacción posible es: repetir una sola pauta útil.""}",llm_fallback,0.433,0.307,True,5,3,2,"[""culpabilizar"", ""moralizar""]","[""microacción concreta""]","[""menos ruido""]","[""apoyo_general"", ""executive_dysfunction"", ""memoria""]",controlled_low_demand_support,27d8c900-c5b8-4b59-b45c-bd006a43aac8,dataset sintético-realista para memoria conversacional,True,2026-02-01T08:00:00,2026-05-13T21:00:00
8485e8cb-39c6-48e9-9e47-aeabda8445ee,ecc7fd0f-c099-4120-83f8-b48c4d1e8a4e,0380aa17-34c0-4d89-abcf-644fa184d7bc,clarification_request,transicion_rigidez,shutdown,focus_clarification,triple_or_high_complexity,[],Parece que este momento está siendo muy demandante. Hagamos esto simple. Una microacción posible es: mostrar qué sigue.,"{""full_text"": ""Parece que este momento está siendo muy demandante. Hagamos esto simple. Una microacción posible es: mostrar qué sigue.""}",human_curated,0.585,0.848,True,6,2,4,"[""culpabilizar"", ""moralizar""]","[""microacción concreta""]","[""menos ruido""]","[""transicion_rigidez"", ""shutdown"", ""memoria""]",controlled_low_demand_support,77448be2-81e2-4e44-9b52-98bd19dba8cd,dataset sintético-realista para memoria conversacional,True,2026-02-25T08:00:00,2026-05-29T21:00:00
e7d3c9a1-60c7-4e0e-9882-44549fe33140,af7388af-cf32-46d5-9074-f11c578b2dd3,456699b3-e25d-4ae7-9e4d-3a060d4d2898,school_support,transicion_rigidez,shutdown,focus_clarification,double_exceptionality_or_cooccurrence,"[""Dispraxia""]",No necesitas resolverlo todo de golpe. Veamos qué está pesando más. Una microacción posible es: dar tiempo breve antes de cambiar.,"{""full_text"": ""No necesitas resolverlo todo de golpe. Veamos qué está pesando más. Una microacción posible es: dar tiempo breve antes de cambiar.""}",llm_fallback,0.903,0.502,True,7,7,0,"[""culpabilizar"", ""moralizar""]","[""microacción concreta""]","[""anticipación"", ""microacciones""]","[""transicion_rigidez"", ""shutdown"", ""memoria""]",controlled_support_generation,97fdf5c4-5106-4f5f-bfad-38e8158610c3,dataset sintético-realista para memoria conversacional,True,2026-03-26T08:00:00,2026-05-15T21:00:00
e0204ac6-7788-47bf-b2ef-101a5da83f9e,6340c30f-8b5b-4d32-8039-1e311ffb1075,ea45fd99-725d-4d91-9778-301490c11bec,clarification_request,transicion_rigidez,shutdown,focus_clarification,low_or_single,"[""Sensibilidad sensorial"", ""Discalculia""]",No necesitas resolverlo todo de golpe. Veamos qué está pesando más. Una microacción posible es: mostrar qué sigue.,"{""full_text"": ""No necesitas resolverlo todo de golpe. Veamos qué está pesando más. Una microacción posible es: mostrar qué sigue.""}",llm_fallback,0.902,0.723,True,3,2,1,"[""culpabilizar"", ""moralizar""]","[""microacción concreta""]","[""anticipación"", ""menos ruido"", ""menos palabras""]","[""transicion_rigidez"", ""shutdown"", ""memoria""]",controlled_support_generation,1bab6bdf-c2bc-41e1-b99c-8f9eb7704799,dataset sintético-realista para memoria conversacional,True,2026-03-21T08:00:00,2026-05-24T21:00:00
d701d508-59d6-4ce7-aae2-92f6cab5603d,ac8136db-8080-4ad0-9778-dd42c8928287,81caba91-e515-4a18-8381-4f5159680a22,school_support,transicion_rigidez,shutdown,focus_clarification,double_exceptionality_or_cooccurrence,"[""Tourette"", ""AACC""]","Antes de seguir, dime qué se ve más intenso ahora mismo: ruido, cansancio, tarea o emoción. Una microacción posible es: avisar el cambio con una frase clara.","{""full_text"": ""Antes de seguir, dime qué se ve más intenso ahora mismo: ruido, cansancio, tarea o emoción. Una microacción posible es: avisar el cambio con una frase clara.""}",llm_fallback,0.759,0.787,True,17,15,2,"[""culpabilizar"", ""moralizar""]","[""microacción concreta""]","[""menos ruido""]","[""transicion_rigidez"", ""shutdown"", ""memoria""]",controlled_low_demand_support,bbe48184-ad35-4498-98c8-82359e03c02c,dataset sintético-realista para memoria conversacional,True,2026-01-23T08:00:00,2026-05-26T21:00:00
cfa61596-1e38-4a96-88cd-09058e50e2bb,137d433e-099c-4818-9542-fb1c62135220,eae7d3d4-6679-422b-9555-e616b96b35c2,general_support,transicion_rigidez,shutdown,focus_clarification,low_or_single,"[""Ansiedad"", ""Trastorno del sueño""]","Antes de seguir, dime qué se ve más intenso ahora mismo: ruido, cansancio, tarea o emoción. Una microacción posible es: mostrar qué sigue.","{""full_text"": ""Antes de seguir, dime qué se ve más intenso ahora mismo: ruido, cansancio, tarea o emoción. Una microacción posible es: mostrar qué sigue.""}",system,0.43,0.869,True,14,14,0,"[""culpabilizar"", ""moralizar""]","[""microacción concreta""]","[""menos palabras"", ""microacciones""]","[""transicion_rigidez"", ""shutdown"", ""memoria""]",controlled_support_generation,1d38f98b-2f8a-47b4-bd3a-e215bb0e3581,dataset sintético-realista para memoria conversacional,True,2026-04-15T08:00:00,2026-05-22T21:00:00
42492ed2-77cb-4fe2-9abd-ab809e738303,4c60a0bf-988f-41a7-bcdf-fe5f599c6b6f,ad277f2b-249d-4b05-b999-65f57cc29cda,clarification_request,sobrecarga_cuidador,burnout,reception_containment,low_or_single,"[""Dislexia"", ""Discalculia""]",No necesitas resolverlo todo de golpe. Veamos qué está pesando más. Una microacción posible es: quedarte con una sola prioridad.,"{""full_text"": ""No necesitas resolverlo todo de golpe. Veamos qué está pesando más. Una microacción posible es: quedarte con una sola prioridad.""}",human_curated,0.792,0.758,True,8,8,0,"[""culpabilizar"", ""moralizar""]","[""microacción concreta""]","[""menos palabras""]","[""sobrecarga_cuidador"", ""burnout"", ""memoria""]",controlled_support_generation,2231db3b-7eac-483c-a02f-9558d79f4f1b,dataset sintético-realista para memoria conversacional,True,2026-02-27T08:00:00,2026-05-22T21:00:00
5b7bb8e5-aaac-4ae2-a9c9-1dc1c8ec812f,67824c90-7666-4827-ae22-08871117756b,496b803b-6887-4d2b-85cb-bd940a913f0a,general_support,sobrecarga_cuidador,burnout,reception_containment,triple_or_high_complexity,[],Parece que este momento está siendo muy demandante. Hagamos esto simple. Una microacción posible es: bajar autoexigencia por hoy.,"{""full_text"": ""Parece que este momento está siendo muy demandante. Hagamos esto simple. Una microacción posible es: bajar autoexigencia por hoy.""}",system,0.597,0.722,True,16,9,7,"[""culpabilizar"", ""moralizar""]","[""microacción concreta""]","[""microacciones""]","[""sobrecarga_cuidador"", ""burnout"", ""memoria""]",controlled_crisis_support,8445aead-a0e2-495e-87b4-cfdcfad52fa3,dataset sintético-realista para memoria conversacional,True,2026-01-08T08:00:00,2026-05-24T21:00:00
dbb11bdf-3475-416c-a6ea-a51443321cc3,2d591e85-b5bb-41c5-8c0a-e5372453dd1d,1a9efc16-f4c3-4831-b94d-da0097b7ad53,clarification_request,sobrecarga_cuidador,burnout,reception_containment,low_or_single,"[""Ansiedad"", ""TOC""]",Estoy contigo. Vamos a ir por una sola acción posible ahora. Una microacción posible es: quedarte con una sola prioridad.,"{""full_text"": ""Estoy contigo. Vamos a ir por una sola acción posible ahora. Una microacción posible es: quedarte con una sola prioridad.""}",system,0.441,0.432,False,12,10,2,"[""culpabilizar"", ""moralizar""]","[""microacción concreta""]","[""menos palabras"", ""anticipación"", ""microacciones""]","[""sobrecarga_cuidador"", ""burnout"", ""memoria""]",controlled_low_demand_support,177d0d0f-79f3-4548-b3a2-341657e82124,dataset sintético-realista para memoria conversacional,True,2026-04-10T08:00:00,2026-05-11T21:00:00
dac749f8-398c-4e97-b07f-9b7f4d8ef095,9f49af09-ba5f-46d6-8282-3883ebff3f28,640d5c9c-4c0d-40b2-9240-7ef8be5346dc,school_support,sobrecarga_cuidador,burnout,reception_containment,triple_or_high_complexity,"[""Sensibilidad sensorial"", ""TOC""]",No necesitas resolverlo todo de golpe. Veamos qué está pesando más. Una microacción posible es: bajar autoexigencia por hoy.,"{""full_text"": ""No necesitas resolverlo todo de golpe. Veamos qué está pesando más. Una microacción posible es: bajar autoexigencia por hoy.""}",human_curated,0.666,0.45,False,12,6,6,"[""culpabilizar"", ""moralizar""]","[""microacción concreta""]","[""menos ruido"", ""validación""]","[""sobrecarga_cuidador"", ""burnout"", ""memoria""]",controlled_support_generation,3530421c-9b3b-4ff0-9c2b-c01e87725aa1,dataset sintético-realista para memoria conversacional,True,2026-02-19T08:00:00,2026-05-30T21:00:00
bf400434-2436-4df0-a2df-534fb15847e1,515b036e-884b-4d5a-93df-138fdc9cfa2b,f2139b33-864b-417c-a9eb-98b5e13532fb,emotional_venting,sobrecarga_cuidador,burnout,reception_containment,triple_or_high_complexity,"[""Trastorno del sueño"", ""TOC"", ""Dispraxia""]",Estoy contigo. Vamos a ir por una sola acción posible ahora. Una microacción posible es: hacer una pausa de un minuto.,"{""full_text"": ""Estoy contigo. Vamos a ir por una sola acción posible ahora. Una microacción posible es: hacer una pausa de un minuto.""}",llm_fallback,0.75,0.827,False,14,11,3,"[""culpabilizar"", ""moralizar""]","[""microacción concreta""]","[""menos palabras""]","[""sobrecarga_cuidador"", ""burnout"", ""memoria""]",controlled_crisis_support,eab470c8-e1c6-4043-b09f-11e73a18a4cd,dataset sintético-realista para memoria conversacional,True,2026-04-15T08:00:00,2026-05-19T21:00:00
a3fe57dd-af58-400e-b820-13cdacd509d4,174070a1-b993-450c-b8b6-564bd0b8aaa9,eb33458b-c037-4ddb-b549-91ef1fc774dc,routine_request,apoyo_general,general_distress,adaptive_intervention,triple_or_high_complexity,"[""Dislexia"", ""TOC""]",No necesitas resolverlo todo de golpe. Veamos qué está pesando más. Una microacción posible es: ajustar una cosa a la vez.,"{""full_text"": ""No necesitas resolverlo todo de golpe. Veamos qué está pesando más. Una microacción posible es: ajustar una cosa a la vez.""}",human_curated,0.887,0.806,True,10,10,0,"[""culpabilizar"", ""moralizar""]","[""microacción concreta""]","[""validación""]","[""apoyo_general"", ""general_distress"", ""memoria""]",controlled_support_generation,968947f7-468b-4d27-ae2c-9a91c5728589,dataset sintético-realista para memoria conversacional,True,2026-04-13T08:00:00,2026-05-13T21:00:00
c8560c12-9e9c-496c-bd8a-74917783e4df,3176bbc2-bdc8-42ad-ae99-a779fab93272,ea41060f-47c5-49c2-b102-3cc7e4a76e30,clarification_request,apoyo_general,general_distress,adaptive_intervention,double_exceptionality_or_cooccurrence,"[""Tourette""]",Parece que este momento está siendo muy demandante. Hagamos esto simple. Una microacción posible es: ajustar una cosa a la vez.,"{""full_text"": ""Parece que este momento está siendo muy demandante. Hagamos esto simple. Una microacción posible es: ajustar una cosa a la vez.""}",human_curated,0.446,0.604,True,4,1,3,"[""culpabilizar"", ""moralizar""]","[""microacción concreta""]","[""anticipación""]","[""apoyo_general"", ""general_distress"", ""memoria""]",controlled_support_generation,71665793-9e6f-492c-8ae0-96b348baff2a,dataset sintético-realista para memoria conversacional,True,2026-04-16T08:00:00,2026-05-22T21:00:00
64da89f5-3477-4764-a8fa-9f7701e17e07,1ebf5f08-9f01-4a3b-8d4a-f204822391a3,dc94adbe-fc39-4f96-80c3-b7ed90826ba0,school_support,apoyo_general,general_distress,adaptive_intervention,triple_or_high_complexity,[],Parece que este momento está siendo muy demandante. Hagamos esto simple. Una microacción posible es: repetir una sola pauta útil.,"{""full_text"": ""Parece que este momento está siendo muy demandante. Hagamos esto simple. Una microacción posible es: repetir una sola pauta útil.""}",system,0.753,0.626,True,13,6,7,"[""culpabilizar"", ""moralizar""]","[""microacción concreta""]","[""validación"", ""anticipación""]","[""apoyo_general"", ""general_distress"", ""memoria""]",controlled_low_demand_support,934411e6-d640-4e7f-9b17-22928684329a,dataset sintético-realista para memoria conversacional,True,2026-02-19T08:00:00,2026-05-11T21:00:00
dc3b97f0-6999-4d1b-8cd4-94c0f670fd54,bbf5f08d-1b3c-4d26-8144-169f7081a79d,40ed2c9e-85f0-4d85-a319-07ba0c1bbee8,general_support,apoyo_general,general_distress,adaptive_intervention,triple_or_high_complexity,"[""AACC"", ""Sensibilidad sensorial""]",No necesitas resolverlo todo de golpe. Veamos qué está pesando más. Una microacción posible es: repetir una sola pauta útil.,"{""full_text"": ""No necesitas resolverlo todo de golpe. Veamos qué está pesando más. Una microacción posible es: repetir una sola pauta útil.""}",human_curated,0.632,0.231,True,7,6,1,"[""culpabilizar"", ""moralizar""]","[""microacción concreta""]","[""menos palabras"", ""anticipación"", ""validación""]","[""apoyo_general"", ""general_distress"", ""memoria""]",controlled_low_demand_support,04287981-b57b-45aa-8868-9801372d8ecf,dataset sintético-realista para memoria conversacional,True,2026-01-24T08:00:00,2026-05-22T21:00:00
ca3a596f-bd31-4eac-a7d1-5720b7b0c2ba,35300a64-f664-4af5-a526-fb055c362e23,af405833-025e-4247-9ee2-92dba1416320,emotional_venting,apoyo_general,general_distress,adaptive_intervention,double_exceptionality_or_cooccurrence,[],"Antes de seguir, dime qué se ve más intenso ahora mismo: ruido, cansancio, tarea o emoción. Una microacción posible es: ajustar una cosa a la vez.","{""full_text"": ""Antes de seguir, dime qué se ve más intenso ahora mismo: ruido, cansancio, tarea o emoción. Una microacción posible es: ajustar una cosa a la vez.""}",system,0.681,0.655,False,2,2,0,"[""culpabilizar"", ""moralizar""]","[""microacción concreta""]","[""anticipación"", ""menos palabras""]","[""apoyo_general"", ""general_distress"", ""memoria""]",controlled_crisis_support,7b2d420b-4136-40a8-9460-39b04e809d60,dataset sintético-realista para memoria conversacional,True,2026-02-06T08:00:00,2026-05-11T21:00:00
03ca025a-a594-41e4-8736-c22500e14208,87a2467d-c7df-4ecb-a0f1-6da804506fc4,4defc9cb-e166-4455-a9ae-0bcf38b866a7,routine_request,disfuncion_ejecutiva,general_distress,adaptive_intervention,triple_or_high_complexity,"[""Ansiedad"", ""TDAH"", ""Discalculia""]",No necesitas resolverlo todo de golpe. Veamos qué está pesando más. Una microacción posible es: hacer solo el primer paso.,"{""full_text"": ""No necesitas resolverlo todo de golpe. Veamos qué está pesando más. Una microacción posible es: hacer solo el primer paso.""}",system,0.517,0.833,True,13,4,9,"[""culpabilizar"", ""moralizar""]","[""microacción concreta""]","[""microacciones"", ""menos ruido"", ""menos palabras""]","[""disfuncion_ejecutiva"", ""general_distress"", ""memoria""]",controlled_crisis_support,0d3b5a51-38d0-47e2-ab13-1c3e4339a631,dataset sintético-realista para memoria conversacional,True,2026-02-22T08:00:00,2026-05-20T21:00:00
b24188ca-3485-48d0-aeb4-6d9ee83a635c,45ba3015-110c-405a-bcdc-6c6ead1c16d9,120780d6-c0cf-426e-b2fa-3c3b31e69578,routine_request,disfuncion_ejecutiva,general_distress,adaptive_intervention,triple_or_high_complexity,"[""TDAH""]",Parece que este momento está siendo muy demandante. Hagamos esto simple. Una microacción posible es: hacer solo el primer paso.,"{""full_text"": ""Parece que este momento está siendo muy demandante. Hagamos esto simple. Una microacción posible es: hacer solo el primer paso.""}",system,0.531,0.662,True,12,9,3,"[""culpabilizar"", ""moralizar""]","[""microacción concreta""]","[""anticipación"", ""validación""]","[""disfuncion_ejecutiva"", ""general_distress"", ""memoria""]",controlled_support_generation,35d188a0-5a6c-42c4-a8b6-936c6fcd8bcd,dataset sintético-realista para memoria conversacional,True,2026-03-05T08:00:00,2026-05-30T21:00:00
0880379b-0c9c-44cc-96d2-739823f01f63,9d13ab2f-5a88-4c3a-9c54-5b7175a03c58,32ad5b89-19bd-4701-a536-6dd041310a8e,clarification_request,disfuncion_ejecutiva,general_distress,adaptive_intervention,low_or_single,"[""Ansiedad""]",Parece que este momento está siendo muy demandante. Hagamos esto simple. Una microacción posible es: mostrar visualmente el inicio.,"{""full_text"": ""Parece que este momento está siendo muy demandante. Hagamos esto simple. Una microacción posible es: mostrar visualmente el inicio.""}",llm_fallback,0.865,0.89,False,10,5,5,"[""culpabilizar"", ""moralizar""]","[""microacción concreta""]","[""anticipación"", ""menos ruido""]","[""disfuncion_ejecutiva"", ""general_distress"", ""memoria""]",controlled_low_demand_support,fe20738c-d919-4576-9f91-4b1eb5e34f59,dataset sintético-realista para memoria conversacional,True,2026-01-19T08:00:00,2026-05-11T21:00:00
4cad6c05-90c8-4716-9b22-617f9ba8d2a3,10136bb0-b6e9-4690-9eb1-8592af5c8261,1cf9f982-625e-4269-8aac-0024c6423f5b,clarification_request,disfuncion_ejecutiva,general_distress,adaptive_intervention,low_or_single,[],"Antes de seguir, dime qué se ve más intenso ahora mismo: ruido, cansancio, tarea o emoción. Una microacción posible es: mostrar visualmente el inicio.","{""full_text"": ""Antes de seguir, dime qué se ve más intenso ahora mismo: ruido, cansancio, tarea o emoción. Una microacción posible es: mostrar visualmente el inicio.""}",llm_fallback,0.761,0.659,True,9,3,6,"[""culpabilizar"", ""moralizar""]","[""microacción concreta""]","[""menos ruido"", ""validación""]","[""disfuncion_ejecutiva"", ""general_distress"", ""memoria""]",controlled_low_demand_support,ed7fb6b0-de4d-469d-9566-d886f3b83146,dataset sintético-realista para memoria conversacional,True,2026-03-16T08:00:00,2026-05-14T21:00:00
48ee054a-37db-4bb5-aa6c-27a68ab1a281,ac8136db-8080-4ad0-9778-dd42c8928287,81caba91-e515-4a18-8381-4f5159680a22,routine_request,disfuncion_ejecutiva,general_distress,adaptive_intervention,triple_or_high_complexity,[],Estoy contigo. Vamos a ir por una sola acción posible ahora. Una microacción posible es: mostrar visualmente el inicio.,"{""full_text"": ""Estoy contigo. Vamos a ir por una sola acción posible ahora. Una microacción posible es: mostrar visualmente el inicio.""}",llm_fallback,0.9,0.814,True,18,16,2,"[""culpabilizar"", ""moralizar""]","[""microacción concreta""]","[""validación"", ""menos ruido""]","[""disfuncion_ejecutiva"", ""general_distress"", ""memoria""]",controlled_low_demand_support,e25e0157-9a57-4f48-a094-a1dece029978,dataset sintético-realista para memoria conversacional,True,2026-01-31T08:00:00,2026-05-11T21:00:00
0ff29859-f58b-4724-9949-276c0360a15f,f65216e5-a793-4049-ac78-132bf1c66aa9,d7fbf05c-a99c-4289-9e40-c8baca486e9e,routine_request,crisis_activa,meltdown,adaptive_intervention,triple_or_high_complexity,"[""Discalculia"", ""TEA"", ""Mutismo selectivo""]",Parece que este momento está siendo muy demandante. Hagamos esto simple. Una microacción posible es: priorizar seguridad y pausar preguntas.,"{""full_text"": ""Parece que este momento está siendo muy demandante. Hagamos esto simple. Una microacción posible es: priorizar seguridad y pausar preguntas.""}",llm_fallback,0.912,0.601,True,7,5,2,"[""culpabilizar"", ""moralizar""]","[""microacción concreta""]","[""anticipación"", ""microacciones"", ""menos palabras""]","[""crisis_activa"", ""meltdown"", ""memoria""]",controlled_support_generation,68889f57-5302-4c52-ae47-db76c9141a35,dataset sintético-realista para memoria conversacional,True,2026-03-31T08:00:00,2026-05-18T21:00:00
bda3e144-1e51-4e65-ab5f-2c408c84489c,28b2e675-056e-4641-905e-ff58e87ae9a7,2eeb7b96-d177-4620-abd6-76ca220ef059,strategy_feedback,crisis_activa,meltdown,adaptive_intervention,low_or_single,"[""Dislexia"", ""TEA"", ""Tourette""]",Parece que este momento está siendo muy demandante. Hagamos esto simple. Una microacción posible es: alejar un estímulo intenso.,"{""full_text"": ""Parece que este momento está siendo muy demandante. Hagamos esto simple. Una microacción posible es: alejar un estímulo intenso.""}",human_curated,0.593,0.893,True,11,5,6,"[""culpabilizar"", ""moralizar""]","[""microacción concreta""]","[""menos ruido"", ""menos palabras""]","[""crisis_activa"", ""meltdown"", ""memoria""]",controlled_crisis_support,9574da16-e750-41be-a3cb-f9488a419219,dataset sintético-realista para memoria conversacional,True,2026-04-16T08:00:00,2026-05-21T21:00:00
0cfa15dd-818b-4f64-a397-7cbb3f04c953,ac9cbf88-9d5e-4a15-8237-b0a5d43c14bd,443c0a48-d934-4b05-b7bb-560f08a878b8,clarification_request,crisis_activa,meltdown,adaptive_intervention,triple_or_high_complexity,"[""AACC"", ""Trastorno del sueño"", ""Dislexia""]",No necesitas resolverlo todo de golpe. Veamos qué está pesando más. Una microacción posible es: bajar la voz y retirar una exigencia.,"{""full_text"": ""No necesitas resolverlo todo de golpe. Veamos qué está pesando más. Una microacción posible es: bajar la voz y retirar una exigencia.""}",human_curated,0.478,0.631,True,9,4,5,"[""culpabilizar"", ""moralizar""]","[""microacción concreta""]","[""validación""]","[""crisis_activa"", ""meltdown"", ""memoria""]",controlled_crisis_support,532bf05a-8e7b-4ca3-96fb-c2e0b88a1545,dataset sintético-realista para memoria conversacional,True,2026-03-02T08:00:00,2026-05-12T21:00:00
360077b8-4aec-4065-a5ea-355849b9d9ab,289b7718-50d5-4656-ba6f-b176285c755f,fd87adf3-7e92-4f78-996e-9ef41b771bd9,general_support,crisis_activa,meltdown,adaptive_intervention,low_or_single,"[""TDAH"", ""Sensibilidad sensorial""]",No necesitas resolverlo todo de golpe. Veamos qué está pesando más. Una microacción posible es: priorizar seguridad y pausar preguntas.,"{""full_text"": ""No necesitas resolverlo todo de golpe. Veamos qué está pesando más. Una microacción posible es: priorizar seguridad y pausar preguntas.""}",llm_fallback,0.503,0.603,True,18,8,10,"[""culpabilizar"", ""moralizar""]","[""microacción concreta""]","[""menos ruido"", ""anticipación"", ""validación""]","[""crisis_activa"", ""meltdown"", ""memoria""]",controlled_crisis_support,884177f1-7128-4a05-85cd-b69c0b5e8fbd,dataset sintético-realista para memoria conversacional,True,2026-01-20T08:00:00,2026-05-18T21:00:00
c3577663-66e3-4409-b052-752e2db3d65d,46dc21de-eac2-4f76-aa5f-ea02c062fc46,05a8edf5-5b33-4d65-994d-f11a0c6a081b,routine_request,crisis_activa,meltdown,adaptive_intervention,double_exceptionality_or_cooccurrence,"[""Trastorno del sueño""]",No necesitas resolverlo todo de golpe. Veamos qué está pesando más. Una microacción posible es: alejar un estímulo intenso.,"{""full_text"": ""No necesitas resolverlo todo de golpe. Veamos qué está pesando más. Una microacción posible es: alejar un estímulo intenso.""}",llm_fallback,0.925,0.793,True,7,4,3,"[""culpabilizar"", ""moralizar""]","[""microacción concreta""]","[""anticipación"", ""menos ruido"", ""microacciones""]","[""crisis_activa"", ""meltdown"", ""memoria""]",controlled_low_demand_support,b657d640-4f2c-45e4-9d3f-4ee205e7bf11,dataset sintético-realista para memoria conversacional,True,2026-03-19T08:00:00,2026-05-15T21:00:00
13f0c38f-520a-476a-8a3f-110b4c5bbe0e,9a156313-2f5f-46d4-9d59-8bc9537ede49,bf8e9aca-7b9e-4875-80c2-455dc00128a3,school_support,disfuncion_ejecutiva,executive_dysfunction,reception_containment,double_exceptionality_or_cooccurrence,[],Estoy contigo. Vamos a ir por una sola acción posible ahora. Una microacción posible es: elegir una tarea mínima.,"{""full_text"": ""Estoy contigo. Vamos a ir por una sola acción posible ahora. Una microacción posible es: elegir una tarea mínima.""}",system,0.448,0.919,False,3,2,1,"[""culpabilizar"", ""moralizar""]","[""microacción concreta""]","[""menos ruido"", ""anticipación""]","[""disfuncion_ejecutiva"", ""executive_dysfunction"", ""memoria""]",controlled_support_generation,7d736297-1139-4064-8d30-8bd492858782,dataset sintético-realista para memoria conversacional,True,2026-03-04T08:00:00,2026-05-24T21:00:00
41d988e1-c57d-4f67-9e91-1cdcd35e8a20,94aaef6f-a2f1-45e9-a5ca-b272cf569981,cc35ab50-9b2e-4809-ba99-2cc0b6dea2ac,routine_request,disfuncion_ejecutiva,executive_dysfunction,reception_containment,double_exceptionality_or_cooccurrence,"[""Tourette""]",Estoy contigo. Vamos a ir por una sola acción posible ahora. Una microacción posible es: mostrar visualmente el inicio.,"{""full_text"": ""Estoy contigo. Vamos a ir por una sola acción posible ahora. Una microacción posible es: mostrar visualmente el inicio.""}",llm_fallback,0.594,0.424,True,5,1,4,"[""culpabilizar"", ""moralizar""]","[""microacción concreta""]","[""menos palabras"", ""menos ruido""]","[""disfuncion_ejecutiva"", ""executive_dysfunction"", ""memoria""]",controlled_low_demand_support,657693a9-4015-4f61-929a-81845c50a54e,dataset sintético-realista para memoria conversacional,True,2026-01-31T08:00:00,2026-05-16T21:00:00
0059b99a-1d7a-4079-baef-a62e37246cea,a728d7d8-5d90-4164-a8ef-75ad64528216,9c58f5c0-2dce-48b1-8986-8aca6671139d,general_support,disfuncion_ejecutiva,executive_dysfunction,reception_containment,low_or_single,"[""AACC"", ""Tourette""]",No necesitas resolverlo todo de golpe. Veamos qué está pesando más. Una microacción posible es: elegir una tarea mínima.,"{""full_text"": ""No necesitas resolverlo todo de golpe. Veamos qué está pesando más. Una microacción posible es: elegir una tarea mínima.""}",system,0.704,0.857,False,5,5,0,"[""culpabilizar"", ""moralizar""]","[""microacción concreta""]","[""validación""]","[""disfuncion_ejecutiva"", ""executive_dysfunction"", ""memoria""]",controlled_crisis_support,af965ed0-4637-4f12-be47-79a741104bdd,dataset sintético-realista para memoria conversacional,True,2026-02-18T08:00:00,2026-05-30T21:00:00
7b0b04a2-d068-4b24-9bf9-9fb678bc2662,9f49af09-ba5f-46d6-8282-3883ebff3f28,640d5c9c-4c0d-40b2-9240-7ef8be5346dc,routine_request,disfuncion_ejecutiva,executive_dysfunction,reception_containment,triple_or_high_complexity,[],Parece que este momento está siendo muy demandante. Hagamos esto simple. Una microacción posible es: elegir una tarea mínima.,"{""full_text"": ""Parece que este momento está siendo muy demandante. Hagamos esto simple. Una microacción posible es: elegir una tarea mínima.""}",llm_fallback,0.47,0.604,True,8,5,3,"[""culpabilizar"", ""moralizar""]","[""microacción concreta""]","[""microacciones"", ""anticipación"", ""validación""]","[""disfuncion_ejecutiva"", ""executive_dysfunction"", ""memoria""]",controlled_low_demand_support,252a5316-c9e5-476d-93bd-5f5b610fafd7,dataset sintético-realista para memoria conversacional,True,2026-03-08T08:00:00,2026-05-19T21:00:00
50cf1e30-5b4e-4471-9146-5828bebb8462,96aad2d3-ec6e-4499-863f-c27120c99c37,e4a58377-5644-4dea-bcea-08ba5315f7fd,clarification_request,disfuncion_ejecutiva,executive_dysfunction,reception_containment,low_or_single,"[""TEA"", ""TDAH""]",No necesitas resolverlo todo de golpe. Veamos qué está pesando más. Una microacción posible es: mostrar visualmente el inicio.,"{""full_text"": ""No necesitas resolverlo todo de golpe. Veamos qué está pesando más. Una microacción posible es: mostrar visualmente el inicio.""}",llm_fallback,0.528,0.891,True,12,5,7,"[""culpabilizar"", ""moralizar""]","[""microacción concreta""]","[""menos palabras"", ""validación"", ""menos ruido""]","[""disfuncion_ejecutiva"", ""executive_dysfunction"", ""memoria""]",controlled_support_generation,21c0a50f-04a5-48e5-ad07-0d6aea1ca338,dataset sintético-realista para memoria conversacional,True,2026-02-01T08:00:00,2026-05-30T21:00:00
783a9a43-e51c-482b-afc8-0da6239d17f2,7f080bb1-4c5f-4d1c-9f8d-f8ef41790fe9,80e2c913-8667-4786-b886-d727c3898c51,strategy_feedback,crisis_activa,shutdown,reception_containment,double_exceptionality_or_cooccurrence,"[""Ansiedad"", ""TOC""]","Antes de seguir, dime qué se ve más intenso ahora mismo: ruido, cansancio, tarea o emoción. Una microacción posible es: priorizar seguridad y pausar preguntas.","{""full_text"": ""Antes de seguir, dime qué se ve más intenso ahora mismo: ruido, cansancio, tarea o emoción. Una microacción posible es: priorizar seguridad y pausar preguntas.""}",llm_fallback,0.591,0.253,True,16,16,0,"[""culpabilizar"", ""moralizar""]","[""microacción concreta""]","[""validación""]","[""crisis_activa"", ""shutdown"", ""memoria""]",controlled_low_demand_support,6bf2aa74-e60e-4863-b555-4e5e3e98a499,dataset sintético-realista para memoria conversacional,True,2026-01-23T08:00:00,2026-05-25T21:00:00
a1646c5c-9704-47af-a040-f833a1dad28c,ab306618-f127-4631-9599-a5fc821c32e1,65e3b09b-efb4-479e-9658-7a6342ddad35,strategy_feedback,crisis_activa,shutdown,reception_containment,low_or_single,[],No necesitas resolverlo todo de golpe. Veamos qué está pesando más. Una microacción posible es: priorizar seguridad y pausar preguntas.,"{""full_text"": ""No necesitas resolverlo todo de golpe. Veamos qué está pesando más. Una microacción posible es: priorizar seguridad y pausar preguntas.""}",human_curated,0.717,0.739,False,14,7,7,"[""culpabilizar"", ""moralizar""]","[""microacción concreta""]","[""menos palabras"", ""validación"", ""microacciones""]","[""crisis_activa"", ""shutdown"", ""memoria""]",controlled_support_generation,70b479aa-c7aa-4272-8b96-57271969329e,dataset sintético-realista para memoria conversacional,True,2026-03-07T08:00:00,2026-05-16T21:00:00
8a85515e-46d5-4214-b433-9ca38b7de086,70f51822-c0c4-44ce-a746-524de4602df6,3c7b81de-ea2c-4d84-a9a6-3560d9056695,general_support,crisis_activa,shutdown,reception_containment,double_exceptionality_or_cooccurrence,"[""Ansiedad""]",Parece que este momento está siendo muy demandante. Hagamos esto simple. Una microacción posible es: priorizar seguridad y pausar preguntas.,"{""full_text"": ""Parece que este momento está siendo muy demandante. Hagamos esto simple. Una microacción posible es: priorizar seguridad y pausar preguntas.""}",human_curated,0.523,0.559,True,15,6,9,"[""culpabilizar"", ""moralizar""]","[""microacción concreta""]","[""validación"", ""menos palabras""]","[""crisis_activa"", ""shutdown"", ""memoria""]",controlled_support_generation,0bc277ee-3208-4fcf-9e93-72b5df16fc36,dataset sintético-realista para memoria conversacional,True,2026-03-14T08:00:00,2026-05-12T21:00:00
a55c4890-6e57-416b-9aa6-8034279c0f27,4aea8578-f11f-4cda-befa-c49409b9e347,531cf2cb-7ee1-48e4-9f79-fbebdcc77f1c,emotional_venting,crisis_activa,shutdown,reception_containment,double_exceptionality_or_cooccurrence,[],No necesitas resolverlo todo de golpe. Veamos qué está pesando más. Una microacción posible es: alejar un estímulo intenso.,"{""full_text"": ""No necesitas resolverlo todo de golpe. Veamos qué está pesando más. Una microacción posible es: alejar un estímulo intenso.""}",llm_fallback,0.568,0.746,True,10,6,4,"[""culpabilizar"", ""moralizar""]","[""microacción concreta""]","[""anticipación"", ""validación"", ""microacciones""]","[""crisis_activa"", ""shutdown"", ""memoria""]",controlled_crisis_support,57b62168-6b92-440a-a4ab-76145ca78912,dataset sintético-realista para memoria conversacional,True,2026-01-31T08:00:00,2026-05-13T21:00:00
99e9d405-6d15-40c0-a077-b065a030034e,af7388af-cf32-46d5-9074-f11c578b2dd3,456699b3-e25d-4ae7-9e4d-3a060d4d2898,school_support,crisis_activa,shutdown,reception_containment,triple_or_high_complexity,"[""AACC""]",Estoy contigo. Vamos a ir por una sola acción posible ahora. Una microacción posible es: bajar la voz y retirar una exigencia.,"{""full_text"": ""Estoy contigo. Vamos a ir por una sola acción posible ahora. Una microacción posible es: bajar la voz y retirar una exigencia.""}",human_curated,0.47,0.858,False,6,4,2,"[""culpabilizar"", ""moralizar""]","[""microacción concreta""]","[""microacciones"", ""menos palabras"", ""menos ruido""]","[""crisis_activa"", ""shutdown"", ""memoria""]",controlled_crisis_support,8f3c12fb-0891-493d-9f39-00e28f0c3d3b,dataset sintético-realista para memoria conversacional,True,2026-03-04T08:00:00,2026-05-18T21:00:00
d11d226e-551a-4721-a3af-c8c49d598490,d4384c60-32b7-4fdc-9eab-2061e62e4982,3980b19a-515c-4e51-89fa-b5bfcb50aaaa,school_support,sobrecarga_sensorial,meltdown,reception_containment,double_exceptionality_or_cooccurrence,"[""Mutismo selectivo"", ""Sensibilidad sensorial""]",Estoy contigo. Vamos a ir por una sola acción posible ahora. Una microacción posible es: retirar estímulos innecesarios.,"{""full_text"": ""Estoy contigo. Vamos a ir por una sola acción posible ahora. Una microacción posible es: retirar estímulos innecesarios.""}",human_curated,0.614,0.577,True,18,10,8,"[""culpabilizar"", ""moralizar""]","[""microacción concreta""]","[""anticipación"", ""menos ruido""]","[""sobrecarga_sensorial"", ""meltdown"", ""memoria""]",controlled_support_generation,eff8603a-59d4-4e2c-b271-115686e27b43,dataset sintético-realista para memoria conversacional,True,2026-02-26T08:00:00,2026-05-24T21:00:00
341edb84-0d6c-4603-99a0-a2acb956ab71,ae18da88-c7da-4e72-a331-844ad52c56e0,af8b8294-88fa-4296-82d9-c88402b5a547,urgent_support,sobrecarga_sensorial,meltdown,reception_containment,low_or_single,[],Parece que este momento está siendo muy demandante. Hagamos esto simple. Una microacción posible es: bajar ruido o luz por unos minutos.,"{""full_text"": ""Parece que este momento está siendo muy demandante. Hagamos esto simple. Una microacción posible es: bajar ruido o luz por unos minutos.""}",human_curated,0.466,0.298,True,7,5,2,"[""culpabilizar"", ""moralizar""]","[""microacción concreta""]","[""microacciones"", ""menos ruido"", ""anticipación""]","[""sobrecarga_sensorial"", ""meltdown"", ""memoria""]",controlled_low_demand_support,78069b2d-c98e-4fb1-8392-5c491d737d9e,dataset sintético-realista para memoria conversacional,True,2026-03-15T08:00:00,2026-05-17T21:00:00
b6b1bd92-9a96-483e-b41a-d5d686827f50,6b250bbf-6ea6-42d7-ac1a-e715215ed167,e7bfc81a-b82c-4828-8c9f-5d5cccf09396,clarification_request,sobrecarga_sensorial,meltdown,reception_containment,low_or_single,"[""Mutismo selectivo"", ""Dislexia""]",No necesitas resolverlo todo de golpe. Veamos qué está pesando más. Una microacción posible es: bajar ruido o luz por unos minutos.,"{""full_text"": ""No necesitas resolverlo todo de golpe. Veamos qué está pesando más. Una microacción posible es: bajar ruido o luz por unos minutos.""}",system,0.603,0.633,False,9,4,5,"[""culpabilizar"", ""moralizar""]","[""microacción concreta""]","[""menos palabras"", ""microacciones"", ""menos ruido""]","[""sobrecarga_sensorial"", ""meltdown"", ""memoria""]",controlled_low_demand_support,acb0f34c-eac1-4a6d-bb96-11ad700f6b89,dataset sintético-realista para memoria conversacional,True,2026-03-02T08:00:00,2026-05-23T21:00:00
25257647-8b37-479f-a449-882730291b4f,6516c9f5-9d32-43ef-8fcf-3ce0fffa3472,269d82a3-018c-4c08-a87e-4de2fb3c7094,emotional_venting,sobrecarga_sensorial,meltdown,reception_containment,low_or_single,"[""Sensibilidad sensorial"", ""Ansiedad"", ""Discalculia""]",Parece que este momento está siendo muy demandante. Hagamos esto simple. Una microacción posible es: retirar estímulos innecesarios.,"{""full_text"": ""Parece que este momento está siendo muy demandante. Hagamos esto simple. Una microacción posible es: retirar estímulos innecesarios.""}",system,0.598,0.634,False,13,11,2,"[""culpabilizar"", ""moralizar""]","[""microacción concreta""]","[""menos palabras"", ""validación""]","[""sobrecarga_sensorial"", ""meltdown"", ""memoria""]",controlled_low_demand_support,a0930b06-4cd3-4355-9bbb-6e9f346073ea,dataset sintético-realista para memoria conversacional,True,2026-03-17T08:00:00,2026-05-23T21:00:00
f4bc0c68-27bc-4e30-8b07-757b8ea82c93,94aaef6f-a2f1-45e9-a5ca-b272cf569981,cc35ab50-9b2e-4809-ba99-2cc0b6dea2ac,routine_request,sobrecarga_sensorial,meltdown,reception_containment,triple_or_high_complexity,"[""AACC"", ""Ansiedad"", ""Dislexia""]","Antes de seguir, dime qué se ve más intenso ahora mismo: ruido, cansancio, tarea o emoción. Una microacción posible es: retirar estímulos innecesarios.","{""full_text"": ""Antes de seguir, dime qué se ve más intenso ahora mismo: ruido, cansancio, tarea o emoción. Una microacción posible es: retirar estímulos innecesarios.""}",human_curated,0.734,0.842,True,13,5,8,"[""culpabilizar"", ""moralizar""]","[""microacción concreta""]","[""menos palabras"", ""validación""]","[""sobrecarga_sensorial"", ""meltdown"", ""memoria""]",controlled_support_generation,ae1a9f8a-a630-46b1-b237-4d1b91ef8594,dataset sintético-realista para memoria conversacional,True,2026-01-08T08:00:00,2026-05-29T21:00:00
b591cac2-8fbc-4d89-b48f-726ad79fbe45,30eb0096-76ac-42b1-9a94-e49fe94619e0,661a8547-7f7c-462d-a2e6-2b1892b4799d,school_support,sobrecarga_cuidador,general_distress,adaptive_intervention,low_or_single,[],Parece que este momento está siendo muy demandante. Hagamos esto simple. Una microacción posible es: bajar autoexigencia por hoy.,"{""full_text"": ""Parece que este momento está siendo muy demandante. Hagamos esto simple. Una microacción posible es: bajar autoexigencia por hoy.""}",human_curated,0.868,0.906,True,5,1,4,"[""culpabilizar"", ""moralizar""]","[""microacción concreta""]","[""anticipación"", ""menos ruido"", ""microacciones""]","[""sobrecarga_cuidador"", ""general_distress"", ""memoria""]",controlled_support_generation,4fdbef50-d337-4aa9-bdea-5f3abf4cce76,dataset sintético-realista para memoria conversacional,True,2026-01-08T08:00:00,2026-05-24T21:00:00
56e958f7-9024-4276-8a09-6b639a1d7338,e2d1458a-d75a-4097-87bd-9c03905f769c,1121a47e-b078-4dbd-9da8-9212e3ed675a,urgent_support,sobrecarga_cuidador,general_distress,adaptive_intervention,double_exceptionality_or_cooccurrence,"[""Tourette""]",No necesitas resolverlo todo de golpe. Veamos qué está pesando más. Una microacción posible es: quedarte con una sola prioridad.,"{""full_text"": ""No necesitas resolverlo todo de golpe. Veamos qué está pesando más. Una microacción posible es: quedarte con una sola prioridad.""}",system,0.707,0.657,False,9,5,4,"[""culpabilizar"", ""moralizar""]","[""microacción concreta""]","[""validación"", ""menos ruido""]","[""sobrecarga_cuidador"", ""general_distress"", ""memoria""]",controlled_crisis_support,9d116cba-0ef4-45d5-b5e0-df035a427170,dataset sintético-realista para memoria conversacional,True,2026-02-01T08:00:00,2026-05-20T21:00:00
425a0762-e823-4cc1-8f32-5539c77426ef,446a34d6-1983-4346-b506-9d81d3f0a2af,606b9223-b376-4385-8fd9-daf90bdecd30,routine_request,sobrecarga_cuidador,general_distress,adaptive_intervention,low_or_single,[],Parece que este momento está siendo muy demandante. Hagamos esto simple. Una microacción posible es: quedarte con una sola prioridad.,"{""full_text"": ""Parece que este momento está siendo muy demandante. Hagamos esto simple. Una microacción posible es: quedarte con una sola prioridad.""}",human_curated,0.677,0.791,True,9,4,5,"[""culpabilizar"", ""moralizar""]","[""microacción concreta""]","[""menos palabras""]","[""sobrecarga_cuidador"", ""general_distress"", ""memoria""]",controlled_crisis_support,022e3a2c-326b-4892-92c2-79331a590b5c,dataset sintético-realista para memoria conversacional,True,2026-03-14T08:00:00,2026-05-17T21:00:00
128d5cbc-a16b-4d2c-8254-e6b44d5bfd12,64010efc-8274-49b5-81d5-b81ffa68199a,78df1dc7-ae73-47b0-8ba2-a5601d908644,school_support,sobrecarga_cuidador,general_distress,adaptive_intervention,double_exceptionality_or_cooccurrence,"[""Dispraxia""]",No necesitas resolverlo todo de golpe. Veamos qué está pesando más. Una microacción posible es: bajar autoexigencia por hoy.,"{""full_text"": ""No necesitas resolverlo todo de golpe. Veamos qué está pesando más. Una microacción posible es: bajar autoexigencia por hoy.""}",llm_fallback,0.806,0.712,True,5,3,2,"[""culpabilizar"", ""moralizar""]","[""microacción concreta""]","[""microacciones"", ""validación"", ""menos ruido""]","[""sobrecarga_cuidador"", ""general_distress"", ""memoria""]",controlled_low_demand_support,fd17ad9a-8fb0-4d76-9791-13b144849670,dataset sintético-realista para memoria conversacional,True,2026-03-10T08:00:00,2026-05-22T21:00:00
29438326-b87c-4bfc-9a5f-0cb7188be7b8,4aea8578-f11f-4cda-befa-c49409b9e347,531cf2cb-7ee1-48e4-9f79-fbebdcc77f1c,routine_request,sobrecarga_cuidador,general_distress,adaptive_intervention,low_or_single,"[""Tourette""]",Estoy contigo. Vamos a ir por una sola acción posible ahora. Una microacción posible es: quedarte con una sola prioridad.,"{""full_text"": ""Estoy contigo. Vamos a ir por una sola acción posible ahora. Una microacción posible es: quedarte con una sola prioridad.""}",llm_fallback,0.501,0.799,True,8,4,4,"[""culpabilizar"", ""moralizar""]","[""microacción concreta""]","[""menos ruido"", ""validación"", ""microacciones""]","[""sobrecarga_cuidador"", ""general_distress"", ""memoria""]",controlled_support_generation,ea8fce9c-68b1-480d-b311-3b7b4ad55671,dataset sintético-realista para memoria conversacional,True,2026-01-14T08:00:00,2026-05-23T21:00:00
b7eac0d8-ff96-481d-8cdb-fee255a6016e,a4860531-7601-4490-9c85-a6d114f09a01,771241a3-2b12-4784-a5ff-5edaad57c137,general_support,sobrecarga_sensorial,shutdown,reception_containment,double_exceptionality_or_cooccurrence,"[""Trastorno del sueño"", ""Mutismo selectivo""]",No necesitas resolverlo todo de golpe. Veamos qué está pesando más. Una microacción posible es: bajar ruido o luz por unos minutos.,"{""full_text"": ""No necesitas resolverlo todo de golpe. Veamos qué está pesando más. Una microacción posible es: bajar ruido o luz por unos minutos.""}",system,0.455,0.872,False,8,6,2,"[""culpabilizar"", ""moralizar""]","[""microacción concreta""]","[""menos palabras"", ""anticipación"", ""menos ruido""]","[""sobrecarga_sensorial"", ""shutdown"", ""memoria""]",controlled_low_demand_support,5fb3481f-d46d-40ad-98d9-9e148476e8f9,dataset sintético-realista para memoria conversacional,True,2026-01-07T08:00:00,2026-05-20T21:00:00
a2c79669-99ae-452b-b32e-23c44be7d063,bb844779-7042-4616-8b3c-d7bd921fbbde,f6bafba5-caae-4adf-a51d-c90de56797f0,urgent_support,sobrecarga_sensorial,shutdown,reception_containment,low_or_single,"[""Mutismo selectivo"", ""Tourette""]",Parece que este momento está siendo muy demandante. Hagamos esto simple. Una microacción posible es: retirar estímulos innecesarios.,"{""full_text"": ""Parece que este momento está siendo muy demandante. Hagamos esto simple. Una microacción posible es: retirar estímulos innecesarios.""}",human_curated,0.45,0.325,True,9,6,3,"[""culpabilizar"", ""moralizar""]","[""microacción concreta""]","[""menos palabras"", ""validación""]","[""sobrecarga_sensorial"", ""shutdown"", ""memoria""]",controlled_crisis_support,e0815648-2cdb-4c38-870b-a19258d38510,dataset sintético-realista para memoria conversacional,True,2026-04-10T08:00:00,2026-05-29T21:00:00
45803970-4f0e-4a52-b739-16ae39a5a1af,40cde2b1-a647-4cb0-8c9a-adebe1bab0cb,96c224b6-0ccd-4143-90dc-fef450b4d6f6,general_support,sobrecarga_sensorial,shutdown,reception_containment,triple_or_high_complexity,"[""TOC"", ""Dislexia""]","Antes de seguir, dime qué se ve más intenso ahora mismo: ruido, cansancio, tarea o emoción. Una microacción posible es: retirar estímulos innecesarios.","{""full_text"": ""Antes de seguir, dime qué se ve más intenso ahora mismo: ruido, cansancio, tarea o emoción. Una microacción posible es: retirar estímulos innecesarios.""}",llm_fallback,0.644,0.709,True,17,9,8,"[""culpabilizar"", ""moralizar""]","[""microacción concreta""]","[""anticipación"", ""validación""]","[""sobrecarga_sensorial"", ""shutdown"", ""memoria""]",controlled_support_generation,9aadb6b9-6cae-465e-b693-c10277237497,dataset sintético-realista para memoria conversacional,True,2026-01-24T08:00:00,2026-05-19T21:00:00
f70bc489-436e-4c00-a894-d4d067025fbc,28b2e675-056e-4641-905e-ff58e87ae9a7,2eeb7b96-d177-4620-abd6-76ca220ef059,strategy_feedback,sobrecarga_sensorial,shutdown,reception_containment,low_or_single,"[""Ansiedad"", ""AACC""]",Estoy contigo. Vamos a ir por una sola acción posible ahora. Una microacción posible es: retirar estímulos innecesarios.,"{""full_text"": ""Estoy contigo. Vamos a ir por una sola acción posible ahora. Una microacción posible es: retirar estímulos innecesarios.""}",llm_fallback,0.635,0.827,True,8,5,3,"[""culpabilizar"", ""moralizar""]","[""microacción concreta""]","[""menos ruido""]","[""sobrecarga_sensorial"", ""shutdown"", ""memoria""]",controlled_crisis_support,25d5b6d0-bf05-4700-873b-8f53c28b16f9,dataset sintético-realista para memoria conversacional,True,2026-02-18T08:00:00,2026-05-16T21:00:00
42d644ce-2e39-46d0-b219-bee1b166e273,9a156313-2f5f-46d4-9d59-8bc9537ede49,bf8e9aca-7b9e-4875-80c2-455dc00128a3,clarification_request,sobrecarga_sensorial,shutdown,reception_containment,triple_or_high_complexity,[],No necesitas resolverlo todo de golpe. Veamos qué está pesando más. Una microacción posible es: retirar estímulos innecesarios.,"{""full_text"": ""No necesitas resolverlo todo de golpe. Veamos qué está pesando más. Una microacción posible es: retirar estímulos innecesarios.""}",system,0.66,0.76,False,15,9,6,"[""culpabilizar"", ""moralizar""]","[""microacción concreta""]","[""menos ruido"", ""menos palabras""]","[""sobrecarga_sensorial"", ""shutdown"", ""memoria""]",controlled_support_generation,61eff383-7231-4573-9455-93ef92c2ef8f,dataset sintético-realista para memoria conversacional,True,2026-03-15T08:00:00,2026-05-13T21:00:00
38d94809-7185-4f96-a7d6-da59c29861ad,dea6a23c-20c9-4a58-990f-b32aac6b1169,832dbc18-88d3-4472-a925-1e237f75dc87,emotional_venting,sobrecarga_cuidador,general_distress,reception_containment,double_exceptionality_or_cooccurrence,[],"Antes de seguir, dime qué se ve más intenso ahora mismo: ruido, cansancio, tarea o emoción. Una microacción posible es: quedarte con una sola prioridad.","{""full_text"": ""Antes de seguir, dime qué se ve más intenso ahora mismo: ruido, cansancio, tarea o emoción. Una microacción posible es: quedarte con una sola prioridad.""}",human_curated,0.696,0.327,False,10,9,1,"[""culpabilizar"", ""moralizar""]","[""microacción concreta""]","[""microacciones""]","[""sobrecarga_cuidador"", ""general_distress"", ""memoria""]",controlled_crisis_support,83b08baa-aeec-421d-bb0c-3cd9debad1d6,dataset sintético-realista para memoria conversacional,True,2026-03-05T08:00:00,2026-05-18T21:00:00
ee97f35b-2f2d-417a-987e-296e96d2147d,6b250bbf-6ea6-42d7-ac1a-e715215ed167,e7bfc81a-b82c-4828-8c9f-5d5cccf09396,routine_request,sobrecarga_cuidador,general_distress,reception_containment,double_exceptionality_or_cooccurrence,[],Estoy contigo. Vamos a ir por una sola acción posible ahora. Una microacción posible es: bajar autoexigencia por hoy.,"{""full_text"": ""Estoy contigo. Vamos a ir por una sola acción posible ahora. Una microacción posible es: bajar autoexigencia por hoy.""}",llm_fallback,0.487,0.903,True,15,6,9,"[""culpabilizar"", ""moralizar""]","[""microacción concreta""]","[""menos palabras"", ""validación"", ""menos ruido""]","[""sobrecarga_cuidador"", ""general_distress"", ""memoria""]",controlled_crisis_support,67223149-bb8a-4626-ae7e-e43a12b8e19f,dataset sintético-realista para memoria conversacional,True,2026-03-20T08:00:00,2026-05-23T21:00:00
795b5e09-af9a-4545-a369-cce1bd4ae084,5c6f1713-177c-49eb-86fd-6c1ac9347741,6fb309e3-bbef-44f3-9fa7-614f386ee1c2,routine_request,sobrecarga_cuidador,general_distress,reception_containment,triple_or_high_complexity,"[""TDAH"", ""Ansiedad"", ""TEA""]",Estoy contigo. Vamos a ir por una sola acción posible ahora. Una microacción posible es: hacer una pausa de un minuto.,"{""full_text"": ""Estoy contigo. Vamos a ir por una sola acción posible ahora. Una microacción posible es: hacer una pausa de un minuto.""}",system,0.463,0.799,True,13,4,9,"[""culpabilizar"", ""moralizar""]","[""microacción concreta""]","[""microacciones""]","[""sobrecarga_cuidador"", ""general_distress"", ""memoria""]",controlled_crisis_support,e4fefbf4-cdb9-4dfb-9165-47b93a4852d1,dataset sintético-realista para memoria conversacional,True,2026-03-05T08:00:00,2026-05-31T21:00:00
933bc837-7094-48f1-8196-f17b26873671,70f51822-c0c4-44ce-a746-524de4602df6,3c7b81de-ea2c-4d84-a9a6-3560d9056695,school_support,sobrecarga_cuidador,general_distress,reception_containment,low_or_single,[],No necesitas resolverlo todo de golpe. Veamos qué está pesando más. Una microacción posible es: quedarte con una sola prioridad.,"{""full_text"": ""No necesitas resolverlo todo de golpe. Veamos qué está pesando más. Una microacción posible es: quedarte con una sola prioridad.""}",system,0.426,0.577,True,6,2,4,"[""culpabilizar"", ""moralizar""]","[""microacción concreta""]","[""validación"", ""menos ruido"", ""menos palabras""]","[""sobrecarga_cuidador"", ""general_distress"", ""memoria""]",controlled_support_generation,76440434-40b1-4b30-86bd-1ec086827077,dataset sintético-realista para memoria conversacional,True,2026-04-10T08:00:00,2026-05-14T21:00:00
ee6980bd-571f-4ede-a297-d40fd83f92f7,3bcb7eb9-47d9-495a-8846-c99c285f1712,90cbec23-43f5-4862-801c-0e7a56a19aaf,clarification_request,sobrecarga_cuidador,general_distress,reception_containment,triple_or_high_complexity,[],Parece que este momento está siendo muy demandante. Hagamos esto simple. Una microacción posible es: hacer una pausa de un minuto.,"{""full_text"": ""Parece que este momento está siendo muy demandante. Hagamos esto simple. Una microacción posible es: hacer una pausa de un minuto.""}",system,0.66,0.771,True,8,5,3,"[""culpabilizar"", ""moralizar""]","[""microacción concreta""]","[""microacciones"", ""menos palabras""]","[""sobrecarga_cuidador"", ""general_distress"", ""memoria""]",controlled_low_demand_support,516114cc-e3ef-4db3-a842-b38ba1afc402,dataset sintético-realista para memoria conversacional,True,2026-04-11T08:00:00,2026-05-22T21:00:00
0a244198-a5f1-43bb-af30-cd2392259d23,8eb78eb1-2c51-42fb-8109-782d19d43d14,032dcd07-c73f-450e-b4f5-f05f9c87151c,strategy_feedback,disfuncion_ejecutiva,executive_dysfunction,case_learning,double_exceptionality_or_cooccurrence,"[""Dispraxia"", ""Dislexia"", ""Mutismo selectivo""]",No necesitas resolverlo todo de golpe. Veamos qué está pesando más. Una microacción posible es: mostrar visualmente el inicio.,"{""full_text"": ""No necesitas resolverlo todo de golpe. Veamos qué está pesando más. Una microacción posible es: mostrar visualmente el inicio.""}",human_curated,0.829,0.786,True,4,3,1,"[""culpabilizar"", ""moralizar""]","[""microacción concreta""]","[""microacciones"", ""anticipación""]","[""disfuncion_ejecutiva"", ""executive_dysfunction"", ""memoria""]",controlled_crisis_support,671b8909-e930-4d00-b5cb-3e1bf874c7b0,dataset sintético-realista para memoria conversacional,True,2026-04-15T08:00:00,2026-05-28T21:00:00
92d8d17a-fa09-4949-b1ef-9f256e182897,233606d0-5b54-4710-a599-50e8f6190bea,80f473e9-607a-4bc2-8ccf-542a863032de,routine_request,disfuncion_ejecutiva,executive_dysfunction,case_learning,double_exceptionality_or_cooccurrence,"[""TDAH"", ""Sensibilidad sensorial"", ""AACC""]",No necesitas resolverlo todo de golpe. Veamos qué está pesando más. Una microacción posible es: hacer solo el primer paso.,"{""full_text"": ""No necesitas resolverlo todo de golpe. Veamos qué está pesando más. Una microacción posible es: hacer solo el primer paso.""}",llm_fallback,0.793,0.711,False,17,5,12,"[""culpabilizar"", ""moralizar""]","[""microacción concreta""]","[""microacciones""]","[""disfuncion_ejecutiva"", ""executive_dysfunction"", ""memoria""]",controlled_low_demand_support,ab4302d2-e03e-463d-9d22-bbf81e4da7da,dataset sintético-realista para memoria conversacional,True,2026-01-28T08:00:00,2026-05-25T21:00:00
e6ab0776-cca2-49fa-b8ce-8d8ec27800aa,0e5bdd1d-eabe-40e8-aeed-08f55db16a62,e74cf013-3ab7-49ae-aeee-8034ec96ecc2,emotional_venting,disfuncion_ejecutiva,executive_dysfunction,case_learning,triple_or_high_complexity,"[""Dispraxia"", ""AACC"", ""Discalculia""]",Estoy contigo. Vamos a ir por una sola acción posible ahora. Una microacción posible es: mostrar visualmente el inicio.,"{""full_text"": ""Estoy contigo. Vamos a ir por una sola acción posible ahora. Una microacción posible es: mostrar visualmente el inicio.""}",system,0.877,0.792,False,16,10,6,"[""culpabilizar"", ""moralizar""]","[""microacción concreta""]","[""anticipación"", ""microacciones"", ""menos palabras""]","[""disfuncion_ejecutiva"", ""executive_dysfunction"", ""memoria""]",controlled_support_generation,3cdb7f2c-7cf0-4e0f-8b05-fba6067fd3eb,dataset sintético-realista para memoria conversacional,True,2026-04-03T08:00:00,2026-05-31T21:00:00
2b6c2e42-4281-49ae-9d34-0c9f40518096,86deb79a-93ee-4cfc-a8ca-6d86fca5b239,ce710f9d-ed33-4f5c-a79b-7eea219d41e3,routine_request,disfuncion_ejecutiva,executive_dysfunction,case_learning,triple_or_high_complexity,"[""TDAH"", ""Trastorno del sueño""]",No necesitas resolverlo todo de golpe. Veamos qué está pesando más. Una microacción posible es: elegir una tarea mínima.,"{""full_text"": ""No necesitas resolverlo todo de golpe. Veamos qué está pesando más. Una microacción posible es: elegir una tarea mínima.""}",human_curated,0.67,0.825,False,16,5,11,"[""culpabilizar"", ""moralizar""]","[""microacción concreta""]","[""validación""]","[""disfuncion_ejecutiva"", ""executive_dysfunction"", ""memoria""]",controlled_crisis_support,c158e7e9-d17b-4ef0-9f6a-c18e5ffe3473,dataset sintético-realista para memoria conversacional,True,2026-03-15T08:00:00,2026-05-14T21:00:00
092dec9d-365c-4967-b399-586f9ba4a9d7,1249a9c0-e28c-4ad2-9e76-7ac056f658c8,becf7357-95f2-4370-86a3-a9c94b16af99,general_support,disfuncion_ejecutiva,executive_dysfunction,case_learning,low_or_single,"[""Sensibilidad sensorial"", ""TDAH""]",Estoy contigo. Vamos a ir por una sola acción posible ahora. Una microacción posible es: elegir una tarea mínima.,"{""full_text"": ""Estoy contigo. Vamos a ir por una sola acción posible ahora. Una microacción posible es: elegir una tarea mínima.""}",human_curated,0.863,0.639,True,12,4,8,"[""culpabilizar"", ""moralizar""]","[""microacción concreta""]","[""menos palabras"", ""menos ruido""]","[""disfuncion_ejecutiva"", ""executive_dysfunction"", ""memoria""]",controlled_support_generation,efe5be13-7bff-4f88-b935-14fc7dc2cbe4,dataset sintético-realista para memoria conversacional,True,2026-02-22T08:00:00,2026-05-29T21:00:00
8a688438-92bc-4e5f-a440-3fdcb2fc1932,c079b869-56ed-42a7-9026-94eda889db84,f2200583-e6bb-49b6-b888-a763e79faeea,general_support,sobrecarga_sensorial,sensory_overload,reception_containment,low_or_single,"[""Dislexia"", ""Discalculia"", ""Mutismo selectivo""]",Parece que este momento está siendo muy demandante. Hagamos esto simple. Una microacción posible es: bajar ruido o luz por unos minutos.,"{""full_text"": ""Parece que este momento está siendo muy demandante. Hagamos esto simple. Una microacción posible es: bajar ruido o luz por unos minutos.""}",human_curated,0.516,0.255,True,13,11,2,"[""culpabilizar"", ""moralizar""]","[""microacción concreta""]","[""anticipación""]","[""sobrecarga_sensorial"", ""sensory_overload"", ""memoria""]",controlled_low_demand_support,491c9242-6407-4449-879d-8e09f1a825af,dataset sintético-realista para memoria conversacional,True,2026-04-14T08:00:00,2026-05-22T21:00:00
d5fdd827-d29f-4d1b-92dd-8dbc54d4ddc4,70f51822-c0c4-44ce-a746-524de4602df6,3c7b81de-ea2c-4d84-a9a6-3560d9056695,routine_request,sobrecarga_sensorial,sensory_overload,reception_containment,triple_or_high_complexity,"[""Trastorno del sueño""]",No necesitas resolverlo todo de golpe. Veamos qué está pesando más. Una microacción posible es: bajar ruido o luz por unos minutos.,"{""full_text"": ""No necesitas resolverlo todo de golpe. Veamos qué está pesando más. Una microacción posible es: bajar ruido o luz por unos minutos.""}",human_curated,0.446,0.573,True,13,13,0,"[""culpabilizar"", ""moralizar""]","[""microacción concreta""]","[""microacciones"", ""validación""]","[""sobrecarga_sensorial"", ""sensory_overload"", ""memoria""]",controlled_crisis_support,65fa8e85-4514-46c6-825a-e5e3b4a447d1,dataset sintético-realista para memoria conversacional,True,2026-02-03T08:00:00,2026-05-22T21:00:00
a1d67fc1-c77a-4c70-a86f-801a1144e37e,6516c9f5-9d32-43ef-8fcf-3ce0fffa3472,269d82a3-018c-4c08-a87e-4de2fb3c7094,school_support,sobrecarga_sensorial,sensory_overload,reception_containment,low_or_single,"[""TEA""]",Estoy contigo. Vamos a ir por una sola acción posible ahora. Una microacción posible es: dar espacio regulador breve.,"{""full_text"": ""Estoy contigo. Vamos a ir por una sola acción posible ahora. Una microacción posible es: dar espacio regulador breve.""}",system,0.492,0.545,False,11,6,5,"[""culpabilizar"", ""moralizar""]","[""microacción concreta""]","[""validación"", ""anticipación"", ""menos palabras""]","[""sobrecarga_sensorial"", ""sensory_overload"", ""memoria""]",controlled_low_demand_support,c39b7de9-2aee-406c-b3dc-102eea21eef7,dataset sintético-realista para memoria conversacional,True,2026-03-03T08:00:00,2026-05-31T21:00:00
0e6c0bc6-ffbd-4a63-b167-de17af174b9d,02402def-d911-468c-88fa-4a691bbb79d6,144b8108-f23c-4bf5-aab9-27382ba12462,emotional_venting,sobrecarga_sensorial,sensory_overload,reception_containment,triple_or_high_complexity,"[""AACC"", ""TEA""]",Parece que este momento está siendo muy demandante. Hagamos esto simple. Una microacción posible es: retirar estímulos innecesarios.,"{""full_text"": ""Parece que este momento está siendo muy demandante. Hagamos esto simple. Una microacción posible es: retirar estímulos innecesarios.""}",system,0.818,0.856,False,10,4,6,"[""culpabilizar"", ""moralizar""]","[""microacción concreta""]","[""microacciones""]","[""sobrecarga_sensorial"", ""sensory_overload"", ""memoria""]",controlled_low_demand_support,7d75b019-2f94-4077-98a1-2006c25af950,dataset sintético-realista para memoria conversacional,True,2026-03-28T08:00:00,2026-05-21T21:00:00
e7af61b7-c50c-4a02-8a59-fb7f56277e21,ae18da88-c7da-4e72-a331-844ad52c56e0,af8b8294-88fa-4296-82d9-c88402b5a547,general_support,crisis_activa,emotional_dysregulation,reception_containment,triple_or_high_complexity,"[""Trastorno del sueño"", ""Discalculia"", ""Dislexia""]",Estoy contigo. Vamos a ir por una sola acción posible ahora. Una microacción posible es: bajar la voz y retirar una exigencia.,"{""full_text"": ""Estoy contigo. Vamos a ir por una sola acción posible ahora. Una microacción posible es: bajar la voz y retirar una exigencia.""}",system,0.493,0.605,True,18,16,2,"[""culpabilizar"", ""moralizar""]","[""microacción concreta""]","[""validación"", ""menos ruido""]","[""crisis_activa"", ""emotional_dysregulation"", ""memoria""]",controlled_support_generation,e939ba77-5dc0-469b-b647-7a71fcb1b064,dataset sintético-realista para memoria conversacional,True,2026-03-16T08:00:00,2026-05-16T21:00:00
434e39fc-9f88-4fb4-964f-ad6f6bd149c3,a23b37d2-f123-4412-afe5-2dcd60000021,4c94bab9-da7d-4f9f-ae97-19f3a7270210,urgent_support,crisis_activa,emotional_dysregulation,reception_containment,triple_or_high_complexity,"[""Discalculia"", ""Dislexia"", ""AACC""]",Parece que este momento está siendo muy demandante. Hagamos esto simple. Una microacción posible es: alejar un estímulo intenso.,"{""full_text"": ""Parece que este momento está siendo muy demandante. Hagamos esto simple. Una microacción posible es: alejar un estímulo intenso.""}",system,0.625,0.712,False,17,5,12,"[""culpabilizar"", ""moralizar""]","[""microacción concreta""]","[""anticipación"", ""microacciones"", ""menos palabras""]","[""crisis_activa"", ""emotional_dysregulation"", ""memoria""]",controlled_crisis_support,190110f4-daf3-4035-8268-66d3b90179bf,dataset sintético-realista para memoria conversacional,True,2026-02-03T08:00:00,2026-05-12T21:00:00
8eb8760e-e64c-4986-9754-04742b44acb0,ae18da88-c7da-4e72-a331-844ad52c56e0,af8b8294-88fa-4296-82d9-c88402b5a547,emotional_venting,crisis_activa,emotional_dysregulation,reception_containment,triple_or_high_complexity,"[""TEA""]",No necesitas resolverlo todo de golpe. Veamos qué está pesando más. Una microacción posible es: alejar un estímulo intenso.,"{""full_text"": ""No necesitas resolverlo todo de golpe. Veamos qué está pesando más. Una microacción posible es: alejar un estímulo intenso.""}",system,0.524,0.745,True,7,5,2,"[""culpabilizar"", ""moralizar""]","[""microacción concreta""]","[""microacciones"", ""anticipación"", ""menos ruido""]","[""crisis_activa"", ""emotional_dysregulation"", ""memoria""]",controlled_low_demand_support,de52b7af-6230-412e-9576-dd26c888459f,dataset sintético-realista para memoria conversacional,True,2026-03-17T08:00:00,2026-05-21T21:00:00
472e290c-fc27-4f31-ac00-7d9425e678e5,6de7afcf-3f18-4f11-94d1-55afc0aeefba,cbe32f90-e670-4f47-be07-1f581b613d94,routine_request,crisis_activa,emotional_dysregulation,reception_containment,low_or_single,"[""Sensibilidad sensorial"", ""TOC"", ""TEA""]",Estoy contigo. Vamos a ir por una sola acción posible ahora. Una microacción posible es: priorizar seguridad y pausar preguntas.,"{""full_text"": ""Estoy contigo. Vamos a ir por una sola acción posible ahora. Una microacción posible es: priorizar seguridad y pausar preguntas.""}",system,0.591,0.542,True,3,1,2,"[""culpabilizar"", ""moralizar""]","[""microacción concreta""]","[""menos ruido"", ""microacciones""]","[""crisis_activa"", ""emotional_dysregulation"", ""memoria""]",controlled_crisis_support,f0ee4997-f2fc-465a-9439-8eb8113771b3,dataset sintético-realista para memoria conversacional,True,2026-02-25T08:00:00,2026-05-29T21:00:00
56c94be5-66ee-4b89-9867-eec773e255f1,d237e2ed-efc4-46b6-9b11-086add8aead9,f447bb5b-8866-4316-8e24-f47bbd6412e3,school_support,crisis_activa,emotional_dysregulation,reception_containment,double_exceptionality_or_cooccurrence,[],"Antes de seguir, dime qué se ve más intenso ahora mismo: ruido, cansancio, tarea o emoción. Una microacción posible es: alejar un estímulo intenso.","{""full_text"": ""Antes de seguir, dime qué se ve más intenso ahora mismo: ruido, cansancio, tarea o emoción. Una microacción posible es: alejar un estímulo intenso.""}",system,0.435,0.258,True,9,5,4,"[""culpabilizar"", ""moralizar""]","[""microacción concreta""]","[""anticipación"", ""validación"", ""menos ruido""]","[""crisis_activa"", ""emotional_dysregulation"", ""memoria""]",controlled_crisis_support,6a66a0d0-8431-4a96-a08f-0509979e18e8,dataset sintético-realista para memoria conversacional,True,2026-04-14T08:00:00,2026-05-13T21:00:00
3a748ad4-5e13-4683-9a58-6a073aaae572,6340c30f-8b5b-4d32-8039-1e311ffb1075,ea45fd99-725d-4d91-9778-301490c11bec,routine_request,transicion_rigidez,general_distress,reception_containment,low_or_single,"[""Sensibilidad sensorial"", ""TEA""]","Antes de seguir, dime qué se ve más intenso ahora mismo: ruido, cansancio, tarea o emoción. Una microacción posible es: avisar el cambio con una frase clara.","{""full_text"": ""Antes de seguir, dime qué se ve más intenso ahora mismo: ruido, cansancio, tarea o emoción. Una microacción posible es: avisar el cambio con una frase clara.""}",system,0.817,0.831,True,8,4,4,"[""culpabilizar"", ""moralizar""]","[""microacción concreta""]","[""menos palabras"", ""validación"", ""menos ruido""]","[""transicion_rigidez"", ""general_distress"", ""memoria""]",controlled_low_demand_support,619e925a-5b26-46c6-995d-9a42bfd94c23,dataset sintético-realista para memoria conversacional,True,2026-03-01T08:00:00,2026-05-19T21:00:00
9ff636d5-3e80-4f88-97d4-2e4bfb72e48b,dbbc5520-d492-49cb-aee2-e33d1f3acd31,9d28a664-dcef-4d1d-bde0-bca9b4ed1815,clarification_request,transicion_rigidez,general_distress,reception_containment,triple_or_high_complexity,[],No necesitas resolverlo todo de golpe. Veamos qué está pesando más. Una microacción posible es: dar tiempo breve antes de cambiar.,"{""full_text"": ""No necesitas resolverlo todo de golpe. Veamos qué está pesando más. Una microacción posible es: dar tiempo breve antes de cambiar.""}",system,0.733,0.84,True,11,7,4,"[""culpabilizar"", ""moralizar""]","[""microacción concreta""]","[""anticipación"", ""menos palabras"", ""microacciones""]","[""transicion_rigidez"", ""general_distress"", ""memoria""]",controlled_crisis_support,b764678a-89c2-4310-81ee-4227f01666a5,dataset sintético-realista para memoria conversacional,True,2026-04-07T08:00:00,2026-05-20T21:00:00
5b8d8a8e-458c-4923-be12-b5a64a2ae633,0e5bdd1d-eabe-40e8-aeed-08f55db16a62,e74cf013-3ab7-49ae-aeee-8034ec96ecc2,urgent_support,transicion_rigidez,general_distress,reception_containment,triple_or_high_complexity,[],"Antes de seguir, dime qué se ve más intenso ahora mismo: ruido, cansancio, tarea o emoción. Una microacción posible es: dar tiempo breve antes de cambiar.","{""full_text"": ""Antes de seguir, dime qué se ve más intenso ahora mismo: ruido, cansancio, tarea o emoción. Una microacción posible es: dar tiempo breve antes de cambiar.""}",system,0.844,0.214,True,9,5,4,"[""culpabilizar"", ""moralizar""]","[""microacción concreta""]","[""validación""]","[""transicion_rigidez"", ""general_distress"", ""memoria""]",controlled_support_generation,d4efdc69-61cb-4271-85b0-18c56bd672a7,dataset sintético-realista para memoria conversacional,True,2026-03-02T08:00:00,2026-05-16T21:00:00
53422bec-cf4a-4c1f-b91c-e933b9cb76fe,7096656a-0e08-4f7a-bc9c-37736af8e1c0,002dfe29-c5ba-4250-971d-557593e6af61,school_support,transicion_rigidez,general_distress,reception_containment,low_or_single,"[""Dispraxia"", ""AACC"", ""Dislexia""]",Parece que este momento está siendo muy demandante. Hagamos esto simple. Una microacción posible es: avisar el cambio con una frase clara.,"{""full_text"": ""Parece que este momento está siendo muy demandante. Hagamos esto simple. Una microacción posible es: avisar el cambio con una frase clara.""}",llm_fallback,0.88,0.56,True,3,1,2,"[""culpabilizar"", ""moralizar""]","[""microacción concreta""]","[""anticipación""]","[""transicion_rigidez"", ""general_distress"", ""memoria""]",controlled_low_demand_support,7ea7b3c8-cfe0-490f-b37a-7100c301e190,dataset sintético-realista para memoria conversacional,True,2026-02-05T08:00:00,2026-05-12T21:00:00
49493409-8f3f-4f5d-bfd5-343006750e25,eeb1155e-5408-4539-a2a1-e5bef6859bee,52d7da70-908b-46c2-8e66-1fa28c576008,urgent_support,transicion_rigidez,general_distress,reception_containment,double_exceptionality_or_cooccurrence,"[""Tourette"", ""Sensibilidad sensorial"", ""Trastorno del sueño""]",No necesitas resolverlo todo de golpe. Veamos qué está pesando más. Una microacción posible es: avisar el cambio con una frase clara.,"{""full_text"": ""No necesitas resolverlo todo de golpe. Veamos qué está pesando más. Una microacción posible es: avisar el cambio con una frase clara.""}",human_curated,0.579,0.751,True,8,2,6,"[""culpabilizar"", ""moralizar""]","[""microacción concreta""]","[""validación"", ""microacciones"", ""anticipación""]","[""transicion_rigidez"", ""general_distress"", ""memoria""]",controlled_low_demand_support,a17c2176-0991-4419-adcb-ccc190c3f2b1,dataset sintético-realista para memoria conversacional,True,2026-04-06T08:00:00,2026-05-27T21:00:00
3c7b77b2-59de-48b2-aae2-cbd54e65aff4,b725812f-efaf-4221-a1c9-77b3ae848ba4,8046678c-8447-44b6-85ab-9da99159ae10,school_support,sueno_regulacion,sleep_disruption,focus_clarification,double_exceptionality_or_cooccurrence,"[""TOC"", ""Dispraxia""]","Antes de seguir, dime qué se ve más intenso ahora mismo: ruido, cansancio, tarea o emoción. Una microacción posible es: bajar las luces.","{""full_text"": ""Antes de seguir, dime qué se ve más intenso ahora mismo: ruido, cansancio, tarea o emoción. Una microacción posible es: bajar las luces.""}",human_curated,0.515,0.766,False,3,2,1,"[""culpabilizar"", ""moralizar""]","[""microacción concreta""]","[""anticipación""]","[""sueno_regulacion"", ""sleep_disruption"", ""memoria""]",controlled_support_generation,9a24f991-41ae-4029-aaa9-7a8fcac4a8c6,dataset sintético-realista para memoria conversacional,True,2026-02-18T08:00:00,2026-05-18T21:00:00
c74f430b-f35f-4d87-b16f-c707fce5bf9b,e6ff2d8b-7d4e-44a6-a68f-061e7624dcb5,fd304e88-2c32-41dc-afef-6ddf82fa29e1,urgent_support,sueno_regulacion,sleep_disruption,focus_clarification,low_or_single,"[""Dispraxia"", ""Tourette"", ""TEA""]",Parece que este momento está siendo muy demandante. Hagamos esto simple. Una microacción posible es: bajar las luces.,"{""full_text"": ""Parece que este momento está siendo muy demandante. Hagamos esto simple. Una microacción posible es: bajar las luces.""}",system,0.746,0.746,True,17,16,1,"[""culpabilizar"", ""moralizar""]","[""microacción concreta""]","[""menos palabras"", ""anticipación""]","[""sueno_regulacion"", ""sleep_disruption"", ""memoria""]",controlled_crisis_support,24c3c6be-91cb-4af5-aad5-f3e0baddcc9b,dataset sintético-realista para memoria conversacional,True,2026-01-28T08:00:00,2026-05-23T21:00:00
e95958d8-0dd7-4281-b061-8167a1ece1ae,29907378-5e9b-4661-b240-f444d1725468,9ef7570a-1509-4672-9045-30877ab4f0a7,general_support,sueno_regulacion,sleep_disruption,focus_clarification,low_or_single,[],Estoy contigo. Vamos a ir por una sola acción posible ahora. Una microacción posible es: bajar las luces.,"{""full_text"": ""Estoy contigo. Vamos a ir por una sola acción posible ahora. Una microacción posible es: bajar las luces.""}",llm_fallback,0.835,0.734,True,9,6,3,"[""culpabilizar"", ""moralizar""]","[""microacción concreta""]","[""microacciones"", ""menos ruido"", ""menos palabras""]","[""sueno_regulacion"", ""sleep_disruption"", ""memoria""]",controlled_low_demand_support,cc468d7b-3ebc-48d9-bbc5-6b749c4472f4,dataset sintético-realista para memoria conversacional,True,2026-02-17T08:00:00,2026-05-17T21:00:00
c7beb0d3-3a88-448f-b97a-acc69a8c365f,244cf02a-6a9f-4e51-8fd0-39996e6c74aa,17c2e9a7-db55-4986-a5a7-18c718d4a083,routine_request,sueno_regulacion,sleep_disruption,focus_clarification,low_or_single,[],No necesitas resolverlo todo de golpe. Veamos qué está pesando más. Una microacción posible es: mantener secuencia nocturna breve.,"{""full_text"": ""No necesitas resolverlo todo de golpe. Veamos qué está pesando más. Una microacción posible es: mantener secuencia nocturna breve.""}",system,0.875,0.88,True,2,1,1,"[""culpabilizar"", ""moralizar""]","[""microacción concreta""]","[""anticipación""]","[""sueno_regulacion"", ""sleep_disruption"", ""memoria""]",controlled_support_generation,52021286-cb5c-4772-a2b2-13568a488b1a,dataset sintético-realista para memoria conversacional,True,2026-02-05T08:00:00,2026-05-22T21:00:00
467f7135-d2e8-43cc-97b6-98f1dc26c68e,d691ff58-3270-4370-8017-5091091f2369,9143abc3-6961-4eb8-a76c-0468c6e4a505,emotional_venting,sueno_regulacion,sleep_disruption,focus_clarification,low_or_single,"[""Dislexia"", ""TOC""]",No necesitas resolverlo todo de golpe. Veamos qué está pesando más. Una microacción posible es: cerrar pantallas antes.,"{""full_text"": ""No necesitas resolverlo todo de golpe. Veamos qué está pesando más. Una microacción posible es: cerrar pantallas antes.""}",llm_fallback,0.861,0.682,False,12,9,3,"[""culpabilizar"", ""moralizar""]","[""microacción concreta""]","[""menos ruido"", ""menos palabras"", ""validación""]","[""sueno_regulacion"", ""sleep_disruption"", ""memoria""]",controlled_crisis_support,772acf28-23e5-4a63-804e-27435149c198,dataset sintético-realista para memoria conversacional,True,2026-01-12T08:00:00,2026-05-16T21:00:00
831993a3-84a6-4e58-95af-959c5f8f4bb5,244cf02a-6a9f-4e51-8fd0-39996e6c74aa,17c2e9a7-db55-4986-a5a7-18c718d4a083,general_support,transicion_rigidez,shutdown,case_learning,low_or_single,[],Estoy contigo. Vamos a ir por una sola acción posible ahora. Una microacción posible es: mostrar qué sigue.,"{""full_text"": ""Estoy contigo. Vamos a ir por una sola acción posible ahora. Una microacción posible es: mostrar qué sigue.""}",llm_fallback,0.874,0.879,True,18,18,0,"[""culpabilizar"", ""moralizar""]","[""microacción concreta""]","[""validación""]","[""transicion_rigidez"", ""shutdown"", ""memoria""]",controlled_crisis_support,a148dc4a-f7cd-411f-8ebb-912da63990fd,dataset sintético-realista para memoria conversacional,True,2026-04-05T08:00:00,2026-05-27T21:00:00
9a52ef46-f521-4be6-b284-af6814d1f544,715d0761-a622-4544-854f-d6bb0ae9b91f,01f84486-4abe-485c-9c92-878ab8644900,emotional_venting,transicion_rigidez,shutdown,case_learning,triple_or_high_complexity,"[""TEA"", ""Dispraxia"", ""AACC""]",No necesitas resolverlo todo de golpe. Veamos qué está pesando más. Una microacción posible es: mostrar qué sigue.,"{""full_text"": ""No necesitas resolverlo todo de golpe. Veamos qué está pesando más. Una microacción posible es: mostrar qué sigue.""}",human_curated,0.936,0.887,True,10,4,6,"[""culpabilizar"", ""moralizar""]","[""microacción concreta""]","[""microacciones"", ""anticipación""]","[""transicion_rigidez"", ""shutdown"", ""memoria""]",controlled_low_demand_support,fd959c98-bcb5-49ca-a6ba-4aa2716f76a3,dataset sintético-realista para memoria conversacional,True,2026-01-15T08:00:00,2026-05-14T21:00:00
31bb3a4f-a4fb-4431-86eb-f431c815ac98,acd7d45c-b0dd-44b1-9cd1-40d889a44d36,b64281ad-59ef-4659-a156-69fdd7d79196,emotional_venting,transicion_rigidez,shutdown,case_learning,double_exceptionality_or_cooccurrence,[],Parece que este momento está siendo muy demandante. Hagamos esto simple. Una microacción posible es: dar tiempo breve antes de cambiar.,"{""full_text"": ""Parece que este momento está siendo muy demandante. Hagamos esto simple. Una microacción posible es: dar tiempo breve antes de cambiar.""}",system,0.743,0.54,True,5,3,2,"[""culpabilizar"", ""moralizar""]","[""microacción concreta""]","[""menos ruido""]","[""transicion_rigidez"", ""shutdown"", ""memoria""]",controlled_support_generation,c3c732d5-d5a0-4ef5-a916-66eb50fe5f75,dataset sintético-realista para memoria conversacional,True,2026-01-09T08:00:00,2026-05-23T21:00:00
735d2f29-c531-4cda-a91c-d822a00ff619,a4860531-7601-4490-9c85-a6d114f09a01,771241a3-2b12-4784-a5ff-5edaad57c137,school_support,transicion_rigidez,shutdown,case_learning,low_or_single,"[""Dispraxia"", ""Tourette""]","Antes de seguir, dime qué se ve más intenso ahora mismo: ruido, cansancio, tarea o emoción. Una microacción posible es: avisar el cambio con una frase clara.","{""full_text"": ""Antes de seguir, dime qué se ve más intenso ahora mismo: ruido, cansancio, tarea o emoción. Una microacción posible es: avisar el cambio con una frase clara.""}",system,0.529,0.239,False,6,4,2,"[""culpabilizar"", ""moralizar""]","[""microacción concreta""]","[""validación"", ""menos ruido"", ""microacciones""]","[""transicion_rigidez"", ""shutdown"", ""memoria""]",controlled_crisis_support,0409615b-ecd5-492a-a62e-51de4df4b2e6,dataset sintético-realista para memoria conversacional,True,2026-01-13T08:00:00,2026-05-24T21:00:00
ba6978d1-a05b-4efc-8c6d-17b7a1d18901,11d0c5c7-307a-49b9-8d57-44b99f520cdc,9ff4226d-4872-4bde-ac45-221a053efef7,emotional_venting,crisis_activa,shutdown,closure_continuity,low_or_single,"[""Tourette""]",No necesitas resolverlo todo de golpe. Veamos qué está pesando más. Una microacción posible es: bajar la voz y retirar una exigencia.,"{""full_text"": ""No necesitas resolverlo todo de golpe. Veamos qué está pesando más. Una microacción posible es: bajar la voz y retirar una exigencia.""}",human_curated,0.478,0.727,True,16,12,4,"[""culpabilizar"", ""moralizar""]","[""microacción concreta""]","[""anticipación"", ""menos palabras""]","[""crisis_activa"", ""shutdown"", ""memoria""]",controlled_support_generation,27e5b408-737a-4a0f-b7db-000dc4d53a2e,dataset sintético-realista para memoria conversacional,True,2026-02-11T08:00:00,2026-05-16T21:00:00
47a59f4f-bb5f-49f0-ae91-cfe0109cca20,6de7afcf-3f18-4f11-94d1-55afc0aeefba,cbe32f90-e670-4f47-be07-1f581b613d94,routine_request,crisis_activa,shutdown,closure_continuity,triple_or_high_complexity,"[""Mutismo selectivo""]",Parece que este momento está siendo muy demandante. Hagamos esto simple. Una microacción posible es: bajar la voz y retirar una exigencia.,"{""full_text"": ""Parece que este momento está siendo muy demandante. Hagamos esto simple. Una microacción posible es: bajar la voz y retirar una exigencia.""}",system,0.85,0.531,False,10,10,0,"[""culpabilizar"", ""moralizar""]","[""microacción concreta""]","[""validación""]","[""crisis_activa"", ""shutdown"", ""memoria""]",controlled_support_generation,25b8f282-2648-4ef0-ba08-d412998d7095,dataset sintético-realista para memoria conversacional,True,2026-02-13T08:00:00,2026-05-25T21:00:00
9ec90ecd-276b-48be-877c-5c96e393ccc9,b46ce6d2-f4c3-4f0e-8b1f-14c753b07232,4631cff6-fc69-4776-afd5-a5b8b3ccc209,routine_request,crisis_activa,shutdown,closure_continuity,triple_or_high_complexity,"[""AACC"", ""Dispraxia"", ""Ansiedad""]",No necesitas resolverlo todo de golpe. Veamos qué está pesando más. Una microacción posible es: priorizar seguridad y pausar preguntas.,"{""full_text"": ""No necesitas resolverlo todo de golpe. Veamos qué está pesando más. Una microacción posible es: priorizar seguridad y pausar preguntas.""}",llm_fallback,0.805,0.533,True,2,1,1,"[""culpabilizar"", ""moralizar""]","[""microacción concreta""]","[""menos ruido""]","[""crisis_activa"", ""shutdown"", ""memoria""]",controlled_crisis_support,d5b8ba79-e8f0-483a-92ff-975c0f16cdc9,dataset sintético-realista para memoria conversacional,True,2026-02-13T08:00:00,2026-05-30T21:00:00
3c9aec23-6bee-493f-b7c5-6d86e24119ea,d4f35426-b48c-4ccb-8a6f-ef83a9972bfa,a01c68eb-7f46-449e-855a-a20c619b6078,clarification_request,crisis_activa,shutdown,closure_continuity,low_or_single,"[""TOC""]",Estoy contigo. Vamos a ir por una sola acción posible ahora. Una microacción posible es: alejar un estímulo intenso.,"{""full_text"": ""Estoy contigo. Vamos a ir por una sola acción posible ahora. Una microacción posible es: alejar un estímulo intenso.""}",llm_fallback,0.512,0.924,True,2,1,1,"[""culpabilizar"", ""moralizar""]","[""microacción concreta""]","[""menos ruido"", ""validación"", ""microacciones""]","[""crisis_activa"", ""shutdown"", ""memoria""]",controlled_low_demand_support,6c4d7dd5-260c-4815-b617-743fae56bc64,dataset sintético-realista para memoria conversacional,True,2026-03-14T08:00:00,2026-05-20T21:00:00
7f44fb77-905c-4d24-bbaf-6da1e3c217b6,1a8cc57a-55e6-4184-ac1e-28c42eb70aab,2eb6c38e-fd93-4cb3-9c85-aacb9485f4ad,routine_request,crisis_activa,shutdown,closure_continuity,double_exceptionality_or_cooccurrence,"[""Dispraxia""]","Antes de seguir, dime qué se ve más intenso ahora mismo: ruido, cansancio, tarea o emoción. Una microacción posible es: alejar un estímulo intenso.","{""full_text"": ""Antes de seguir, dime qué se ve más intenso ahora mismo: ruido, cansancio, tarea o emoción. Una microacción posible es: alejar un estímulo intenso.""}",human_curated,0.507,0.901,True,3,1,2,"[""culpabilizar"", ""moralizar""]","[""microacción concreta""]","[""menos ruido"", ""microacciones""]","[""crisis_activa"", ""shutdown"", ""memoria""]",controlled_crisis_support,94798330-bb3d-49c8-9387-b8a536211d87,dataset sintético-realista para memoria conversacional,True,2026-03-05T08:00:00,2026-05-28T21:00:00
6b4703f9-16e9-4509-8855-a5ba82c7e40c,08d8cf55-b08c-453b-ba75-c8f316e258f5,433b92da-b679-4bfa-a01d-0bd32f4c15af,school_support,transicion_rigidez,sensory_overload,closure_continuity,low_or_single,[],Estoy contigo. Vamos a ir por una sola acción posible ahora. Una microacción posible es: dar tiempo breve antes de cambiar.,"{""full_text"": ""Estoy contigo. Vamos a ir por una sola acción posible ahora. Una microacción posible es: dar tiempo breve antes de cambiar.""}",human_curated,0.441,0.766,False,11,6,5,"[""culpabilizar"", ""moralizar""]","[""microacción concreta""]","[""menos palabras""]","[""transicion_rigidez"", ""sensory_overload"", ""memoria""]",controlled_support_generation,f708dc14-741c-46a0-a341-88d942729eef,dataset sintético-realista para memoria conversacional,True,2026-02-10T08:00:00,2026-05-24T21:00:00
cd81046f-ecee-4553-af87-b3e4eaf88d7d,7f080bb1-4c5f-4d1c-9f8d-f8ef41790fe9,80e2c913-8667-4786-b886-d727c3898c51,clarification_request,transicion_rigidez,sensory_overload,closure_continuity,low_or_single,"[""Mutismo selectivo""]",No necesitas resolverlo todo de golpe. Veamos qué está pesando más. Una microacción posible es: avisar el cambio con una frase clara.,"{""full_text"": ""No necesitas resolverlo todo de golpe. Veamos qué está pesando más. Una microacción posible es: avisar el cambio con una frase clara.""}",llm_fallback,0.543,0.845,False,2,1,1,"[""culpabilizar"", ""moralizar""]","[""microacción concreta""]","[""menos ruido""]","[""transicion_rigidez"", ""sensory_overload"", ""memoria""]",controlled_low_demand_support,322e71a8-0c37-4130-a3e4-7c1ef9e662b5,dataset sintético-realista para memoria conversacional,True,2026-03-14T08:00:00,2026-05-15T21:00:00
a7ee4bb5-c528-4083-8b77-29696d81c6d6,ec43e719-9d34-490b-a2e0-c9d09ac4f6d1,827779cc-e14f-4b3c-8094-2a3d6285787f,clarification_request,transicion_rigidez,sensory_overload,closure_continuity,triple_or_high_complexity,"[""Sensibilidad sensorial""]",Parece que este momento está siendo muy demandante. Hagamos esto simple. Una microacción posible es: mostrar qué sigue.,"{""full_text"": ""Parece que este momento está siendo muy demandante. Hagamos esto simple. Una microacción posible es: mostrar qué sigue.""}",system,0.84,0.529,True,14,8,6,"[""culpabilizar"", ""moralizar""]","[""microacción concreta""]","[""menos ruido"", ""validación""]","[""transicion_rigidez"", ""sensory_overload"", ""memoria""]",controlled_support_generation,b67cd9eb-1e83-4e10-a296-72f79e25b845,dataset sintético-realista para memoria conversacional,True,2026-02-19T08:00:00,2026-05-30T21:00:00
22af6d70-b128-4006-a811-a4e708b518a1,3829ae9b-d2a4-4785-bc9f-e36c86c978f0,3d08a8f5-579b-4582-b1c3-459a99600bb9,routine_request,transicion_rigidez,sensory_overload,closure_continuity,low_or_single,"[""Trastorno del sueño"", ""Sensibilidad sensorial"", ""Mutismo selectivo""]",Estoy contigo. Vamos a ir por una sola acción posible ahora. Una microacción posible es: avisar el cambio con una frase clara.,"{""full_text"": ""Estoy contigo. Vamos a ir por una sola acción posible ahora. Una microacción posible es: avisar el cambio con una frase clara.""}",system,0.9,0.613,True,18,14,4,"[""culpabilizar"", ""moralizar""]","[""microacción concreta""]","[""validación"", ""anticipación""]","[""transicion_rigidez"", ""sensory_overload"", ""memoria""]",controlled_support_generation,84684006-e80b-46e0-94da-ecaa157df60f,dataset sintético-realista para memoria conversacional,True,2026-03-06T08:00:00,2026-05-27T21:00:00
75f5e2a9-1abf-4af4-aa85-04ae43c23048,fbcc318b-408e-4cc2-bc63-6f92202c5966,2082e5f0-9e3a-4f4e-b938-098513018afb,routine_request,transicion_rigidez,sensory_overload,closure_continuity,double_exceptionality_or_cooccurrence,[],"Antes de seguir, dime qué se ve más intenso ahora mismo: ruido, cansancio, tarea o emoción. Una microacción posible es: mostrar qué sigue.","{""full_text"": ""Antes de seguir, dime qué se ve más intenso ahora mismo: ruido, cansancio, tarea o emoción. Una microacción posible es: mostrar qué sigue.""}",human_curated,0.613,0.587,True,8,6,2,"[""culpabilizar"", ""moralizar""]","[""microacción concreta""]","[""menos palabras"", ""anticipación""]","[""transicion_rigidez"", ""sensory_overload"", ""memoria""]",controlled_crisis_support,69de79bd-74cd-4a8d-808a-12528dd1ddea,dataset sintético-realista para memoria conversacional,True,2026-01-13T08:00:00,2026-05-29T21:00:00
99f2b50e-a3e0-4ac8-b9ef-8eadf72b60af,ecc7fd0f-c099-4120-83f8-b48c4d1e8a4e,0380aa17-34c0-4d89-abcf-644fa184d7bc,routine_request,sueno_regulacion,sleep_disruption,case_learning,triple_or_high_complexity,"[""Trastorno del sueño""]",Parece que este momento está siendo muy demandante. Hagamos esto simple. Una microacción posible es: cerrar pantallas antes.,"{""full_text"": ""Parece que este momento está siendo muy demandante. Hagamos esto simple. Una microacción posible es: cerrar pantallas antes.""}",human_curated,0.508,0.659,True,16,12,4,"[""culpabilizar"", ""moralizar""]","[""microacción concreta""]","[""menos ruido""]","[""sueno_regulacion"", ""sleep_disruption"", ""memoria""]",controlled_support_generation,657ac62d-8841-4406-9daf-52d02e513f26,dataset sintético-realista para memoria conversacional,True,2026-02-19T08:00:00,2026-05-15T21:00:00
7fe8fc10-1f98-4c38-ad62-a6295dbb0736,ee9766fe-c87e-4ecd-99e7-e21ebb4065ca,80bbf489-aa29-44a1-af15-8dcf6f66f075,general_support,sueno_regulacion,sleep_disruption,case_learning,low_or_single,"[""Mutismo selectivo"", ""TOC""]",Parece que este momento está siendo muy demandante. Hagamos esto simple. Una microacción posible es: bajar las luces.,"{""full_text"": ""Parece que este momento está siendo muy demandante. Hagamos esto simple. Una microacción posible es: bajar las luces.""}",llm_fallback,0.579,0.674,True,11,7,4,"[""culpabilizar"", ""moralizar""]","[""microacción concreta""]","[""microacciones"", ""anticipación"", ""menos ruido""]","[""sueno_regulacion"", ""sleep_disruption"", ""memoria""]",controlled_support_generation,85d25af6-7527-44a0-9a6a-3d7a0848ee27,dataset sintético-realista para memoria conversacional,True,2026-04-07T08:00:00,2026-05-21T21:00:00
a4114d11-23a9-4242-9d63-9a01bebb47d0,d4384c60-32b7-4fdc-9eab-2061e62e4982,3980b19a-515c-4e51-89fa-b5bfcb50aaaa,routine_request,sueno_regulacion,sleep_disruption,case_learning,triple_or_high_complexity,"[""TDAH"", ""Ansiedad""]",No necesitas resolverlo todo de golpe. Veamos qué está pesando más. Una microacción posible es: bajar las luces.,"{""full_text"": ""No necesitas resolverlo todo de golpe. Veamos qué está pesando más. Una microacción posible es: bajar las luces.""}",llm_fallback,0.6,0.517,True,8,7,1,"[""culpabilizar"", ""moralizar""]","[""microacción concreta""]","[""validación"", ""menos ruido""]","[""sueno_regulacion"", ""sleep_disruption"", ""memoria""]",controlled_crisis_support,7e906fc5-88f1-4af6-8415-8db0c9425fa4,dataset sintético-realista para memoria conversacional,True,2026-01-17T08:00:00,2026-05-20T21:00:00
e106c1f0-fdf7-4dbd-92f3-18a8587fcb94,7f080bb1-4c5f-4d1c-9f8d-f8ef41790fe9,80e2c913-8667-4786-b886-d727c3898c51,emotional_venting,sueno_regulacion,sleep_disruption,case_learning,double_exceptionality_or_cooccurrence,"[""Sensibilidad sensorial"", ""Discalculia"", ""Dislexia""]",Estoy contigo. Vamos a ir por una sola acción posible ahora. Una microacción posible es: cerrar pantallas antes.,"{""full_text"": ""Estoy contigo. Vamos a ir por una sola acción posible ahora. Una microacción posible es: cerrar pantallas antes.""}",system,0.436,0.86,True,17,14,3,"[""culpabilizar"", ""moralizar""]","[""microacción concreta""]","[""validación"", ""anticipación""]","[""sueno_regulacion"", ""sleep_disruption"", ""memoria""]",controlled_support_generation,e4a39d73-b6ef-4331-b697-331d4ffa2321,dataset sintético-realista para memoria conversacional,True,2026-03-16T08:00:00,2026-05-13T21:00:00
e3abaa83-5fd5-46b2-b7cd-b64e69ac0b0c,e78d2a4c-c84e-4e06-8631-e0878e4df38f,84980125-56a4-4595-9c61-804cb1ed2bfb,strategy_feedback,sobrecarga_cuidador,parental_fatigue,focus_clarification,double_exceptionality_or_cooccurrence,"[""Mutismo selectivo"", ""AACC""]",No necesitas resolverlo todo de golpe. Veamos qué está pesando más. Una microacción posible es: bajar autoexigencia por hoy.,"{""full_text"": ""No necesitas resolverlo todo de golpe. Veamos qué está pesando más. Una microacción posible es: bajar autoexigencia por hoy.""}",system,0.538,0.87,True,18,15,3,"[""culpabilizar"", ""moralizar""]","[""microacción concreta""]","[""menos ruido"", ""validación"", ""menos palabras""]","[""sobrecarga_cuidador"", ""parental_fatigue"", ""memoria""]",controlled_crisis_support,069eeaca-ee01-41ca-be61-e9aba13a5f59,dataset sintético-realista para memoria conversacional,True,2026-03-05T08:00:00,2026-05-31T21:00:00
487515e5-c7e1-473b-a49f-981e5d4e757a,174070a1-b993-450c-b8b6-564bd0b8aaa9,eb33458b-c037-4ddb-b549-91ef1fc774dc,school_support,sobrecarga_cuidador,parental_fatigue,focus_clarification,triple_or_high_complexity,[],Parece que este momento está siendo muy demandante. Hagamos esto simple. Una microacción posible es: bajar autoexigencia por hoy.,"{""full_text"": ""Parece que este momento está siendo muy demandante. Hagamos esto simple. Una microacción posible es: bajar autoexigencia por hoy.""}",system,0.444,0.919,True,17,10,7,"[""culpabilizar"", ""moralizar""]","[""microacción concreta""]","[""menos palabras"", ""anticipación"", ""menos ruido""]","[""sobrecarga_cuidador"", ""parental_fatigue"", ""memoria""]",controlled_support_generation,68889f57-5302-4c52-ae47-db76c9141a35,dataset sintético-realista para memoria conversacional,True,2026-04-02T08:00:00,2026-05-12T21:00:00
6c787dd0-7b79-4508-9d2f-14440bd9abe2,f8ae2882-392f-47bd-9ea0-96143fdc7fbf,35f81a22-0b66-409a-ae48-e7938e58170b,urgent_support,sobrecarga_cuidador,parental_fatigue,focus_clarification,low_or_single,[],"Antes de seguir, dime qué se ve más intenso ahora mismo: ruido, cansancio, tarea o emoción. Una microacción posible es: hacer una pausa de un minuto.","{""full_text"": ""Antes de seguir, dime qué se ve más intenso ahora mismo: ruido, cansancio, tarea o emoción. Una microacción posible es: hacer una pausa de un minuto.""}",system,0.768,0.612,False,10,6,4,"[""culpabilizar"", ""moralizar""]","[""microacción concreta""]","[""menos ruido"", ""menos palabras""]","[""sobrecarga_cuidador"", ""parental_fatigue"", ""memoria""]",controlled_support_generation,2cc772cc-d024-4671-b7f5-3ab88d9fc504,dataset sintético-realista para memoria conversacional,True,2026-03-21T08:00:00,2026-05-12T21:00:00
c5de380c-85b3-4285-aa41-7f34ba8cf94e,8b6bb981-4061-4c42-a459-18ac98fd8daa,1a184708-9882-42ea-8bf0-5f32d649c7fe,clarification_request,sobrecarga_cuidador,parental_fatigue,focus_clarification,low_or_single,"[""Dispraxia""]","Antes de seguir, dime qué se ve más intenso ahora mismo: ruido, cansancio, tarea o emoción. Una microacción posible es: quedarte con una sola prioridad.","{""full_text"": ""Antes de seguir, dime qué se ve más intenso ahora mismo: ruido, cansancio, tarea o emoción. Una microacción posible es: quedarte con una sola prioridad.""}",system,0.429,0.723,True,6,2,4,"[""culpabilizar"", ""moralizar""]","[""microacción concreta""]","[""menos palabras"", ""menos ruido""]","[""sobrecarga_cuidador"", ""parental_fatigue"", ""memoria""]",controlled_low_demand_support,d8b98217-0881-492a-a91d-8133fddddd58,dataset sintético-realista para memoria conversacional,True,2026-02-27T08:00:00,2026-05-13T21:00:00
d4c5c254-2d58-4333-ac48-0b36061d6443,3bcb7eb9-47d9-495a-8846-c99c285f1712,90cbec23-43f5-4862-801c-0e7a56a19aaf,school_support,sobrecarga_cuidador,parental_fatigue,focus_clarification,double_exceptionality_or_cooccurrence,"[""Mutismo selectivo"", ""Tourette""]","Antes de seguir, dime qué se ve más intenso ahora mismo: ruido, cansancio, tarea o emoción. Una microacción posible es: bajar autoexigencia por hoy.","{""full_text"": ""Antes de seguir, dime qué se ve más intenso ahora mismo: ruido, cansancio, tarea o emoción. Una microacción posible es: bajar autoexigencia por hoy.""}",system,0.866,0.869,False,2,2,0,"[""culpabilizar"", ""moralizar""]","[""microacción concreta""]","[""menos palabras""]","[""sobrecarga_cuidador"", ""parental_fatigue"", ""memoria""]",controlled_crisis_support,babc467a-e646-4dcd-9b98-e7c3254b5524,dataset sintético-realista para memoria conversacional,True,2026-03-05T08:00:00,2026-05-17T21:00:00
d4d8b069-bdcc-4370-82d5-5b9f14878262,1e078026-5215-4954-9008-8e40fc0623a0,27794c57-be73-49b2-85b9-275438618801,strategy_feedback,sobrecarga_cuidador,parental_fatigue,closure_continuity,triple_or_high_complexity,"[""Dispraxia""]",No necesitas resolverlo todo de golpe. Veamos qué está pesando más. Una microacción posible es: quedarte con una sola prioridad.,"{""full_text"": ""No necesitas resolverlo todo de golpe. Veamos qué está pesando más. Una microacción posible es: quedarte con una sola prioridad.""}",system,0.897,0.869,False,12,5,7,"[""culpabilizar"", ""moralizar""]","[""microacción concreta""]","[""menos ruido"", ""anticipación"", ""menos palabras""]","[""sobrecarga_cuidador"", ""parental_fatigue"", ""memoria""]",controlled_low_demand_support,0a734028-dd63-4bff-8faf-1468cf692fe3,dataset sintético-realista para memoria conversacional,True,2026-03-27T08:00:00,2026-05-25T21:00:00
b5c070bb-59f2-4124-9d99-6db2616d4f4d,bd4e14da-8c94-40a5-91ff-905d841a2622,30244cf0-7fe1-4286-99d3-7df00999715e,school_support,sobrecarga_cuidador,parental_fatigue,closure_continuity,low_or_single,"[""TEA""]",Parece que este momento está siendo muy demandante. Hagamos esto simple. Una microacción posible es: bajar autoexigencia por hoy.,"{""full_text"": ""Parece que este momento está siendo muy demandante. Hagamos esto simple. Una microacción posible es: bajar autoexigencia por hoy.""}",human_curated,0.61,0.389,True,17,11,6,"[""culpabilizar"", ""moralizar""]","[""microacción concreta""]","[""menos ruido"", ""validación"", ""menos palabras""]","[""sobrecarga_cuidador"", ""parental_fatigue"", ""memoria""]",controlled_low_demand_support,0c3211e1-9dad-4181-9a28-6639f2e5ae49,dataset sintético-realista para memoria conversacional,True,2026-03-16T08:00:00,2026-05-27T21:00:00
81d1c7de-f4c6-4c50-93a8-3af5d79db83c,6fc2a463-0e65-44c9-9355-acb82f03e7f3,089532d8-883b-418b-93d5-da57fa4842c2,general_support,sobrecarga_cuidador,parental_fatigue,closure_continuity,double_exceptionality_or_cooccurrence,"[""Trastorno del sueño"", ""TOC""]","Antes de seguir, dime qué se ve más intenso ahora mismo: ruido, cansancio, tarea o emoción. Una microacción posible es: bajar autoexigencia por hoy.","{""full_text"": ""Antes de seguir, dime qué se ve más intenso ahora mismo: ruido, cansancio, tarea o emoción. Una microacción posible es: bajar autoexigencia por hoy.""}",llm_fallback,0.797,0.824,False,16,13,3,"[""culpabilizar"", ""moralizar""]","[""microacción concreta""]","[""validación"", ""menos ruido""]","[""sobrecarga_cuidador"", ""parental_fatigue"", ""memoria""]",controlled_low_demand_support,edeb8364-ee5e-484f-a4da-4a20696fa7ed,dataset sintético-realista para memoria conversacional,True,2026-02-02T08:00:00,2026-05-28T21:00:00
069184e4-8f2d-4a08-a41b-4d8379f5f0df,e2c4fdcd-bec5-48f6-932b-5021069afc5e,a1c7813e-935f-4c91-864a-5f06296fe361,routine_request,sobrecarga_cuidador,parental_fatigue,closure_continuity,triple_or_high_complexity,"[""Discalculia"", ""TDAH"", ""Trastorno del sueño""]","Antes de seguir, dime qué se ve más intenso ahora mismo: ruido, cansancio, tarea o emoción. Una microacción posible es: quedarte con una sola prioridad.","{""full_text"": ""Antes de seguir, dime qué se ve más intenso ahora mismo: ruido, cansancio, tarea o emoción. Una microacción posible es: quedarte con una sola prioridad.""}",human_curated,0.915,0.575,True,14,5,9,"[""culpabilizar"", ""moralizar""]","[""microacción concreta""]","[""anticipación""]","[""sobrecarga_cuidador"", ""parental_fatigue"", ""memoria""]",controlled_support_generation,b970c331-e9be-40da-9edb-9535f5127c36,dataset sintético-realista para memoria conversacional,True,2026-01-31T08:00:00,2026-05-30T21:00:00
ba997031-8d5f-4da1-bb4b-eafbf1f2ba1b,d1f2586a-8e48-43ef-8c0f-1566ae132398,2196c9dd-2113-4fb5-94ab-72bb32b250b2,school_support,sobrecarga_cuidador,parental_fatigue,closure_continuity,low_or_single,[],Estoy contigo. Vamos a ir por una sola acción posible ahora. Una microacción posible es: hacer una pausa de un minuto.,"{""full_text"": ""Estoy contigo. Vamos a ir por una sola acción posible ahora. Una microacción posible es: hacer una pausa de un minuto.""}",llm_fallback,0.933,0.924,True,12,9,3,"[""culpabilizar"", ""moralizar""]","[""microacción concreta""]","[""validación""]","[""sobrecarga_cuidador"", ""parental_fatigue"", ""memoria""]",controlled_crisis_support,f46f27a7-6445-4882-9e69-871553b0570c,dataset sintético-realista para memoria conversacional,True,2026-01-28T08:00:00,2026-05-21T21:00:00
e37bed31-18d6-4d87-bd40-5f66ac516d10,fdb2bfde-c518-4399-b28d-17afecfc120d,2222935f-adcd-4e7b-895e-61f5aa2fcdc9,general_support,sobrecarga_sensorial,sensory_overload,case_learning,triple_or_high_complexity,"[""TEA"", ""Dispraxia"", ""AACC""]","Antes de seguir, dime qué se ve más intenso ahora mismo: ruido, cansancio, tarea o emoción. Una microacción posible es: bajar ruido o luz por unos minutos.","{""full_text"": ""Antes de seguir, dime qué se ve más intenso ahora mismo: ruido, cansancio, tarea o emoción. Una microacción posible es: bajar ruido o luz por unos minutos.""}",human_curated,0.792,0.871,True,17,15,2,"[""culpabilizar"", ""moralizar""]","[""microacción concreta""]","[""validación""]","[""sobrecarga_sensorial"", ""sensory_overload"", ""memoria""]",controlled_support_generation,a437873c-26de-4dad-b4f3-fd3720cfdc9e,dataset sintético-realista para memoria conversacional,True,2026-01-31T08:00:00,2026-05-21T21:00:00
1990952a-ce68-4fc3-a3eb-538ca9b4c3e6,afeaa5c9-9c0c-416a-ad45-eb8cc2ff8fba,c854b7b3-d7f5-49d6-b147-a4b4ffe70587,urgent_support,sobrecarga_sensorial,sensory_overload,case_learning,low_or_single,"[""TEA"", ""Dispraxia""]",Estoy contigo. Vamos a ir por una sola acción posible ahora. Una microacción posible es: retirar estímulos innecesarios.,"{""full_text"": ""Estoy contigo. Vamos a ir por una sola acción posible ahora. Una microacción posible es: retirar estímulos innecesarios.""}",llm_fallback,0.71,0.759,False,5,3,2,"[""culpabilizar"", ""moralizar""]","[""microacción concreta""]","[""validación""]","[""sobrecarga_sensorial"", ""sensory_overload"", ""memoria""]",controlled_support_generation,135639a6-5473-4018-aa12-140c89e119b6,dataset sintético-realista para memoria conversacional,True,2026-01-27T08:00:00,2026-05-30T21:00:00
e2f447bd-25c6-4ffd-8261-8fad556f9f38,14028473-68cf-4e2a-9a07-f0d594a5792b,245bdc34-54f7-4f1e-9f89-03367c2bfa9b,general_support,sobrecarga_sensorial,sensory_overload,case_learning,low_or_single,"[""Discalculia""]",Estoy contigo. Vamos a ir por una sola acción posible ahora. Una microacción posible es: bajar ruido o luz por unos minutos.,"{""full_text"": ""Estoy contigo. Vamos a ir por una sola acción posible ahora. Una microacción posible es: bajar ruido o luz por unos minutos.""}",system,0.881,0.893,True,16,6,10,"[""culpabilizar"", ""moralizar""]","[""microacción concreta""]","[""menos palabras"", ""anticipación""]","[""sobrecarga_sensorial"", ""sensory_overload"", ""memoria""]",controlled_support_generation,8426958a-d9b8-4e7c-aa3b-df1ea11fff2e,dataset sintético-realista para memoria conversacional,True,2026-02-21T08:00:00,2026-05-30T21:00:00
51c33d5f-36a7-47a9-a18d-7be794116641,0edee50a-8c0f-457b-ba23-4a624349f4a4,2ecb7bf4-5f84-45e4-836f-38359b5d8e3e,urgent_support,sobrecarga_sensorial,sensory_overload,case_learning,double_exceptionality_or_cooccurrence,"[""Tourette"", ""TDAH""]",No necesitas resolverlo todo de golpe. Veamos qué está pesando más. Una microacción posible es: retirar estímulos innecesarios.,"{""full_text"": ""No necesitas resolverlo todo de golpe. Veamos qué está pesando más. Una microacción posible es: retirar estímulos innecesarios.""}",human_curated,0.579,0.827,False,10,8,2,"[""culpabilizar"", ""moralizar""]","[""microacción concreta""]","[""menos ruido""]","[""sobrecarga_sensorial"", ""sensory_overload"", ""memoria""]",controlled_low_demand_support,9fcf2f35-26f5-41d0-b868-5aeedc69f21c,dataset sintético-realista para memoria conversacional,True,2026-04-05T08:00:00,2026-05-31T21:00:00
4bf40dcd-1b96-43e3-916a-5deae69070b0,88a41a66-4c0b-498a-aec4-5fe747327b8f,4922bbad-f3f9-4750-a04b-14fb1f49541a,strategy_feedback,transicion_rigidez,sensory_overload,case_learning,double_exceptionality_or_cooccurrence,"[""Tourette""]","Antes de seguir, dime qué se ve más intenso ahora mismo: ruido, cansancio, tarea o emoción. Una microacción posible es: avisar el cambio con una frase clara.","{""full_text"": ""Antes de seguir, dime qué se ve más intenso ahora mismo: ruido, cansancio, tarea o emoción. Una microacción posible es: avisar el cambio con una frase clara.""}",llm_fallback,0.822,0.718,False,2,1,1,"[""culpabilizar"", ""moralizar""]","[""microacción concreta""]","[""microacciones"", ""validación"", ""anticipación""]","[""transicion_rigidez"", ""sensory_overload"", ""memoria""]",controlled_support_generation,ba117e84-d33e-49fe-82f5-ba0461d49a6c,dataset sintético-realista para memoria conversacional,True,2026-04-05T08:00:00,2026-05-30T21:00:00
1aff9f37-e62e-449f-a5f8-366c649fc5b3,603a10ed-54b9-45db-9f4b-de880057ff79,41f00d17-50c9-43bd-9ded-161c098b7d70,routine_request,transicion_rigidez,sensory_overload,case_learning,double_exceptionality_or_cooccurrence,"[""Ansiedad"", ""Sensibilidad sensorial"", ""TEA""]","Antes de seguir, dime qué se ve más intenso ahora mismo: ruido, cansancio, tarea o emoción. Una microacción posible es: mostrar qué sigue.","{""full_text"": ""Antes de seguir, dime qué se ve más intenso ahora mismo: ruido, cansancio, tarea o emoción. Una microacción posible es: mostrar qué sigue.""}",system,0.518,0.591,True,12,6,6,"[""culpabilizar"", ""moralizar""]","[""microacción concreta""]","[""anticipación"", ""microacciones"", ""validación""]","[""transicion_rigidez"", ""sensory_overload"", ""memoria""]",controlled_low_demand_support,c1efe00f-ac93-43f4-83aa-a6b06e0fc7b8,dataset sintético-realista para memoria conversacional,True,2026-01-09T08:00:00,2026-05-13T21:00:00
67e5b5bb-bff7-426f-8cb0-36612f5d3e00,15085b3d-a0b8-4ed7-bcbf-7f546373ca07,464050af-55d3-49a9-b028-3f5a84c591d3,school_support,transicion_rigidez,sensory_overload,case_learning,low_or_single,"[""Sensibilidad sensorial""]",Estoy contigo. Vamos a ir por una sola acción posible ahora. Una microacción posible es: dar tiempo breve antes de cambiar.,"{""full_text"": ""Estoy contigo. Vamos a ir por una sola acción posible ahora. Una microacción posible es: dar tiempo breve antes de cambiar.""}",human_curated,0.674,0.925,True,17,14,3,"[""culpabilizar"", ""moralizar""]","[""microacción concreta""]","[""menos ruido""]","[""transicion_rigidez"", ""sensory_overload"", ""memoria""]",controlled_low_demand_support,fc0f4bac-e4d7-4e99-a970-326ab93f9463,dataset sintético-realista para memoria conversacional,True,2026-01-18T08:00:00,2026-05-25T21:00:00
7f7c776c-7d38-4fdc-8ad2-58a5c603a67f,e2d1458a-d75a-4097-87bd-9c03905f769c,1121a47e-b078-4dbd-9da8-9212e3ed675a,routine_request,transicion_rigidez,sensory_overload,case_learning,triple_or_high_complexity,[],Estoy contigo. Vamos a ir por una sola acción posible ahora. Una microacción posible es: mostrar qué sigue.,"{""full_text"": ""Estoy contigo. Vamos a ir por una sola acción posible ahora. Una microacción posible es: mostrar qué sigue.""}",human_curated,0.789,0.632,False,5,4,1,"[""culpabilizar"", ""moralizar""]","[""microacción concreta""]","[""menos ruido"", ""anticipación""]","[""transicion_rigidez"", ""sensory_overload"", ""memoria""]",controlled_low_demand_support,a32774f5-768c-4755-a5b7-0a119d3fde84,dataset sintético-realista para memoria conversacional,True,2026-02-16T08:00:00,2026-05-28T21:00:00
926843ed-8994-4f3d-8914-834edc18f24b,80b65243-53c2-4b60-a3bd-c3b83daa3bf6,29d5ced7-3a52-46a4-aad7-ffd02fa4f1c9,urgent_support,transicion_rigidez,sensory_overload,case_learning,low_or_single,"[""Tourette"", ""Dispraxia"", ""Sensibilidad sensorial""]",No necesitas resolverlo todo de golpe. Veamos qué está pesando más. Una microacción posible es: dar tiempo breve antes de cambiar.,"{""full_text"": ""No necesitas resolverlo todo de golpe. Veamos qué está pesando más. Una microacción posible es: dar tiempo breve antes de cambiar.""}",system,0.845,0.851,True,5,5,0,"[""culpabilizar"", ""moralizar""]","[""microacción concreta""]","[""menos ruido"", ""validación""]","[""transicion_rigidez"", ""sensory_overload"", ""memoria""]",controlled_crisis_support,37f413de-7418-4090-afec-27a4c4f7d4f0,dataset sintético-realista para memoria conversacional,True,2026-01-21T08:00:00,2026-05-19T21:00:00
076a5fa4-3ac0-408f-b2ea-efd47515b90e,7bdfb695-9442-4916-a0e4-edaeb98d8f19,09c813a6-c3bd-4c90-88c2-8579f07fb7aa,general_support,transicion_rigidez,sensory_overload,adaptive_intervention,double_exceptionality_or_cooccurrence,[],"Antes de seguir, dime qué se ve más intenso ahora mismo: ruido, cansancio, tarea o emoción. Una microacción posible es: dar tiempo breve antes de cambiar.","{""full_text"": ""Antes de seguir, dime qué se ve más intenso ahora mismo: ruido, cansancio, tarea o emoción. Una microacción posible es: dar tiempo breve antes de cambiar.""}",human_curated,0.52,0.89,False,15,5,10,"[""culpabilizar"", ""moralizar""]","[""microacción concreta""]","[""microacciones"", ""validación""]","[""transicion_rigidez"", ""sensory_overload"", ""memoria""]",controlled_crisis_support,bdfc45f1-5bd2-406a-a9b6-c10ccff0d930,dataset sintético-realista para memoria conversacional,True,2026-03-25T08:00:00,2026-05-28T21:00:00
b32eb4d7-e897-42f1-88db-e6aece2d6220,29907378-5e9b-4661-b240-f444d1725468,9ef7570a-1509-4672-9045-30877ab4f0a7,strategy_feedback,transicion_rigidez,sensory_overload,adaptive_intervention,triple_or_high_complexity,"[""Dispraxia"", ""AACC""]",No necesitas resolverlo todo de golpe. Veamos qué está pesando más. Una microacción posible es: avisar el cambio con una frase clara.,"{""full_text"": ""No necesitas resolverlo todo de golpe. Veamos qué está pesando más. Una microacción posible es: avisar el cambio con una frase clara.""}",llm_fallback,0.474,0.203,True,8,5,3,"[""culpabilizar"", ""moralizar""]","[""microacción concreta""]","[""microacciones"", ""validación"", ""menos ruido""]","[""transicion_rigidez"", ""sensory_overload"", ""memoria""]",controlled_crisis_support,6836aadf-52b9-417c-b4f7-6acd9ab6e6ac,dataset sintético-realista para memoria conversacional,True,2026-03-13T08:00:00,2026-05-24T21:00:00
86732554-cb58-4ac4-9cdb-044bf181fdae,ab4b3068-f7d4-48cb-a424-6bf4a51adb15,6518d857-de3c-46a6-9491-43b18b35fdf1,routine_request,transicion_rigidez,sensory_overload,adaptive_intervention,low_or_single,"[""Dislexia"", ""Dispraxia""]",Parece que este momento está siendo muy demandante. Hagamos esto simple. Una microacción posible es: dar tiempo breve antes de cambiar.,"{""full_text"": ""Parece que este momento está siendo muy demandante. Hagamos esto simple. Una microacción posible es: dar tiempo breve antes de cambiar.""}",human_curated,0.81,0.195,True,10,4,6,"[""culpabilizar"", ""moralizar""]","[""microacción concreta""]","[""validación""]","[""transicion_rigidez"", ""sensory_overload"", ""memoria""]",controlled_support_generation,c9143cf4-6fbe-4898-8da3-943b1d767d2f,dataset sintético-realista para memoria conversacional,True,2026-03-14T08:00:00,2026-05-18T21:00:00
d454b0b3-4ce4-4730-8b91-93bc58d9d6a1,ec8fb1a8-fbee-4f56-b1bb-cb306f91e27d,0d2b705f-4edc-4621-8147-2441d8972f4f,strategy_feedback,transicion_rigidez,sensory_overload,adaptive_intervention,low_or_single,"[""TDAH"", ""Discalculia""]",Estoy contigo. Vamos a ir por una sola acción posible ahora. Una microacción posible es: mostrar qué sigue.,"{""full_text"": ""Estoy contigo. Vamos a ir por una sola acción posible ahora. Una microacción posible es: mostrar qué sigue.""}",system,0.446,0.213,False,10,9,1,"[""culpabilizar"", ""moralizar""]","[""microacción concreta""]","[""anticipación"", ""microacciones"", ""validación""]","[""transicion_rigidez"", ""sensory_overload"", ""memoria""]",controlled_crisis_support,e94bae38-8424-4b24-b2fd-c91c9e74a793,dataset sintético-realista para memoria conversacional,True,2026-04-07T08:00:00,2026-05-26T21:00:00
522c8949-ca82-4b72-85f1-b7a01914571f,be696610-6106-4104-86b5-1e60a9b4dd23,a72ad1e2-daa2-4f28-8ae5-82685b91b305,routine_request,transicion_rigidez,shutdown,reception_containment,double_exceptionality_or_cooccurrence,"[""Mutismo selectivo""]",No necesitas resolverlo todo de golpe. Veamos qué está pesando más. Una microacción posible es: avisar el cambio con una frase clara.,"{""full_text"": ""No necesitas resolverlo todo de golpe. Veamos qué está pesando más. Una microacción posible es: avisar el cambio con una frase clara.""}",llm_fallback,0.477,0.823,True,10,8,2,"[""culpabilizar"", ""moralizar""]","[""microacción concreta""]","[""menos palabras"", ""validación"", ""anticipación""]","[""transicion_rigidez"", ""shutdown"", ""memoria""]",controlled_support_generation,431938da-682f-46c0-bbfa-32e4939411db,dataset sintético-realista para memoria conversacional,True,2026-03-04T08:00:00,2026-05-30T21:00:00
dcecb881-a7ba-45bd-9791-bc532fdca257,181f1fef-62b2-4008-ab1a-eda0a4a832b0,1735734b-8a0a-4e52-95a6-1dd94705fe4b,routine_request,transicion_rigidez,shutdown,reception_containment,low_or_single,"[""Tourette""]",Estoy contigo. Vamos a ir por una sola acción posible ahora. Una microacción posible es: avisar el cambio con una frase clara.,"{""full_text"": ""Estoy contigo. Vamos a ir por una sola acción posible ahora. Una microacción posible es: avisar el cambio con una frase clara.""}",llm_fallback,0.542,0.212,False,16,8,8,"[""culpabilizar"", ""moralizar""]","[""microacción concreta""]","[""menos palabras"", ""menos ruido"", ""anticipación""]","[""transicion_rigidez"", ""shutdown"", ""memoria""]",controlled_support_generation,752ae582-18a8-43ab-a23e-3699eb729c69,dataset sintético-realista para memoria conversacional,True,2026-04-13T08:00:00,2026-05-17T21:00:00
c3a17555-889e-4e11-8b40-cc0e3682e25f,02402def-d911-468c-88fa-4a691bbb79d6,144b8108-f23c-4bf5-aab9-27382ba12462,emotional_venting,transicion_rigidez,shutdown,reception_containment,double_exceptionality_or_cooccurrence,"[""Discalculia""]",Parece que este momento está siendo muy demandante. Hagamos esto simple. Una microacción posible es: dar tiempo breve antes de cambiar.,"{""full_text"": ""Parece que este momento está siendo muy demandante. Hagamos esto simple. Una microacción posible es: dar tiempo breve antes de cambiar.""}",llm_fallback,0.878,0.741,False,6,6,0,"[""culpabilizar"", ""moralizar""]","[""microacción concreta""]","[""microacciones""]","[""transicion_rigidez"", ""shutdown"", ""memoria""]",controlled_low_demand_support,ccdac2f4-0a22-4952-9dd0-5c516fc8a1aa,dataset sintético-realista para memoria conversacional,True,2026-02-23T08:00:00,2026-05-12T21:00:00
f886ad6f-6981-46f1-89d9-ee5fe55cad04,88a41a66-4c0b-498a-aec4-5fe747327b8f,4922bbad-f3f9-4750-a04b-14fb1f49541a,routine_request,transicion_rigidez,shutdown,reception_containment,low_or_single,[],Estoy contigo. Vamos a ir por una sola acción posible ahora. Una microacción posible es: mostrar qué sigue.,"{""full_text"": ""Estoy contigo. Vamos a ir por una sola acción posible ahora. Una microacción posible es: mostrar qué sigue.""}",llm_fallback,0.503,0.866,False,18,9,9,"[""culpabilizar"", ""moralizar""]","[""microacción concreta""]","[""validación""]","[""transicion_rigidez"", ""shutdown"", ""memoria""]",controlled_crisis_support,8eeece8a-708f-45ce-a323-0d989437b78f,dataset sintético-realista para memoria conversacional,True,2026-04-01T08:00:00,2026-05-26T21:00:00
af9f490a-f1a4-4809-a351-06a17bdd6dd8,b4b23c0f-c117-4cde-a64d-d898142db528,fe1dc6ec-1ea7-42ca-9665-4ebd65e10f52,school_support,transicion_rigidez,general_distress,closure_continuity,double_exceptionality_or_cooccurrence,[],"Antes de seguir, dime qué se ve más intenso ahora mismo: ruido, cansancio, tarea o emoción. Una microacción posible es: mostrar qué sigue.","{""full_text"": ""Antes de seguir, dime qué se ve más intenso ahora mismo: ruido, cansancio, tarea o emoción. Una microacción posible es: mostrar qué sigue.""}",human_curated,0.737,0.508,True,10,4,6,"[""culpabilizar"", ""moralizar""]","[""microacción concreta""]","[""menos ruido"", ""validación""]","[""transicion_rigidez"", ""general_distress"", ""memoria""]",controlled_low_demand_support,984c73c4-1472-488c-8d2b-f3d33d75365f,dataset sintético-realista para memoria conversacional,True,2026-02-26T08:00:00,2026-05-24T21:00:00
b1ccd251-ca50-4bc5-b481-4958ac9252cc,55089e60-d46f-4ebc-8689-74e4f6cf47b3,d368f7fe-026e-435a-8af6-0dfabcd2ca8b,urgent_support,transicion_rigidez,general_distress,closure_continuity,low_or_single,"[""AACC""]",Parece que este momento está siendo muy demandante. Hagamos esto simple. Una microacción posible es: avisar el cambio con una frase clara.,"{""full_text"": ""Parece que este momento está siendo muy demandante. Hagamos esto simple. Una microacción posible es: avisar el cambio con una frase clara.""}",llm_fallback,0.503,0.183,True,2,2,0,"[""culpabilizar"", ""moralizar""]","[""microacción concreta""]","[""microacciones""]","[""transicion_rigidez"", ""general_distress"", ""memoria""]",controlled_low_demand_support,abae39c7-7a73-42ed-bc26-c1010145ad06,dataset sintético-realista para memoria conversacional,True,2026-03-26T08:00:00,2026-05-30T21:00:00
b77c92b0-6993-4f09-90bc-e3fcfafbc80a,072ed9fe-c0a3-43b9-b826-b59a6982bb38,1605fc27-e3e9-409d-82ea-a30ee646d5d8,strategy_feedback,transicion_rigidez,general_distress,closure_continuity,low_or_single,"[""Sensibilidad sensorial""]",No necesitas resolverlo todo de golpe. Veamos qué está pesando más. Una microacción posible es: dar tiempo breve antes de cambiar.,"{""full_text"": ""No necesitas resolverlo todo de golpe. Veamos qué está pesando más. Una microacción posible es: dar tiempo breve antes de cambiar.""}",system,0.864,0.801,True,10,6,4,"[""culpabilizar"", ""moralizar""]","[""microacción concreta""]","[""microacciones"", ""anticipación""]","[""transicion_rigidez"", ""general_distress"", ""memoria""]",controlled_crisis_support,6eaa4c8d-998b-4989-8768-25f272502221,dataset sintético-realista para memoria conversacional,True,2026-01-08T08:00:00,2026-05-21T21:00:00
4e55036b-b30a-41cc-b728-a627ce896364,dea6a23c-20c9-4a58-990f-b32aac6b1169,832dbc18-88d3-4472-a925-1e237f75dc87,school_support,transicion_rigidez,general_distress,closure_continuity,double_exceptionality_or_cooccurrence,"[""TEA"", ""Sensibilidad sensorial"", ""Dislexia""]",Estoy contigo. Vamos a ir por una sola acción posible ahora. Una microacción posible es: avisar el cambio con una frase clara.,"{""full_text"": ""Estoy contigo. Vamos a ir por una sola acción posible ahora. Una microacción posible es: avisar el cambio con una frase clara.""}",llm_fallback,0.505,0.825,False,11,11,0,"[""culpabilizar"", ""moralizar""]","[""microacción concreta""]","[""menos ruido"", ""validación"", ""menos palabras""]","[""transicion_rigidez"", ""general_distress"", ""memoria""]",controlled_crisis_support,9899fca5-69a0-4e7a-b7a8-27226050997a,dataset sintético-realista para memoria conversacional,True,2026-03-26T08:00:00,2026-05-19T21:00:00
69591f96-012d-4915-83b4-8475cc419109,ac9cbf88-9d5e-4a15-8237-b0a5d43c14bd,443c0a48-d934-4b05-b7bb-560f08a878b8,general_support,transicion_rigidez,general_distress,closure_continuity,low_or_single,"[""TEA""]",Parece que este momento está siendo muy demandante. Hagamos esto simple. Una microacción posible es: mostrar qué sigue.,"{""full_text"": ""Parece que este momento está siendo muy demandante. Hagamos esto simple. Una microacción posible es: mostrar qué sigue.""}",llm_fallback,0.453,0.705,True,13,10,3,"[""culpabilizar"", ""moralizar""]","[""microacción concreta""]","[""menos palabras""]","[""transicion_rigidez"", ""general_distress"", ""memoria""]",controlled_low_demand_support,ba278fb7-fe17-4d96-ba95-59cf105dd873,dataset sintético-realista para memoria conversacional,True,2026-02-17T08:00:00,2026-05-21T21:00:00
