pattern_id,family_id,profile_id,context_key,helps,worsens,confidence_level,usage_count,last_seen,created_at,updated_at
107f92f6-ed8e-4dd6-9d5a-3595289a0456,dea6a23c-20c9-4a58-990f-b32aac6b1169,832dbc18-88d3-4472-a925-1e237f75dc87,transicion_rigidez,"[""pausa breve"", ""una sola indicación"", ""dar tiempo"", ""menos ruido""]","[""corregir en el pico"", ""apurar demasiado"", ""preguntar demasiado"", ""demasiado ruido""]",0.36,4,2026-05-31T21:00:00,2026-03-22T21:00:00,2026-05-31T21:00:00
33b1400f-9813-4473-8b60-398a6d0ebb66,dea6a23c-20c9-4a58-990f-b32aac6b1169,832dbc18-88d3-4472-a925-1e237f75dc87,apoyo_general,"[""pausa breve"", ""bajar luces"", ""menos ruido"", ""validación""]","[""preguntar demasiado"", ""presión escolar"", ""muchas instrucciones"", ""corregir en el pico""]",0.4,5,2026-05-31T21:00:00,2026-03-24T21:00:00,2026-05-31T21:00:00
6deba0b4-33a4-45b2-9b3e-6ca969b99ab7,dea6a23c-20c9-4a58-990f-b32aac6b1169,832dbc18-88d3-4472-a925-1e237f75dc87,disfuncion_ejecutiva,"[""mismo cierre"", ""una sola indicación"", ""dar tiempo"", ""menos palabras""]","[""cambio brusco"", ""preguntar demasiado"", ""forzar explicación"", ""demasiado ruido""]",0.32,3,2026-05-31T21:00:00,2026-04-10T21:00:00,2026-05-31T21:00:00
0914f584-df5a-436a-ace8-cbd5e556847f,dea6a23c-20c9-4a58-990f-b32aac6b1169,832dbc18-88d3-4472-a925-1e237f75dc87,sobrecarga_sensorial,"[""dar tiempo"", ""menos ruido"", ""bajar luces"", ""microacciones""]","[""gritar"", ""muchas instrucciones"", ""presión escolar"", ""preguntar demasiado""]",0.36,4,2026-05-31T21:00:00,2026-04-17T21:00:00,2026-05-31T21:00:00
3ac84abf-97fb-422d-b680-51e87c89143e,dea6a23c-20c9-4a58-990f-b32aac6b1169,832dbc18-88d3-4472-a925-1e237f75dc87,sobrecarga_cuidador,"[""mismo cierre"", ""anticipación"", ""menos palabras""]","[""pantallas tarde"", ""gritar"", ""corregir en el pico"", ""apurar demasiado""]",0.32,3,2026-05-31T21:00:00,2026-04-28T21:00:00,2026-05-31T21:00:00
e3cac87d-2a23-4ece-a974-d1b633dd644d,dea6a23c-20c9-4a58-990f-b32aac6b1169,832dbc18-88d3-4472-a925-1e237f75dc87,sueno_regulacion,[],"[""presión escolar""]",0.24,1,2026-05-29T07:17:00,2026-03-25T07:17:00,2026-05-29T07:17:00
8e942e2f-e06b-464b-ab96-545435350458,dea6a23c-20c9-4a58-990f-b32aac6b1169,832dbc18-88d3-4472-a925-1e237f75dc87,crisis_activa,"[""validación"", ""bajar luces"", ""microacciones"", ""dar tiempo""]","[""corregir en el pico"", ""gritar"", ""demasiado ruido"", ""forzar explicación""]",0.32,3,2026-05-30T21:00:00,2026-04-02T21:00:00,2026-05-30T21:00:00
e58e2e22-b4e2-43ed-b43d-bbcd3f832148,e2c4fdcd-bec5-48f6-932b-5021069afc5e,a1c7813e-935f-4c91-864a-5f06296fe361,disfuncion_ejecutiva,"[""microacciones"", ""una sola indicación"", ""bajar luces"", ""pausa breve""]","[""pantallas tarde"", ""muchas instrucciones""]",0.28,2,2026-05-30T21:00:00,2026-04-10T21:00:00,2026-05-30T21:00:00
3c276b27-d5d6-431a-893d-b053ae9aaa4f,e2c4fdcd-bec5-48f6-932b-5021069afc5e,a1c7813e-935f-4c91-864a-5f06296fe361,transicion_rigidez,"[""menos ruido""]","[""demasiado ruido""]",0.24,1,2026-05-07T23:08:00,2026-02-17T23:08:00,2026-05-07T23:08:00
5b98ef9e-630f-4019-a8f9-2a8d003482fd,e2c4fdcd-bec5-48f6-932b-5021069afc5e,a1c7813e-935f-4c91-864a-5f06296fe361,sobrecarga_sensorial,"[""validación"", ""una sola indicación"", ""menos palabras""]","[""preguntar demasiado"", ""demasiado ruido"", ""cambio brusco""]",0.32,3,2026-05-31T03:00:00,2026-04-22T03:00:00,2026-05-31T03:00:00
b5a46c9b-f66a-4f6a-b5ee-fc967be606a3,e2c4fdcd-bec5-48f6-932b-5021069afc5e,a1c7813e-935f-4c91-864a-5f06296fe361,sobrecarga_cuidador,"[""menos ruido"", ""dar tiempo"", ""validación"", ""mismo cierre""]","[""preguntar demasiado"", ""demasiado ruido"", ""apurar demasiado"", ""forzar explicación""]",0.36,4,2026-05-31T03:00:00,2026-04-28T03:00:00,2026-05-31T03:00:00
0f63b444-2c54-426e-ba19-5546a89eecaa,e2c4fdcd-bec5-48f6-932b-5021069afc5e,a1c7813e-935f-4c91-864a-5f06296fe361,apoyo_general,"[""bajar luces"", ""microacciones"", ""anticipación"", ""dar tiempo""]","[""muchas instrucciones"", ""cambio brusco"", ""pantallas tarde"", ""forzar explicación""]",0.4,5,2026-05-30T21:00:00,2026-03-14T21:00:00,2026-05-30T21:00:00
84b9b88e-1b40-421a-8f4d-d09adc27b39a,e2c4fdcd-bec5-48f6-932b-5021069afc5e,a1c7813e-935f-4c91-864a-5f06296fe361,sueno_regulacion,"[""microacciones"", ""mismo cierre"", ""bajar luces"", ""una sola indicación""]","[""preguntar demasiado"", ""demasiado ruido"", ""apurar demasiado"", ""corregir en el pico""]",0.4,5,2026-05-31T00:00:00,2026-03-27T00:00:00,2026-05-31T00:00:00
89cd3e60-9231-4975-954b-9fbcba05a736,e2c4fdcd-bec5-48f6-932b-5021069afc5e,a1c7813e-935f-4c91-864a-5f06296fe361,crisis_activa,"[""pausa breve"", ""mismo cierre"", ""menos palabras"", ""una sola indicación""]","[""presión escolar"", ""pantallas tarde"", ""gritar"", ""corregir en el pico""]",0.32,3,2026-05-31T01:00:00,2026-05-03T01:00:00,2026-05-31T01:00:00
a6a52df9-0759-48a3-a401-2e885a966e28,86deb79a-93ee-4cfc-a8ca-6d86fca5b239,ce710f9d-ed33-4f5c-a79b-7eea219d41e3,sueno_regulacion,"[""pausa breve"", ""validación"", ""una sola indicación"", ""menos ruido""]","[""apurar demasiado"", ""pantallas tarde"", ""preguntar demasiado"", ""presión escolar""]",0.4,5,2026-05-30T23:00:00,2026-03-18T23:00:00,2026-05-30T23:00:00
06575ddb-7fe2-4639-ac88-6ce360800bdd,86deb79a-93ee-4cfc-a8ca-6d86fca5b239,ce710f9d-ed33-4f5c-a79b-7eea219d41e3,transicion_rigidez,"[""microacciones"", ""validación"", ""anticipación"", ""menos palabras""]","[""forzar explicación"", ""demasiado ruido"", ""preguntar demasiado"", ""muchas instrucciones""]",0.36,4,2026-05-28T21:00:00,2026-03-18T21:00:00,2026-05-28T21:00:00
e90af929-baee-4b22-90e0-d8a51cae87d8,86deb79a-93ee-4cfc-a8ca-6d86fca5b239,ce710f9d-ed33-4f5c-a79b-7eea219d41e3,apoyo_general,"[""menos ruido"", ""microacciones"", ""bajar luces"", ""menos palabras""]","[""pantallas tarde"", ""gritar"", ""presión escolar"", ""corregir en el pico""]",0.44,6,2026-05-31T21:00:00,2026-03-25T21:00:00,2026-05-31T21:00:00
41bf24f3-9d70-4fe3-8abc-4073b4876f48,86deb79a-93ee-4cfc-a8ca-6d86fca5b239,ce710f9d-ed33-4f5c-a79b-7eea219d41e3,sobrecarga_sensorial,"[""menos ruido"", ""bajar luces""]","[""demasiado ruido"", ""preguntar demasiado"", ""forzar explicación"", ""presión escolar""]",0.32,3,2026-05-31T03:00:00,2026-05-07T03:00:00,2026-05-31T03:00:00
19bf1c90-7666-467c-85c8-ad9fddb20606,86deb79a-93ee-4cfc-a8ca-6d86fca5b239,ce710f9d-ed33-4f5c-a79b-7eea219d41e3,sobrecarga_cuidador,[],"[""preguntar demasiado"", ""corregir en el pico"", ""presión escolar"", ""muchas instrucciones""]",0.28,2,2026-05-24T13:46:00,2026-03-16T13:46:00,2026-05-24T13:46:00
de5d7137-9314-4f1a-8d26-4c88720d65d5,86deb79a-93ee-4cfc-a8ca-6d86fca5b239,ce710f9d-ed33-4f5c-a79b-7eea219d41e3,disfuncion_ejecutiva,"[""mismo cierre"", ""menos ruido"", ""bajar luces"", ""validación""]","[""pantallas tarde"", ""forzar explicación"", ""preguntar demasiado"", ""demasiado ruido""]",0.28,2,2026-05-31T21:00:00,2026-04-17T21:00:00,2026-05-31T21:00:00
cf9df4cc-49f3-4350-ac31-ee9bd1f10b2c,86deb79a-93ee-4cfc-a8ca-6d86fca5b239,ce710f9d-ed33-4f5c-a79b-7eea219d41e3,crisis_activa,"[""menos palabras""]","[""muchas instrucciones"", ""presión escolar""]",0.24,1,2026-05-30T03:00:00,2026-05-04T03:00:00,2026-05-30T03:00:00
4c6315e4-cd55-4a5e-94f2-15a9e31b34c3,d4384c60-32b7-4fdc-9eab-2061e62e4982,3980b19a-515c-4e51-89fa-b5bfcb50aaaa,sobrecarga_cuidador,"[""bajar luces"", ""dar tiempo"", ""anticipación"", ""una sola indicación""]","[""pantallas tarde"", ""gritar"", ""cambio brusco"", ""corregir en el pico""]",0.32,3,2026-05-29T00:00:00,2026-05-06T00:00:00,2026-05-29T00:00:00
5f987388-237f-4628-9e41-4730d5d7f7ac,d4384c60-32b7-4fdc-9eab-2061e62e4982,3980b19a-515c-4e51-89fa-b5bfcb50aaaa,disfuncion_ejecutiva,"[""dar tiempo"", ""anticipación"", ""mismo cierre"", ""una sola indicación""]","[""apurar demasiado"", ""corregir en el pico"", ""gritar"", ""presión escolar""]",0.44,6,2026-05-29T21:00:00,2026-04-30T21:00:00,2026-05-29T21:00:00
2838e121-f912-4330-93b5-799968e53f6d,d4384c60-32b7-4fdc-9eab-2061e62e4982,3980b19a-515c-4e51-89fa-b5bfcb50aaaa,crisis_activa,"[""anticipación"", ""microacciones"", ""menos palabras"", ""una sola indicación""]","[""pantallas tarde"", ""presión escolar"", ""gritar"", ""cambio brusco""]",0.36,4,2026-05-28T21:00:00,2026-05-07T21:00:00,2026-05-28T21:00:00
a9ad2c79-fd40-4dc8-8726-813bbca40ca0,d4384c60-32b7-4fdc-9eab-2061e62e4982,3980b19a-515c-4e51-89fa-b5bfcb50aaaa,sobrecarga_sensorial,"[""anticipación"", ""validación"", ""mismo cierre"", ""microacciones""]","[""muchas instrucciones"", ""forzar explicación"", ""corregir en el pico"", ""cambio brusco""]",0.44,6,2026-05-31T21:00:00,2026-04-05T21:00:00,2026-05-31T21:00:00
c94f8160-0cca-41d4-a325-005fbfe5649d,d4384c60-32b7-4fdc-9eab-2061e62e4982,3980b19a-515c-4e51-89fa-b5bfcb50aaaa,apoyo_general,"[""validación"", ""una sola indicación""]","[""preguntar demasiado"", ""gritar""]",0.24,1,2026-05-12T09:13:00,2026-03-08T09:13:00,2026-05-12T09:13:00
a6f202cb-1dd8-4ceb-b724-4b6b7e7301dd,d4384c60-32b7-4fdc-9eab-2061e62e4982,3980b19a-515c-4e51-89fa-b5bfcb50aaaa,transicion_rigidez,"[""una sola indicación"", ""pausa breve"", ""microacciones""]","[""forzar explicación"", ""corregir en el pico""]",0.28,2,2026-05-28T08:13:00,2026-04-19T08:13:00,2026-05-28T08:13:00
6822e9e1-b09f-4b35-9808-2cf18eb033a4,d4384c60-32b7-4fdc-9eab-2061e62e4982,3980b19a-515c-4e51-89fa-b5bfcb50aaaa,sueno_regulacion,"[""dar tiempo"", ""mismo cierre"", ""validación""]","[""cambio brusco"", ""apurar demasiado""]",0.24,1,2026-05-26T21:00:00,2026-04-10T21:00:00,2026-05-26T21:00:00
ecede63d-0a99-4e75-abfe-610c000d7882,515b036e-884b-4d5a-93df-138fdc9cfa2b,f2139b33-864b-417c-a9eb-98b5e13532fb,sobrecarga_cuidador,"[""anticipación"", ""una sola indicación"", ""validación""]","[""preguntar demasiado"", ""gritar"", ""demasiado ruido""]",0.28,2,2026-05-30T21:00:00,2026-04-09T21:00:00,2026-05-30T21:00:00
d03a890f-3033-4d86-874d-65e6e5314506,515b036e-884b-4d5a-93df-138fdc9cfa2b,f2139b33-864b-417c-a9eb-98b5e13532fb,crisis_activa,"[""menos ruido"", ""microacciones"", ""mismo cierre"", ""anticipación""]","[""forzar explicación"", ""demasiado ruido"", ""apurar demasiado"", ""corregir en el pico""]",0.48,7,2026-05-30T21:00:00,2026-05-09T21:00:00,2026-05-30T21:00:00
6ff9d0be-9c95-4137-a513-9fed0d7bb165,515b036e-884b-4d5a-93df-138fdc9cfa2b,f2139b33-864b-417c-a9eb-98b5e13532fb,apoyo_general,"[""una sola indicación"", ""menos ruido"", ""mismo cierre""]","[""pantallas tarde"", ""cambio brusco"", ""muchas instrucciones"", ""apurar demasiado""]",0.36,4,2026-05-30T06:00:00,2026-04-15T06:00:00,2026-05-30T06:00:00
ef58dcb4-7446-4a41-9a77-9915e3ab6329,515b036e-884b-4d5a-93df-138fdc9cfa2b,f2139b33-864b-417c-a9eb-98b5e13532fb,sueno_regulacion,"[""menos palabras"", ""validación"", ""microacciones"", ""dar tiempo""]","[""presión escolar"", ""gritar"", ""pantallas tarde"", ""forzar explicación""]",0.32,3,2026-05-31T21:00:00,2026-03-13T21:00:00,2026-05-31T21:00:00
d137230f-5285-4fe3-a658-781179f84adf,515b036e-884b-4d5a-93df-138fdc9cfa2b,f2139b33-864b-417c-a9eb-98b5e13532fb,disfuncion_ejecutiva,"[""menos palabras"", ""microacciones"", ""menos ruido"", ""mismo cierre""]","[""presión escolar"", ""muchas instrucciones"", ""corregir en el pico""]",0.32,3,2026-05-31T21:00:00,2026-03-27T21:00:00,2026-05-31T21:00:00
89db91aa-8f77-471a-8805-9c53f2aeba64,515b036e-884b-4d5a-93df-138fdc9cfa2b,f2139b33-864b-417c-a9eb-98b5e13532fb,sobrecarga_sensorial,"[""pausa breve"", ""anticipación"", ""microacciones"", ""menos palabras""]","[""preguntar demasiado"", ""muchas instrucciones"", ""presión escolar"", ""apurar demasiado""]",0.36,4,2026-05-29T21:00:00,2026-03-25T21:00:00,2026-05-29T21:00:00
763e8c17-8a60-4f02-b1af-e710f3847883,7b1ff7e5-ed74-4a36-9a20-71845011f89c,2ab2442d-04ec-4eb1-896a-d902c8a4e70d,sobrecarga_sensorial,"[""anticipación"", ""menos ruido"", ""dar tiempo"", ""menos palabras""]","[""gritar"", ""cambio brusco"", ""apurar demasiado"", ""pantallas tarde""]",0.36,4,2026-05-31T02:00:00,2026-04-30T02:00:00,2026-05-31T02:00:00
4ecd2a82-b5ff-40d0-9f9f-22866a25deb8,7b1ff7e5-ed74-4a36-9a20-71845011f89c,2ab2442d-04ec-4eb1-896a-d902c8a4e70d,crisis_activa,"[""una sola indicación"", ""menos ruido"", ""anticipación"", ""microacciones""]","[""corregir en el pico"", ""pantallas tarde"", ""cambio brusco"", ""muchas instrucciones""]",0.4,5,2026-05-29T21:00:00,2026-04-23T21:00:00,2026-05-29T21:00:00
99e2bf26-3cd9-451e-8039-8bd457d5f345,7b1ff7e5-ed74-4a36-9a20-71845011f89c,2ab2442d-04ec-4eb1-896a-d902c8a4e70d,sobrecarga_cuidador,"[""mismo cierre"", ""microacciones"", ""dar tiempo"", ""bajar luces""]","[""preguntar demasiado"", ""presión escolar"", ""pantallas tarde"", ""corregir en el pico""]",0.32,3,2026-05-31T03:00:00,2026-04-04T03:00:00,2026-05-31T03:00:00
2fdb79d2-8707-4e35-9c79-fb82813264d8,7b1ff7e5-ed74-4a36-9a20-71845011f89c,2ab2442d-04ec-4eb1-896a-d902c8a4e70d,apoyo_general,"[""pausa breve"", ""menos palabras"", ""microacciones""]","[""preguntar demasiado"", ""pantallas tarde"", ""cambio brusco"", ""presión escolar""]",0.32,3,2026-05-31T20:24:00,2026-04-28T20:24:00,2026-05-31T20:24:00
0e602cc8-fdf0-4ba9-a00d-91509511b058,7b1ff7e5-ed74-4a36-9a20-71845011f89c,2ab2442d-04ec-4eb1-896a-d902c8a4e70d,sueno_regulacion,"[""validación"", ""mismo cierre"", ""menos ruido"", ""una sola indicación""]","[""pantallas tarde"", ""preguntar demasiado"", ""muchas instrucciones"", ""cambio brusco""]",0.32,3,2026-05-29T21:00:00,2026-04-02T21:00:00,2026-05-29T21:00:00
f68181c9-987b-4d1d-a57b-d0cb81795594,7b1ff7e5-ed74-4a36-9a20-71845011f89c,2ab2442d-04ec-4eb1-896a-d902c8a4e70d,disfuncion_ejecutiva,"[""una sola indicación"", ""menos ruido"", ""pausa breve"", ""mismo cierre""]","[""preguntar demasiado"", ""corregir en el pico"", ""presión escolar"", ""gritar""]",0.32,3,2026-05-30T21:00:00,2026-03-14T21:00:00,2026-05-30T21:00:00
d053d5f0-3375-4327-bcc9-10b76a7b51dc,7b1ff7e5-ed74-4a36-9a20-71845011f89c,2ab2442d-04ec-4eb1-896a-d902c8a4e70d,transicion_rigidez,"[""anticipación"", ""bajar luces"", ""menos palabras""]","[""forzar explicación"", ""gritar"", ""cambio brusco""]",0.28,2,2026-05-28T03:00:00,2026-04-01T03:00:00,2026-05-28T03:00:00
abbe5dd3-6cc7-49ad-b93c-583f247bc371,81fa17dc-5222-4e22-bd27-c7209957fa2b,06738c57-403d-4108-a50d-5e053ae86e79,crisis_activa,"[""una sola indicación"", ""microacciones"", ""bajar luces"", ""menos palabras""]","[""muchas instrucciones"", ""forzar explicación"", ""demasiado ruido"", ""gritar""]",0.36,4,2026-05-30T21:00:00,2026-04-18T21:00:00,2026-05-30T21:00:00
4bab9b97-ecbb-49f8-974c-685a4fd44853,81fa17dc-5222-4e22-bd27-c7209957fa2b,06738c57-403d-4108-a50d-5e053ae86e79,disfuncion_ejecutiva,"[""bajar luces"", ""microacciones"", ""anticipación"", ""menos ruido""]","[""pantallas tarde"", ""gritar"", ""muchas instrucciones"", ""preguntar demasiado""]",0.36,4,2026-05-31T21:00:00,2026-04-27T21:00:00,2026-05-31T21:00:00
c1f02ddc-6b7b-4a17-a936-e0ae5b928a3b,81fa17dc-5222-4e22-bd27-c7209957fa2b,06738c57-403d-4108-a50d-5e053ae86e79,apoyo_general,"[""pausa breve"", ""menos palabras"", ""mismo cierre"", ""dar tiempo""]","[""gritar"", ""forzar explicación"", ""pantallas tarde"", ""demasiado ruido""]",0.48,7,2026-05-31T21:00:00,2026-03-26T21:00:00,2026-05-31T21:00:00
a1b7c0bf-b482-4118-8c73-9e1d771cd3fe,81fa17dc-5222-4e22-bd27-c7209957fa2b,06738c57-403d-4108-a50d-5e053ae86e79,sobrecarga_sensorial,"[""bajar luces"", ""validación"", ""menos palabras"", ""anticipación""]","[""gritar"", ""pantallas tarde"", ""forzar explicación"", ""muchas instrucciones""]",0.36,4,2026-05-31T21:00:00,2026-05-05T21:00:00,2026-05-31T21:00:00
facc16e0-0a59-4075-aab8-6a50b9267c5c,81fa17dc-5222-4e22-bd27-c7209957fa2b,06738c57-403d-4108-a50d-5e053ae86e79,sobrecarga_cuidador,"[""pausa breve"", ""menos palabras""]","[""forzar explicación"", ""preguntar demasiado"", ""cambio brusco""]",0.28,2,2026-05-27T21:00:00,2026-04-08T21:00:00,2026-05-27T21:00:00
25f78a60-0c1e-4b19-acd8-f1b410159220,81fa17dc-5222-4e22-bd27-c7209957fa2b,06738c57-403d-4108-a50d-5e053ae86e79,sueno_regulacion,"[""una sola indicación"", ""dar tiempo"", ""bajar luces"", ""mismo cierre""]","[""preguntar demasiado"", ""muchas instrucciones"", ""presión escolar"", ""cambio brusco""]",0.28,2,2026-05-27T23:02:00,2026-04-13T23:02:00,2026-05-27T23:02:00
beeb33c7-cb0f-4b5a-a699-5c6b8ac3d043,e6ff2d8b-7d4e-44a6-a68f-061e7624dcb5,fd304e88-2c32-41dc-afef-6ddf82fa29e1,crisis_activa,"[""menos ruido"", ""mismo cierre"", ""pausa breve"", ""bajar luces""]","[""muchas instrucciones"", ""pantallas tarde"", ""gritar"", ""demasiado ruido""]",0.36,4,2026-05-31T07:00:00,2026-04-05T07:00:00,2026-05-31T07:00:00
0f501725-e8c2-4b12-a657-71234492a49d,e6ff2d8b-7d4e-44a6-a68f-061e7624dcb5,fd304e88-2c32-41dc-afef-6ddf82fa29e1,sobrecarga_cuidador,"[""pausa breve"", ""microacciones"", ""menos ruido"", ""dar tiempo""]","[""demasiado ruido"", ""corregir en el pico"", ""cambio brusco"", ""forzar explicación""]",0.36,4,2026-05-27T21:00:00,2026-04-28T21:00:00,2026-05-27T21:00:00
b61ed5cf-080f-4c3a-a09e-f1285f2fa706,e6ff2d8b-7d4e-44a6-a68f-061e7624dcb5,fd304e88-2c32-41dc-afef-6ddf82fa29e1,apoyo_general,"[""validación"", ""una sola indicación"", ""mismo cierre"", ""menos ruido""]","[""muchas instrucciones"", ""preguntar demasiado"", ""corregir en el pico"", ""apurar demasiado""]",0.52,8,2026-05-31T13:54:00,2026-04-20T13:54:00,2026-05-31T13:54:00
37f6759d-e11a-4cdc-91f1-5304bacb45d8,e6ff2d8b-7d4e-44a6-a68f-061e7624dcb5,fd304e88-2c32-41dc-afef-6ddf82fa29e1,sueno_regulacion,"[""anticipación"", ""menos ruido"", ""mismo cierre""]","[""forzar explicación"", ""corregir en el pico"", ""gritar""]",0.32,3,2026-05-29T21:00:00,2026-04-15T21:00:00,2026-05-29T21:00:00
647b4565-b1b1-4980-804b-b5c8edd2e4f6,e6ff2d8b-7d4e-44a6-a68f-061e7624dcb5,fd304e88-2c32-41dc-afef-6ddf82fa29e1,disfuncion_ejecutiva,"[""menos ruido"", ""mismo cierre"", ""pausa breve"", ""validación""]","[""preguntar demasiado"", ""cambio brusco"", ""gritar"", ""pantallas tarde""]",0.28,2,2026-05-31T02:00:00,2026-04-05T02:00:00,2026-05-31T02:00:00
c5157dde-547e-4859-9bc8-a6ae99f275e3,e6ff2d8b-7d4e-44a6-a68f-061e7624dcb5,fd304e88-2c32-41dc-afef-6ddf82fa29e1,sobrecarga_sensorial,"[""menos palabras"", ""validación"", ""dar tiempo"", ""pausa breve""]","[""presión escolar"", ""pantallas tarde"", ""demasiado ruido"", ""cambio brusco""]",0.28,2,2026-05-30T02:00:00,2026-05-02T02:00:00,2026-05-30T02:00:00
7adb189f-ee2d-48d4-af5a-86181cbfd76c,46aa23c8-3d52-46b6-846b-33a5ae6091b8,81b2ec0a-ce1e-433a-a2a1-c8e3150cea03,sobrecarga_cuidador,"[""una sola indicación"", ""pausa breve"", ""bajar luces"", ""dar tiempo""]","[""muchas instrucciones"", ""apurar demasiado"", ""demasiado ruido"", ""preguntar demasiado""]",0.4,5,2026-05-31T02:00:00,2026-05-08T02:00:00,2026-05-31T02:00:00
0fb6cd96-8630-47f6-ba05-003665c41af8,46aa23c8-3d52-46b6-846b-33a5ae6091b8,81b2ec0a-ce1e-433a-a2a1-c8e3150cea03,disfuncion_ejecutiva,"[""menos palabras"", ""pausa breve"", ""validación"", ""menos ruido""]","[""presión escolar"", ""pantallas tarde"", ""forzar explicación"", ""muchas instrucciones""]",0.36,4,2026-05-30T22:00:00,2026-03-22T22:00:00,2026-05-30T22:00:00
70402b21-25fa-4ff7-a730-3daa5aed79ad,46aa23c8-3d52-46b6-846b-33a5ae6091b8,81b2ec0a-ce1e-433a-a2a1-c8e3150cea03,apoyo_general,"[""pausa breve"", ""bajar luces"", ""validación"", ""dar tiempo""]","[""demasiado ruido"", ""presión escolar"", ""muchas instrucciones"", ""cambio brusco""]",0.48,7,2026-05-30T21:00:00,2026-04-17T21:00:00,2026-05-30T21:00:00
cae311bd-71dc-4557-9545-e6fa2c449c7a,46aa23c8-3d52-46b6-846b-33a5ae6091b8,81b2ec0a-ce1e-433a-a2a1-c8e3150cea03,sobrecarga_sensorial,"[""microacciones"", ""anticipación"", ""una sola indicación"", ""mismo cierre""]","[""apurar demasiado"", ""cambio brusco"", ""corregir en el pico"", ""demasiado ruido""]",0.4,5,2026-05-30T21:00:00,2026-05-09T21:00:00,2026-05-30T21:00:00
8bd2590d-b326-4d10-990c-fbcd4b92bea2,46aa23c8-3d52-46b6-846b-33a5ae6091b8,81b2ec0a-ce1e-433a-a2a1-c8e3150cea03,transicion_rigidez,"[""mismo cierre""]","[""cambio brusco"", ""presión escolar""]",0.24,1,2026-05-30T23:00:00,2026-03-31T23:00:00,2026-05-30T23:00:00
53a7b400-ce3d-4b4b-8436-2cdb8297c27a,46aa23c8-3d52-46b6-846b-33a5ae6091b8,81b2ec0a-ce1e-433a-a2a1-c8e3150cea03,crisis_activa,"[""mismo cierre"", ""menos ruido"", ""pausa breve""]","[""preguntar demasiado"", ""muchas instrucciones""]",0.24,1,2026-05-29T23:00:00,2026-04-01T23:00:00,2026-05-29T23:00:00
63d71edf-234d-4905-8966-6bfc55d3fa5a,d4f35426-b48c-4ccb-8a6f-ef83a9972bfa,a01c68eb-7f46-449e-855a-a20c619b6078,apoyo_general,"[""microacciones"", ""bajar luces"", ""una sola indicación"", ""mismo cierre""]","[""muchas instrucciones"", ""cambio brusco"", ""preguntar demasiado"", ""forzar explicación""]",0.44,6,2026-05-29T01:43:00,2026-03-31T01:43:00,2026-05-29T01:43:00
d8ba2e75-6691-4abb-b265-9fb65e07bd05,d4f35426-b48c-4ccb-8a6f-ef83a9972bfa,a01c68eb-7f46-449e-855a-a20c619b6078,sobrecarga_cuidador,"[""dar tiempo"", ""validación""]","[""apurar demasiado"", ""muchas instrucciones"", ""pantallas tarde""]",0.24,1,2026-03-25T20:11:00,2026-01-25T20:11:00,2026-03-25T20:11:00
06a7de62-b7b0-4b29-8fb4-d3a07887422a,d4f35426-b48c-4ccb-8a6f-ef83a9972bfa,a01c68eb-7f46-449e-855a-a20c619b6078,sobrecarga_sensorial,"[""mismo cierre"", ""pausa breve""]","[""demasiado ruido"", ""forzar explicación"", ""muchas instrucciones"", ""gritar""]",0.4,5,2026-05-30T21:00:00,2026-05-02T21:00:00,2026-05-30T21:00:00
3d2cf041-ccc8-49aa-85a4-6601b58f5436,d4f35426-b48c-4ccb-8a6f-ef83a9972bfa,a01c68eb-7f46-449e-855a-a20c619b6078,crisis_activa,"[""menos ruido"", ""validación"", ""bajar luces"", ""mismo cierre""]","[""presión escolar"", ""preguntar demasiado"", ""cambio brusco"", ""muchas instrucciones""]",0.48,7,2026-05-31T21:00:00,2026-03-30T21:00:00,2026-05-31T21:00:00
33c4803e-c069-4d21-be54-cf8c67709fda,d4f35426-b48c-4ccb-8a6f-ef83a9972bfa,a01c68eb-7f46-449e-855a-a20c619b6078,disfuncion_ejecutiva,"[""mismo cierre"", ""bajar luces""]","[""gritar""]",0.24,1,2026-05-03T22:46:00,2026-02-24T22:46:00,2026-05-03T22:46:00
cd720603-ca58-4d35-ad2c-c8d578566b26,d4f35426-b48c-4ccb-8a6f-ef83a9972bfa,a01c68eb-7f46-449e-855a-a20c619b6078,sueno_regulacion,"[""menos palabras""]","[""demasiado ruido"", ""muchas instrucciones"", ""pantallas tarde"", ""apurar demasiado""]",0.28,2,2026-05-30T23:00:00,2026-04-06T23:00:00,2026-05-30T23:00:00
01b2527a-2fec-4e2b-aa31-19b3f060aa0c,d4f35426-b48c-4ccb-8a6f-ef83a9972bfa,a01c68eb-7f46-449e-855a-a20c619b6078,transicion_rigidez,"[""dar tiempo""]","[""preguntar demasiado""]",0.24,1,2026-05-28T21:00:00,2026-04-10T21:00:00,2026-05-28T21:00:00
f35ba32a-30e6-4dd0-a310-78416580a906,6757a44b-9b38-49ba-9f05-27fb844cb020,661b179f-e049-4dc4-96c6-7b54ecc30391,disfuncion_ejecutiva,"[""bajar luces"", ""dar tiempo"", ""validación"", ""anticipación""]","[""forzar explicación"", ""gritar"", ""cambio brusco"", ""corregir en el pico""]",0.36,4,2026-05-28T21:00:00,2026-03-26T21:00:00,2026-05-28T21:00:00
64d01afa-c147-4f02-b8a8-266d0c2cfbbc,6757a44b-9b38-49ba-9f05-27fb844cb020,661b179f-e049-4dc4-96c6-7b54ecc30391,apoyo_general,"[""bajar luces"", ""validación"", ""menos ruido"", ""pausa breve""]","[""presión escolar"", ""muchas instrucciones"", ""gritar"", ""demasiado ruido""]",0.44,6,2026-05-30T21:00:00,2026-04-09T21:00:00,2026-05-30T21:00:00
8da20e23-bbcf-43f7-be53-7e784371a2f9,6757a44b-9b38-49ba-9f05-27fb844cb020,661b179f-e049-4dc4-96c6-7b54ecc30391,transicion_rigidez,"[""menos ruido"", ""pausa breve""]","[""corregir en el pico"", ""cambio brusco"", ""pantallas tarde"", ""preguntar demasiado""]",0.32,3,2026-05-30T21:00:00,2026-03-20T21:00:00,2026-05-30T21:00:00
d9e22031-31cb-4e88-b49a-bec4a9cb1e4f,6757a44b-9b38-49ba-9f05-27fb844cb020,661b179f-e049-4dc4-96c6-7b54ecc30391,sobrecarga_cuidador,"[""anticipación"", ""dar tiempo"", ""pausa breve"", ""menos palabras""]","[""preguntar demasiado"", ""presión escolar"", ""corregir en el pico"", ""demasiado ruido""]",0.32,3,2026-05-30T21:00:00,2026-04-18T21:00:00,2026-05-30T21:00:00
e596d41c-718a-4c0f-9330-68d593386bf5,6757a44b-9b38-49ba-9f05-27fb844cb020,661b179f-e049-4dc4-96c6-7b54ecc30391,crisis_activa,"[""mismo cierre"", ""dar tiempo"", ""una sola indicación"", ""validación""]","[""forzar explicación"", ""muchas instrucciones"", ""gritar"", ""demasiado ruido""]",0.4,5,2026-05-30T21:00:00,2026-04-21T21:00:00,2026-05-30T21:00:00
b2a02582-7451-4765-90be-ae53d281fe23,6757a44b-9b38-49ba-9f05-27fb844cb020,661b179f-e049-4dc4-96c6-7b54ecc30391,sueno_regulacion,"[""menos ruido"", ""microacciones"", ""menos palabras""]","[""gritar"", ""forzar explicación""]",0.24,1,2026-05-28T22:00:00,2026-04-28T22:00:00,2026-05-28T22:00:00
79d5c354-9f69-4a7c-9864-4a946b8096aa,6757a44b-9b38-49ba-9f05-27fb844cb020,661b179f-e049-4dc4-96c6-7b54ecc30391,sobrecarga_sensorial,"[""bajar luces"", ""anticipación"", ""pausa breve""]","[""muchas instrucciones"", ""cambio brusco"", ""preguntar demasiado""]",0.24,1,2026-05-28T21:00:00,2026-03-18T21:00:00,2026-05-28T21:00:00
22ccd15d-ddb5-4639-964b-149613380a26,225df57f-e239-43f3-84cc-3016892bf288,667a4fba-a2fe-46a7-88ff-653891a6240f,sueno_regulacion,"[""anticipación"", ""una sola indicación"", ""validación"", ""menos palabras""]","[""corregir en el pico"", ""forzar explicación"", ""gritar"", ""presión escolar""]",0.44,6,2026-05-31T21:00:00,2026-04-08T21:00:00,2026-05-31T21:00:00
42fd075c-312f-4820-8dc1-ef11c8ae7c81,225df57f-e239-43f3-84cc-3016892bf288,667a4fba-a2fe-46a7-88ff-653891a6240f,apoyo_general,"[""validación"", ""menos ruido"", ""microacciones"", ""anticipación""]","[""presión escolar"", ""apurar demasiado"", ""corregir en el pico"", ""gritar""]",0.36,4,2026-05-26T21:00:00,2026-05-06T21:00:00,2026-05-26T21:00:00
7647f449-a377-46c1-9bec-66f1a0d2f6c3,225df57f-e239-43f3-84cc-3016892bf288,667a4fba-a2fe-46a7-88ff-653891a6240f,crisis_activa,"[""anticipación"", ""menos palabras"", ""validación"", ""pausa breve""]","[""gritar"", ""presión escolar"", ""cambio brusco"", ""demasiado ruido""]",0.36,4,2026-05-28T21:00:00,2026-04-03T21:00:00,2026-05-28T21:00:00
93e1f5de-1f71-47df-9a84-cbb53e5dec7f,225df57f-e239-43f3-84cc-3016892bf288,667a4fba-a2fe-46a7-88ff-653891a6240f,sobrecarga_sensorial,"[""menos ruido"", ""pausa breve"", ""mismo cierre"", ""microacciones""]","[""preguntar demasiado"", ""apurar demasiado"", ""pantallas tarde"", ""corregir en el pico""]",0.36,4,2026-05-30T21:00:00,2026-03-22T21:00:00,2026-05-30T21:00:00
2ff19e82-ad58-4fa6-b7a8-dc1ab72169e3,225df57f-e239-43f3-84cc-3016892bf288,667a4fba-a2fe-46a7-88ff-653891a6240f,disfuncion_ejecutiva,"[""bajar luces"", ""pausa breve"", ""menos ruido"", ""mismo cierre""]","[""preguntar demasiado"", ""apurar demasiado"", ""pantallas tarde"", ""corregir en el pico""]",0.28,2,2026-05-31T21:00:00,2026-04-08T21:00:00,2026-05-31T21:00:00
24f219bd-0cc8-438f-9cd3-c066862edc5b,225df57f-e239-43f3-84cc-3016892bf288,667a4fba-a2fe-46a7-88ff-653891a6240f,sobrecarga_cuidador,"[""dar tiempo"", ""anticipación""]","[""pantallas tarde"", ""corregir en el pico"", ""forzar explicación""]",0.24,1,2026-05-31T01:00:00,2026-04-25T01:00:00,2026-05-31T01:00:00
75ce0160-b0c4-4129-9009-616d76f3809f,225df57f-e239-43f3-84cc-3016892bf288,667a4fba-a2fe-46a7-88ff-653891a6240f,transicion_rigidez,"[""dar tiempo"", ""microacciones"", ""bajar luces"", ""anticipación""]","[""preguntar demasiado"", ""gritar"", ""presión escolar""]",0.28,2,2026-05-29T21:00:00,2026-03-27T21:00:00,2026-05-29T21:00:00
9160e1f9-13ec-4f54-b32f-8a44c2b87f0d,7f6996a9-6603-4b7b-a83c-eae1577f949e,de1910f7-2f82-444a-9501-e599c1f45f7b,sueno_regulacion,"[""validación"", ""bajar luces"", ""anticipación"", ""dar tiempo""]","[""preguntar demasiado"", ""corregir en el pico"", ""gritar"", ""demasiado ruido""]",0.48,7,2026-05-29T21:00:00,2026-04-03T21:00:00,2026-05-29T21:00:00
4897b5ff-389a-45a6-80dd-f6cec5f4f8a7,7f6996a9-6603-4b7b-a83c-eae1577f949e,de1910f7-2f82-444a-9501-e599c1f45f7b,apoyo_general,"[""microacciones"", ""mismo cierre"", ""menos ruido"", ""validación""]","[""preguntar demasiado"", ""forzar explicación"", ""muchas instrucciones"", ""corregir en el pico""]",0.44,6,2026-05-29T21:00:00,2026-04-20T21:00:00,2026-05-29T21:00:00
05ecede4-dfc4-451f-af5f-df4eb58565f3,7f6996a9-6603-4b7b-a83c-eae1577f949e,de1910f7-2f82-444a-9501-e599c1f45f7b,sobrecarga_cuidador,"[""menos ruido"", ""microacciones"", ""pausa breve"", ""una sola indicación""]","[""pantallas tarde"", ""corregir en el pico"", ""apurar demasiado"", ""presión escolar""]",0.36,4,2026-05-30T21:00:00,2026-05-09T21:00:00,2026-05-30T21:00:00
36c3c564-1450-4255-9c03-0a71cf8d891c,7f6996a9-6603-4b7b-a83c-eae1577f949e,de1910f7-2f82-444a-9501-e599c1f45f7b,sobrecarga_sensorial,"[""menos palabras"", ""anticipación""]","[""muchas instrucciones"", ""forzar explicación"", ""cambio brusco""]",0.28,2,2026-05-16T22:30:00,2026-04-02T22:30:00,2026-05-16T22:30:00
c9becee1-59a6-408a-a2fd-8fbecd642da3,7f6996a9-6603-4b7b-a83c-eae1577f949e,de1910f7-2f82-444a-9501-e599c1f45f7b,crisis_activa,"[""bajar luces"", ""pausa breve"", ""mismo cierre"", ""microacciones""]","[""cambio brusco"", ""presión escolar"", ""forzar explicación"", ""preguntar demasiado""]",0.32,3,2026-05-30T09:53:00,2026-04-02T09:53:00,2026-05-30T09:53:00
407829f4-9c25-45d5-a563-3fd1cf73e2bf,7f6996a9-6603-4b7b-a83c-eae1577f949e,de1910f7-2f82-444a-9501-e599c1f45f7b,disfuncion_ejecutiva,"[""menos ruido""]","[""preguntar demasiado"", ""forzar explicación""]",0.24,1,2026-05-31T17:30:00,2026-04-04T17:30:00,2026-05-31T17:30:00
eed48eef-658d-4ec0-8322-296040ce55a2,ab0729fe-94f5-4521-9e46-9be7470e922c,49fc9545-688e-479c-9d5b-4f82921fefbc,disfuncion_ejecutiva,"[""menos ruido"", ""dar tiempo"", ""mismo cierre"", ""microacciones""]","[""pantallas tarde"", ""muchas instrucciones"", ""forzar explicación"", ""corregir en el pico""]",0.36,4,2026-05-29T21:00:00,2026-03-31T21:00:00,2026-05-29T21:00:00
0b86b58d-1d8d-4139-a838-ee698e8434cc,ab0729fe-94f5-4521-9e46-9be7470e922c,49fc9545-688e-479c-9d5b-4f82921fefbc,sobrecarga_cuidador,"[""menos ruido"", ""validación"", ""pausa breve"", ""menos palabras""]","[""presión escolar"", ""muchas instrucciones"", ""preguntar demasiado"", ""demasiado ruido""]",0.36,4,2026-05-31T01:00:00,2026-05-11T01:00:00,2026-05-31T01:00:00
eaf14786-db6b-4587-a6ed-eea562abb4c7,ab0729fe-94f5-4521-9e46-9be7470e922c,49fc9545-688e-479c-9d5b-4f82921fefbc,transicion_rigidez,"[""microacciones""]","[""presión escolar"", ""demasiado ruido""]",0.24,1,2026-04-21T16:52:00,2026-02-11T16:52:00,2026-04-21T16:52:00
339b0393-7f92-4fea-b1ef-4fd788ff2737,ab0729fe-94f5-4521-9e46-9be7470e922c,49fc9545-688e-479c-9d5b-4f82921fefbc,crisis_activa,"[""menos ruido"", ""mismo cierre"", ""anticipación"", ""una sola indicación""]","[""corregir en el pico"", ""gritar"", ""apurar demasiado"", ""demasiado ruido""]",0.32,3,2026-05-31T21:00:00,2026-03-12T21:00:00,2026-05-31T21:00:00
ec25af17-0c3e-4ce7-8cdf-f8501276d8a9,ab0729fe-94f5-4521-9e46-9be7470e922c,49fc9545-688e-479c-9d5b-4f82921fefbc,apoyo_general,"[""menos ruido"", ""dar tiempo"", ""menos palabras"", ""validación""]","[""apurar demasiado"", ""cambio brusco"", ""presión escolar"", ""forzar explicación""]",0.32,3,2026-05-30T21:00:00,2026-05-08T21:00:00,2026-05-30T21:00:00
04c92a38-5ff6-495c-b234-cd26bebe9aa2,ab0729fe-94f5-4521-9e46-9be7470e922c,49fc9545-688e-479c-9d5b-4f82921fefbc,sueno_regulacion,"[""pausa breve"", ""menos ruido"", ""anticipación""]","[""forzar explicación"", ""gritar"", ""cambio brusco"", ""muchas instrucciones""]",0.36,4,2026-05-30T21:00:00,2026-03-15T21:00:00,2026-05-30T21:00:00
643c4e7a-204d-43fc-90a5-118f8ee30807,ab0729fe-94f5-4521-9e46-9be7470e922c,49fc9545-688e-479c-9d5b-4f82921fefbc,sobrecarga_sensorial,"[""anticipación"", ""microacciones"", ""menos ruido"", ""una sola indicación""]","[""gritar"", ""cambio brusco"", ""demasiado ruido"", ""pantallas tarde""]",0.36,4,2026-05-30T21:00:00,2026-04-30T21:00:00,2026-05-30T21:00:00
f9b75974-91db-4d62-adfc-118999a9b550,851191ee-c54a-4898-bc9f-c92f0ac52466,ca34f56f-2ccd-40cd-a188-4269fb77520c,transicion_rigidez,"[""dar tiempo"", ""menos palabras"", ""anticipación"", ""pausa breve""]","[""apurar demasiado"", ""preguntar demasiado"", ""muchas instrucciones"", ""presión escolar""]",0.36,4,2026-05-31T21:00:00,2026-03-26T21:00:00,2026-05-31T21:00:00
e5998bc3-17cb-400d-83ea-1502bfb1181d,851191ee-c54a-4898-bc9f-c92f0ac52466,ca34f56f-2ccd-40cd-a188-4269fb77520c,disfuncion_ejecutiva,"[""menos ruido"", ""menos palabras"", ""mismo cierre"", ""una sola indicación""]","[""muchas instrucciones"", ""demasiado ruido"", ""gritar"", ""cambio brusco""]",0.4,5,2026-05-30T21:00:00,2026-04-16T21:00:00,2026-05-30T21:00:00
4993e980-ee7c-4704-a978-8e81af0a2efa,851191ee-c54a-4898-bc9f-c92f0ac52466,ca34f56f-2ccd-40cd-a188-4269fb77520c,sobrecarga_cuidador,"[""bajar luces"", ""menos ruido"", ""mismo cierre"", ""microacciones""]","[""cambio brusco"", ""preguntar demasiado"", ""apurar demasiado"", ""pantallas tarde""]",0.4,5,2026-05-30T21:00:00,2026-04-11T21:00:00,2026-05-30T21:00:00
3258623f-d39c-4b96-9389-2ab892001ce2,851191ee-c54a-4898-bc9f-c92f0ac52466,ca34f56f-2ccd-40cd-a188-4269fb77520c,crisis_activa,"[""validación"", ""microacciones"", ""menos palabras"", ""menos ruido""]","[""cambio brusco"", ""forzar explicación"", ""presión escolar"", ""demasiado ruido""]",0.36,4,2026-05-31T21:00:00,2026-03-21T21:00:00,2026-05-31T21:00:00
b2aed15b-8651-4582-87db-7c0178831d3d,851191ee-c54a-4898-bc9f-c92f0ac52466,ca34f56f-2ccd-40cd-a188-4269fb77520c,sueno_regulacion,"[""menos palabras"", ""menos ruido"", ""bajar luces"", ""dar tiempo""]","[""demasiado ruido"", ""apurar demasiado"", ""corregir en el pico"", ""pantallas tarde""]",0.32,3,2026-05-31T21:00:00,2026-05-08T21:00:00,2026-05-31T21:00:00
20fc2ca4-6f74-411c-b0e3-43d97666e85f,851191ee-c54a-4898-bc9f-c92f0ac52466,ca34f56f-2ccd-40cd-a188-4269fb77520c,apoyo_general,"[""dar tiempo"", ""microacciones"", ""menos ruido""]","[""apurar demasiado"", ""presión escolar""]",0.24,1,2026-05-29T12:59:00,2026-04-15T12:59:00,2026-05-29T12:59:00
7cf75e4e-60c0-4a26-b7e4-e908c7bc165d,851191ee-c54a-4898-bc9f-c92f0ac52466,ca34f56f-2ccd-40cd-a188-4269fb77520c,sobrecarga_sensorial,"[""menos ruido"", ""validación"", ""anticipación""]","[""apurar demasiado"", ""pantallas tarde""]",0.24,1,2026-05-29T03:00:00,2026-03-20T03:00:00,2026-05-29T03:00:00
3d4004de-88c8-4420-89b2-53bd4e30c3a3,177c312d-c315-4023-8a3b-d95a7eade0a9,4d52863b-4ac5-4933-9475-9535ea8d5f4e,sueno_regulacion,"[""una sola indicación"", ""anticipación"", ""mismo cierre"", ""validación""]","[""forzar explicación"", ""corregir en el pico"", ""apurar demasiado"", ""gritar""]",0.32,3,2026-05-30T01:00:00,2026-03-13T01:00:00,2026-05-30T01:00:00
68e6d756-dbae-4b83-99c8-648e6fc0d88e,177c312d-c315-4023-8a3b-d95a7eade0a9,4d52863b-4ac5-4933-9475-9535ea8d5f4e,sobrecarga_sensorial,"[""microacciones"", ""bajar luces"", ""anticipación"", ""pausa breve""]","[""muchas instrucciones"", ""pantallas tarde"", ""demasiado ruido"", ""corregir en el pico""]",0.36,4,2026-05-27T06:06:00,2026-03-12T06:06:00,2026-05-27T06:06:00
1d99e61a-ad44-4927-a3c3-2dd587ecf85a,177c312d-c315-4023-8a3b-d95a7eade0a9,4d52863b-4ac5-4933-9475-9535ea8d5f4e,sobrecarga_cuidador,"[""anticipación"", ""menos palabras"", ""pausa breve"", ""menos ruido""]","[""cambio brusco"", ""gritar"", ""corregir en el pico"", ""apurar demasiado""]",0.28,2,2026-05-29T07:06:00,2026-03-28T07:06:00,2026-05-29T07:06:00
b3fd14fd-5636-4e47-bd3b-2182b5feae54,177c312d-c315-4023-8a3b-d95a7eade0a9,4d52863b-4ac5-4933-9475-9535ea8d5f4e,apoyo_general,"[""menos palabras"", ""menos ruido"", ""una sola indicación"", ""mismo cierre""]","[""corregir en el pico"", ""muchas instrucciones"", ""gritar"", ""presión escolar""]",0.4,5,2026-05-31T11:06:00,2026-05-02T11:06:00,2026-05-31T11:06:00
5efc5a1a-ca7b-44f6-b8c5-238007497eb5,177c312d-c315-4023-8a3b-d95a7eade0a9,4d52863b-4ac5-4933-9475-9535ea8d5f4e,crisis_activa,"[""una sola indicación"", ""validación"", ""bajar luces"", ""mismo cierre""]","[""cambio brusco"", ""demasiado ruido"", ""forzar explicación"", ""pantallas tarde""]",0.32,3,2026-05-02T17:10:00,2026-03-17T17:10:00,2026-05-02T17:10:00
1aaaac7b-fd1e-4e4d-8fc6-044186168a54,177c312d-c315-4023-8a3b-d95a7eade0a9,4d52863b-4ac5-4933-9475-9535ea8d5f4e,transicion_rigidez,"[""dar tiempo"", ""anticipación"", ""menos ruido"", ""menos palabras""]","[""pantallas tarde"", ""forzar explicación"", ""cambio brusco"", ""demasiado ruido""]",0.36,4,2026-05-28T21:00:00,2026-03-29T21:00:00,2026-05-28T21:00:00
f13fcfce-50e9-4028-9f82-6e6649f32868,177c312d-c315-4023-8a3b-d95a7eade0a9,4d52863b-4ac5-4933-9475-9535ea8d5f4e,disfuncion_ejecutiva,"[""bajar luces"", ""anticipación""]","[""demasiado ruido"", ""pantallas tarde"", ""apurar demasiado"", ""forzar explicación""]",0.28,2,2026-05-28T21:00:00,2026-05-02T21:00:00,2026-05-28T21:00:00
8292d01d-b43a-4a85-bf14-b9f9de568c00,88d2e80a-d86a-4aa7-b6ca-de6ff0699e4a,0060f4df-bb37-4fa1-a84d-daaeed13bf58,sueno_regulacion,"[""validación"", ""dar tiempo"", ""pausa breve""]","[""corregir en el pico"", ""muchas instrucciones"", ""pantallas tarde""]",0.28,2,2026-05-28T21:00:00,2026-04-08T21:00:00,2026-05-28T21:00:00
b16c75d0-b52c-48ec-96d9-df62311d28f8,88d2e80a-d86a-4aa7-b6ca-de6ff0699e4a,0060f4df-bb37-4fa1-a84d-daaeed13bf58,disfuncion_ejecutiva,"[""dar tiempo"", ""menos palabras"", ""una sola indicación"", ""anticipación""]","[""pantallas tarde"", ""apurar demasiado"", ""forzar explicación"", ""gritar""]",0.32,3,2026-05-31T03:00:00,2026-04-21T03:00:00,2026-05-31T03:00:00
b2eb445d-b485-44d4-9681-22c69ff91bfa,88d2e80a-d86a-4aa7-b6ca-de6ff0699e4a,0060f4df-bb37-4fa1-a84d-daaeed13bf58,sobrecarga_cuidador,"[""menos palabras"", ""validación"", ""una sola indicación"", ""bajar luces""]","[""corregir en el pico"", ""preguntar demasiado"", ""presión escolar"", ""pantallas tarde""]",0.28,2,2026-05-31T21:00:00,2026-05-08T21:00:00,2026-05-31T21:00:00
512eaf78-4776-46e1-be73-8b062df006db,88d2e80a-d86a-4aa7-b6ca-de6ff0699e4a,0060f4df-bb37-4fa1-a84d-daaeed13bf58,crisis_activa,"[""dar tiempo"", ""microacciones"", ""menos palabras"", ""bajar luces""]","[""muchas instrucciones"", ""pantallas tarde"", ""demasiado ruido"", ""corregir en el pico""]",0.36,4,2026-05-31T21:00:00,2026-03-30T21:00:00,2026-05-31T21:00:00
a999102b-7206-4a96-943f-4d2b6d6c8097,88d2e80a-d86a-4aa7-b6ca-de6ff0699e4a,0060f4df-bb37-4fa1-a84d-daaeed13bf58,transicion_rigidez,"[""menos palabras"", ""pausa breve"", ""anticipación"", ""mismo cierre""]","[""pantallas tarde"", ""gritar"", ""preguntar demasiado"", ""presión escolar""]",0.36,4,2026-05-31T21:00:00,2026-04-03T21:00:00,2026-05-31T21:00:00
1b78ead7-9455-4119-b302-9d88445938e3,88d2e80a-d86a-4aa7-b6ca-de6ff0699e4a,0060f4df-bb37-4fa1-a84d-daaeed13bf58,apoyo_general,"[""menos palabras"", ""pausa breve"", ""validación"", ""microacciones""]","[""forzar explicación"", ""preguntar demasiado"", ""muchas instrucciones"", ""pantallas tarde""]",0.4,5,2026-05-31T21:00:00,2026-05-05T21:00:00,2026-05-31T21:00:00
53cad92e-d50b-45dc-8652-d31dfd818705,88d2e80a-d86a-4aa7-b6ca-de6ff0699e4a,0060f4df-bb37-4fa1-a84d-daaeed13bf58,sobrecarga_sensorial,"[""validación"", ""menos ruido"", ""anticipación"", ""dar tiempo""]","[""gritar"", ""apurar demasiado"", ""muchas instrucciones"", ""cambio brusco""]",0.32,3,2026-05-30T21:00:00,2026-04-06T21:00:00,2026-05-30T21:00:00
39641fb0-3201-499b-a2ea-64a949cebf7b,a1db19fe-057a-492f-967e-a3937d1427b1,c7062c11-cfe0-40eb-b0a4-620b1d097342,disfuncion_ejecutiva,"[""validación"", ""bajar luces"", ""microacciones"", ""mismo cierre""]","[""forzar explicación"", ""preguntar demasiado"", ""apurar demasiado"", ""cambio brusco""]",0.36,4,2026-05-31T21:00:00,2026-04-16T21:00:00,2026-05-31T21:00:00
3bd86fa8-5d6d-4a64-b001-e2dca6543edc,a1db19fe-057a-492f-967e-a3937d1427b1,c7062c11-cfe0-40eb-b0a4-620b1d097342,sobrecarga_sensorial,"[""una sola indicación"", ""microacciones"", ""mismo cierre"", ""bajar luces""]","[""apurar demasiado"", ""demasiado ruido"", ""corregir en el pico"", ""forzar explicación""]",0.28,2,2026-05-29T21:00:00,2026-05-07T21:00:00,2026-05-29T21:00:00
f374575b-f660-4438-b8d1-1ceb23e55715,a1db19fe-057a-492f-967e-a3937d1427b1,c7062c11-cfe0-40eb-b0a4-620b1d097342,transicion_rigidez,"[""bajar luces"", ""dar tiempo""]","[""apurar demasiado"", ""presión escolar""]",0.28,2,2026-05-08T09:49:00,2026-02-25T09:49:00,2026-05-08T09:49:00
ff12b2a9-3a69-4abb-a9cf-1ab44f1abca4,a1db19fe-057a-492f-967e-a3937d1427b1,c7062c11-cfe0-40eb-b0a4-620b1d097342,sueno_regulacion,"[""validación"", ""anticipación"", ""bajar luces"", ""pausa breve""]","[""gritar"", ""cambio brusco"", ""presión escolar"", ""pantallas tarde""]",0.36,4,2026-05-30T21:00:00,2026-05-09T21:00:00,2026-05-30T21:00:00
5aceb771-cae7-4c31-8480-ed4ccd03e382,a1db19fe-057a-492f-967e-a3937d1427b1,c7062c11-cfe0-40eb-b0a4-620b1d097342,crisis_activa,"[""pausa breve"", ""menos palabras"", ""una sola indicación"", ""bajar luces""]","[""demasiado ruido"", ""muchas instrucciones"", ""apurar demasiado"", ""preguntar demasiado""]",0.44,6,2026-05-31T21:00:00,2026-04-22T21:00:00,2026-05-31T21:00:00
c06d7b39-8580-413c-a028-c2e9ae6b78eb,a1db19fe-057a-492f-967e-a3937d1427b1,c7062c11-cfe0-40eb-b0a4-620b1d097342,apoyo_general,"[""microacciones"", ""validación"", ""dar tiempo"", ""menos ruido""]","[""presión escolar"", ""preguntar demasiado"", ""muchas instrucciones"", ""corregir en el pico""]",0.36,4,2026-05-30T21:00:00,2026-04-10T21:00:00,2026-05-30T21:00:00
cb22ce96-1a8d-4c7c-9783-ba4487aa4be0,a1db19fe-057a-492f-967e-a3937d1427b1,c7062c11-cfe0-40eb-b0a4-620b1d097342,sobrecarga_cuidador,"[""bajar luces""]","[""muchas instrucciones"", ""cambio brusco"", ""preguntar demasiado""]",0.24,1,2026-05-28T21:00:00,2026-03-13T21:00:00,2026-05-28T21:00:00
909173d4-2cfe-406a-ace7-9525b9fac127,d1f2586a-8e48-43ef-8c0f-1566ae132398,2196c9dd-2113-4fb5-94ab-72bb32b250b2,transicion_rigidez,"[""mismo cierre"", ""anticipación"", ""menos palabras"", ""microacciones""]","[""pantallas tarde"", ""demasiado ruido"", ""apurar demasiado"", ""forzar explicación""]",0.32,3,2026-05-31T09:23:00,2026-04-24T09:23:00,2026-05-31T09:23:00
076fac82-cca9-4c10-8ef6-d2509f409f28,d1f2586a-8e48-43ef-8c0f-1566ae132398,2196c9dd-2113-4fb5-94ab-72bb32b250b2,disfuncion_ejecutiva,"[""microacciones"", ""mismo cierre"", ""menos palabras"", ""una sola indicación""]","[""gritar"", ""muchas instrucciones"", ""corregir en el pico"", ""apurar demasiado""]",0.32,3,2026-05-31T19:56:00,2026-04-29T19:56:00,2026-05-31T19:56:00
6dd0a930-d235-445a-a8bd-61c46194f52e,d1f2586a-8e48-43ef-8c0f-1566ae132398,2196c9dd-2113-4fb5-94ab-72bb32b250b2,crisis_activa,"[""pausa breve"", ""menos ruido"", ""validación"", ""menos palabras""]","[""forzar explicación"", ""presión escolar"", ""pantallas tarde"", ""gritar""]",0.44,6,2026-05-31T21:00:00,2026-04-09T21:00:00,2026-05-31T21:00:00
76732638-15d8-433c-9be2-816bbad681b9,d1f2586a-8e48-43ef-8c0f-1566ae132398,2196c9dd-2113-4fb5-94ab-72bb32b250b2,sueno_regulacion,"[""dar tiempo"", ""menos ruido"", ""validación"", ""microacciones""]","[""gritar"", ""muchas instrucciones"", ""preguntar demasiado""]",0.28,2,2026-05-30T17:56:00,2026-04-04T17:56:00,2026-05-30T17:56:00
07f06652-b8f6-49e8-80a1-d726fc3f0a10,d1f2586a-8e48-43ef-8c0f-1566ae132398,2196c9dd-2113-4fb5-94ab-72bb32b250b2,apoyo_general,"[""validación"", ""una sola indicación"", ""menos palabras"", ""anticipación""]","[""cambio brusco"", ""pantallas tarde"", ""presión escolar"", ""forzar explicación""]",0.4,5,2026-05-31T21:00:00,2026-04-13T21:00:00,2026-05-31T21:00:00
6dc94ce2-2065-41d3-ac37-72f71a4b7b2b,d1f2586a-8e48-43ef-8c0f-1566ae132398,2196c9dd-2113-4fb5-94ab-72bb32b250b2,sobrecarga_sensorial,"[""validación"", ""mismo cierre"", ""bajar luces"", ""una sola indicación""]","[""corregir en el pico"", ""demasiado ruido"", ""cambio brusco""]",0.32,3,2026-05-29T21:00:00,2026-05-09T21:00:00,2026-05-29T21:00:00
fa2ba130-653a-42c3-93e4-c4fe4a1fd052,d1f2586a-8e48-43ef-8c0f-1566ae132398,2196c9dd-2113-4fb5-94ab-72bb32b250b2,sobrecarga_cuidador,"[""dar tiempo""]","[""apurar demasiado"", ""forzar explicación""]",0.24,1,2026-05-28T21:00:00,2026-05-07T21:00:00,2026-05-28T21:00:00
80fe3bbb-a495-415d-9bf9-37cd5bf82360,9b01614e-f942-4167-bce5-8b9c91939bdf,71791d66-c194-41a8-afab-b392a846a967,disfuncion_ejecutiva,"[""pausa breve"", ""dar tiempo"", ""bajar luces"", ""una sola indicación""]","[""cambio brusco"", ""forzar explicación"", ""preguntar demasiado"", ""presión escolar""]",0.32,3,2026-05-28T21:00:00,2026-03-14T21:00:00,2026-05-28T21:00:00
ef75cbab-2309-4a3c-af4e-2360b633c44d,9b01614e-f942-4167-bce5-8b9c91939bdf,71791d66-c194-41a8-afab-b392a846a967,sobrecarga_sensorial,"[""dar tiempo"", ""menos palabras"", ""mismo cierre"", ""menos ruido""]","[""preguntar demasiado"", ""cambio brusco"", ""pantallas tarde"", ""presión escolar""]",0.44,6,2026-05-31T00:00:00,2026-04-17T00:00:00,2026-05-31T00:00:00
660e88be-ac3a-411c-b254-8fb5054d0103,9b01614e-f942-4167-bce5-8b9c91939bdf,71791d66-c194-41a8-afab-b392a846a967,transicion_rigidez,"[""menos ruido"", ""microacciones"", ""una sola indicación"", ""anticipación""]","[""apurar demasiado"", ""gritar"", ""corregir en el pico""]",0.32,3,2026-05-27T21:00:00,2026-04-14T21:00:00,2026-05-27T21:00:00
39206711-8040-4fe2-a0c9-bec6f9e6ac60,9b01614e-f942-4167-bce5-8b9c91939bdf,71791d66-c194-41a8-afab-b392a846a967,crisis_activa,"[""mismo cierre"", ""anticipación"", ""una sola indicación"", ""bajar luces""]","[""muchas instrucciones"", ""cambio brusco"", ""apurar demasiado"", ""gritar""]",0.4,5,2026-05-31T01:00:00,2026-03-16T01:00:00,2026-05-31T01:00:00
9b93f3fc-100c-4ff2-853f-0d62856e6ee0,9b01614e-f942-4167-bce5-8b9c91939bdf,71791d66-c194-41a8-afab-b392a846a967,sobrecarga_cuidador,"[""anticipación"", ""pausa breve"", ""validación""]","[""presión escolar"", ""corregir en el pico"", ""preguntar demasiado""]",0.28,2,2026-05-30T21:00:00,2026-04-21T21:00:00,2026-05-30T21:00:00
b7830038-001d-4e88-8ac0-9286ea530bc0,9b01614e-f942-4167-bce5-8b9c91939bdf,71791d66-c194-41a8-afab-b392a846a967,apoyo_general,"[""menos ruido"", ""una sola indicación"", ""anticipación""]","[""corregir en el pico"", ""demasiado ruido"", ""gritar"", ""presión escolar""]",0.28,2,2026-05-31T21:00:00,2026-03-24T21:00:00,2026-05-31T21:00:00
f29797ea-ecec-4fe1-8cff-b20665939b49,9b01614e-f942-4167-bce5-8b9c91939bdf,71791d66-c194-41a8-afab-b392a846a967,sueno_regulacion,"[""menos palabras"", ""mismo cierre""]","[""apurar demasiado"", ""preguntar demasiado"", ""forzar explicación"", ""muchas instrucciones""]",0.28,2,2026-05-31T21:00:00,2026-05-11T21:00:00,2026-05-31T21:00:00
e9c09998-59ba-4962-8661-705a65d67524,96aad2d3-ec6e-4499-863f-c27120c99c37,e4a58377-5644-4dea-bcea-08ba5315f7fd,disfuncion_ejecutiva,"[""dar tiempo"", ""pausa breve"", ""menos palabras"", ""validación""]","[""apurar demasiado"", ""cambio brusco"", ""demasiado ruido"", ""presión escolar""]",0.36,4,2026-05-30T21:00:00,2026-03-22T21:00:00,2026-05-30T21:00:00
e2099e99-f10c-4c99-88e3-03115f50eeca,96aad2d3-ec6e-4499-863f-c27120c99c37,e4a58377-5644-4dea-bcea-08ba5315f7fd,apoyo_general,"[""microacciones"", ""una sola indicación"", ""dar tiempo"", ""menos palabras""]","[""muchas instrucciones"", ""preguntar demasiado"", ""corregir en el pico"", ""demasiado ruido""]",0.44,6,2026-05-31T21:00:00,2026-03-21T21:00:00,2026-05-31T21:00:00
5f7ef51c-0472-4253-88b6-b4698b4bc827,96aad2d3-ec6e-4499-863f-c27120c99c37,e4a58377-5644-4dea-bcea-08ba5315f7fd,sueno_regulacion,"[""menos ruido"", ""una sola indicación"", ""dar tiempo"", ""menos palabras""]","[""forzar explicación"", ""pantallas tarde"", ""preguntar demasiado"", ""demasiado ruido""]",0.36,4,2026-05-30T21:00:00,2026-05-06T21:00:00,2026-05-30T21:00:00
10bac3c8-6d70-46ea-8352-a080253b40cb,96aad2d3-ec6e-4499-863f-c27120c99c37,e4a58377-5644-4dea-bcea-08ba5315f7fd,crisis_activa,"[""mismo cierre"", ""menos palabras"", ""microacciones"", ""validación""]","[""preguntar demasiado"", ""demasiado ruido"", ""cambio brusco"", ""presión escolar""]",0.36,4,2026-05-31T03:00:00,2026-05-03T03:00:00,2026-05-31T03:00:00
c73c2d46-854c-4c48-af98-25325a0bc522,96aad2d3-ec6e-4499-863f-c27120c99c37,e4a58377-5644-4dea-bcea-08ba5315f7fd,transicion_rigidez,"[""validación"", ""microacciones"", ""una sola indicación"", ""menos palabras""]","[""gritar"", ""corregir en el pico"", ""preguntar demasiado"", ""demasiado ruido""]",0.32,3,2026-05-27T21:00:00,2026-03-12T21:00:00,2026-05-27T21:00:00
28225d95-9e02-4532-9f0b-f5e7108fa4bd,96aad2d3-ec6e-4499-863f-c27120c99c37,e4a58377-5644-4dea-bcea-08ba5315f7fd,sobrecarga_cuidador,"[""una sola indicación"", ""anticipación"", ""mismo cierre""]","[""apurar demasiado""]",0.24,1,2026-05-28T11:36:00,2026-04-03T11:36:00,2026-05-28T11:36:00
0bd65d87-c01f-47f7-ad3e-6bceffb85865,96aad2d3-ec6e-4499-863f-c27120c99c37,e4a58377-5644-4dea-bcea-08ba5315f7fd,sobrecarga_sensorial,"[""una sola indicación"", ""bajar luces"", ""mismo cierre""]","[""muchas instrucciones"", ""demasiado ruido""]",0.24,1,2026-05-26T21:00:00,2026-03-20T21:00:00,2026-05-26T21:00:00
f25553ea-36a9-4f92-8f0d-d656d58d0e83,19f4dc6f-ef37-4eeb-974c-07d766eac932,943b9aa5-5e5e-4527-ac02-dbe01dd5df45,sobrecarga_cuidador,"[""bajar luces"", ""menos palabras""]","[""presión escolar"", ""corregir en el pico"", ""preguntar demasiado"", ""forzar explicación""]",0.32,3,2026-05-28T21:00:00,2026-05-01T21:00:00,2026-05-28T21:00:00
ff28d0d8-0216-4a7c-98f4-d2b630acf9f6,19f4dc6f-ef37-4eeb-974c-07d766eac932,943b9aa5-5e5e-4527-ac02-dbe01dd5df45,apoyo_general,"[""dar tiempo"", ""pausa breve"", ""anticipación"", ""mismo cierre""]","[""preguntar demasiado"", ""forzar explicación"", ""gritar"", ""cambio brusco""]",0.48,7,2026-05-31T02:00:00,2026-04-17T02:00:00,2026-05-31T02:00:00
fba9e9e3-3233-4f9b-b289-63be38c4d551,19f4dc6f-ef37-4eeb-974c-07d766eac932,943b9aa5-5e5e-4527-ac02-dbe01dd5df45,disfuncion_ejecutiva,"[""pausa breve"", ""menos palabras"", ""bajar luces"", ""validación""]","[""corregir en el pico"", ""preguntar demasiado"", ""presión escolar"", ""muchas instrucciones""]",0.36,4,2026-05-31T21:00:00,2026-04-29T21:00:00,2026-05-31T21:00:00
97bb2e2c-dd3e-4c6a-a635-45067a92f4b5,19f4dc6f-ef37-4eeb-974c-07d766eac932,943b9aa5-5e5e-4527-ac02-dbe01dd5df45,crisis_activa,"[""pausa breve"", ""menos ruido"", ""validación"", ""dar tiempo""]","[""demasiado ruido"", ""muchas instrucciones""]",0.28,2,2026-05-26T21:00:00,2026-03-16T21:00:00,2026-05-26T21:00:00
ca1bf31b-d0c1-4dc4-a9d0-dd0076dc7d5f,19f4dc6f-ef37-4eeb-974c-07d766eac932,943b9aa5-5e5e-4527-ac02-dbe01dd5df45,sobrecarga_sensorial,"[""anticipación"", ""bajar luces"", ""una sola indicación"", ""mismo cierre""]","[""forzar explicación"", ""muchas instrucciones"", ""pantallas tarde""]",0.28,2,2026-05-31T21:00:00,2026-05-11T21:00:00,2026-05-31T21:00:00
2cc22d73-0aa2-4809-a29f-5a807575fab6,19f4dc6f-ef37-4eeb-974c-07d766eac932,943b9aa5-5e5e-4527-ac02-dbe01dd5df45,transicion_rigidez,"[""dar tiempo"", ""pausa breve"", ""menos palabras""]","[""demasiado ruido"", ""forzar explicación"", ""muchas instrucciones"", ""pantallas tarde""]",0.28,2,2026-05-30T21:00:00,2026-03-19T21:00:00,2026-05-30T21:00:00
944b97d4-7940-4d7e-a36e-293147a4b6c4,19f4dc6f-ef37-4eeb-974c-07d766eac932,943b9aa5-5e5e-4527-ac02-dbe01dd5df45,sueno_regulacion,"[""una sola indicación"", ""bajar luces"", ""anticipación"", ""menos ruido""]","[""corregir en el pico"", ""forzar explicación"", ""muchas instrucciones"", ""apurar demasiado""]",0.32,3,2026-05-31T01:00:00,2026-04-08T01:00:00,2026-05-31T01:00:00
8b3c25dd-df4d-4a5f-995f-76d12bf7ce6a,f748a894-cb8a-4198-a284-a93352f93142,75f1d728-c4a6-481e-9487-e66833918917,disfuncion_ejecutiva,"[""menos palabras"", ""anticipación"", ""menos ruido"", ""dar tiempo""]","[""forzar explicación"", ""preguntar demasiado"", ""muchas instrucciones"", ""cambio brusco""]",0.36,4,2026-05-30T23:00:00,2026-03-18T23:00:00,2026-05-30T23:00:00
7c3d1f81-f3a1-4f78-a14a-e78e915eb353,f748a894-cb8a-4198-a284-a93352f93142,75f1d728-c4a6-481e-9487-e66833918917,sobrecarga_cuidador,"[""menos palabras"", ""bajar luces""]","[""gritar"", ""forzar explicación""]",0.24,1,2026-05-27T21:00:00,2026-04-14T21:00:00,2026-05-27T21:00:00
0ca5de3e-4253-4061-b32d-7fdbeca3a47e,f748a894-cb8a-4198-a284-a93352f93142,75f1d728-c4a6-481e-9487-e66833918917,apoyo_general,"[""bajar luces"", ""dar tiempo"", ""una sola indicación"", ""menos ruido""]","[""apurar demasiado"", ""corregir en el pico"", ""pantallas tarde"", ""demasiado ruido""]",0.52,8,2026-05-31T03:00:00,2026-04-18T03:00:00,2026-05-31T03:00:00
de7c2399-3d5c-4a59-86e9-100ebe43d762,f748a894-cb8a-4198-a284-a93352f93142,75f1d728-c4a6-481e-9487-e66833918917,crisis_activa,"[""validación"", ""microacciones"", ""menos ruido"", ""bajar luces""]","[""muchas instrucciones"", ""forzar explicación"", ""cambio brusco"", ""demasiado ruido""]",0.32,3,2026-05-30T23:00:00,2026-05-01T23:00:00,2026-05-30T23:00:00
27f33234-ea77-4051-89dc-aea86a08c685,f748a894-cb8a-4198-a284-a93352f93142,75f1d728-c4a6-481e-9487-e66833918917,transicion_rigidez,"[""menos ruido"", ""bajar luces"", ""dar tiempo"", ""menos palabras""]","[""forzar explicación"", ""muchas instrucciones"", ""demasiado ruido"", ""preguntar demasiado""]",0.28,2,2026-05-31T00:00:00,2026-03-20T00:00:00,2026-05-31T00:00:00
a432b2a0-2010-4ad2-8239-0bccb8f0e30e,f748a894-cb8a-4198-a284-a93352f93142,75f1d728-c4a6-481e-9487-e66833918917,sobrecarga_sensorial,"[""validación"", ""microacciones"", ""anticipación"", ""menos palabras""]","[""preguntar demasiado"", ""gritar"", ""demasiado ruido"", ""apurar demasiado""]",0.32,3,2026-05-29T23:00:00,2026-04-01T23:00:00,2026-05-29T23:00:00
5905307b-dc31-47c5-938e-58af247662af,f748a894-cb8a-4198-a284-a93352f93142,75f1d728-c4a6-481e-9487-e66833918917,sueno_regulacion,"[""mismo cierre"", ""menos palabras"", ""anticipación"", ""menos ruido""]","[""demasiado ruido"", ""apurar demasiado"", ""muchas instrucciones""]",0.28,2,2026-05-31T01:00:00,2026-04-07T01:00:00,2026-05-31T01:00:00
4df66cd2-c3d9-4137-b762-1e8439537694,afeaa5c9-9c0c-416a-ad45-eb8cc2ff8fba,c854b7b3-d7f5-49d6-b147-a4b4ffe70587,crisis_activa,"[""validación"", ""pausa breve"", ""menos ruido"", ""mismo cierre""]","[""presión escolar"", ""pantallas tarde"", ""preguntar demasiado"", ""forzar explicación""]",0.4,5,2026-05-22T20:31:00,2026-03-22T20:31:00,2026-05-22T20:31:00
3fa892f2-c409-467f-8f03-ea083fdebc1f,afeaa5c9-9c0c-416a-ad45-eb8cc2ff8fba,c854b7b3-d7f5-49d6-b147-a4b4ffe70587,sobrecarga_sensorial,"[""mismo cierre"", ""microacciones"", ""una sola indicación""]","[""gritar"", ""apurar demasiado"", ""demasiado ruido"", ""cambio brusco""]",0.32,3,2026-05-27T21:00:00,2026-03-26T21:00:00,2026-05-27T21:00:00
3d2ab4bc-86d1-4976-9e9a-acb20c464600,afeaa5c9-9c0c-416a-ad45-eb8cc2ff8fba,c854b7b3-d7f5-49d6-b147-a4b4ffe70587,transicion_rigidez,"[""microacciones"", ""validación"", ""pausa breve"", ""menos palabras""]","[""cambio brusco"", ""corregir en el pico"", ""demasiado ruido"", ""muchas instrucciones""]",0.32,3,2026-05-31T21:00:00,2026-03-16T21:00:00,2026-05-31T21:00:00
a9aa5f4e-a37e-4c34-a318-fb735ca01de0,afeaa5c9-9c0c-416a-ad45-eb8cc2ff8fba,c854b7b3-d7f5-49d6-b147-a4b4ffe70587,sobrecarga_cuidador,"[""microacciones"", ""validación"", ""bajar luces"", ""dar tiempo""]","[""corregir en el pico"", ""demasiado ruido"", ""apurar demasiado"", ""muchas instrucciones""]",0.48,7,2026-05-30T21:00:00,2026-04-20T21:00:00,2026-05-30T21:00:00
04471183-af99-45d5-b947-c63e428a4929,afeaa5c9-9c0c-416a-ad45-eb8cc2ff8fba,c854b7b3-d7f5-49d6-b147-a4b4ffe70587,disfuncion_ejecutiva,"[""menos ruido"", ""mismo cierre"", ""una sola indicación"", ""validación""]","[""corregir en el pico"", ""demasiado ruido"", ""muchas instrucciones"", ""forzar explicación""]",0.32,3,2026-05-31T07:31:00,2026-05-03T07:31:00,2026-05-31T07:31:00
6f8c8f83-3caa-4715-a5f5-266e3f32341d,afeaa5c9-9c0c-416a-ad45-eb8cc2ff8fba,c854b7b3-d7f5-49d6-b147-a4b4ffe70587,sueno_regulacion,"[""menos ruido"", ""una sola indicación"", ""validación""]","[""muchas instrucciones"", ""apurar demasiado"", ""demasiado ruido"", ""forzar explicación""]",0.28,2,2026-05-30T00:00:00,2026-05-10T00:00:00,2026-05-30T00:00:00
e127aa7f-19af-43e6-bb35-3fb258271615,4ec26eed-77bf-443e-a7c0-e4566b30ccab,3d39d95d-cb93-4806-9d26-f3a7e7824a68,sobrecarga_sensorial,"[""menos palabras"", ""pausa breve"", ""microacciones"", ""validación""]","[""corregir en el pico"", ""presión escolar"", ""gritar"", ""pantallas tarde""]",0.4,5,2026-05-31T05:26:00,2026-03-15T05:26:00,2026-05-31T05:26:00
f63afdbe-d9d7-401c-94dc-f29248d7c55e,4ec26eed-77bf-443e-a7c0-e4566b30ccab,3d39d95d-cb93-4806-9d26-f3a7e7824a68,crisis_activa,"[""mismo cierre"", ""validación"", ""bajar luces"", ""pausa breve""]","[""muchas instrucciones"", ""gritar"", ""pantallas tarde"", ""forzar explicación""]",0.4,5,2026-05-31T21:00:00,2026-03-26T21:00:00,2026-05-31T21:00:00
e9690ffe-bce9-40ef-8f33-a44bab4a35e7,4ec26eed-77bf-443e-a7c0-e4566b30ccab,3d39d95d-cb93-4806-9d26-f3a7e7824a68,sobrecarga_cuidador,"[""anticipación"", ""bajar luces"", ""validación"", ""menos ruido""]","[""muchas instrucciones"", ""cambio brusco"", ""pantallas tarde"", ""demasiado ruido""]",0.36,4,2026-05-30T21:00:00,2026-03-29T21:00:00,2026-05-30T21:00:00
387acc62-2cfc-43d7-9108-173f88b479b8,4ec26eed-77bf-443e-a7c0-e4566b30ccab,3d39d95d-cb93-4806-9d26-f3a7e7824a68,disfuncion_ejecutiva,"[""menos palabras"", ""una sola indicación"", ""validación""]","[""presión escolar"", ""corregir en el pico"", ""pantallas tarde"", ""apurar demasiado""]",0.32,3,2026-05-31T21:00:00,2026-04-13T21:00:00,2026-05-31T21:00:00
290701a0-d835-4e35-8eb4-618c96f55ddb,4ec26eed-77bf-443e-a7c0-e4566b30ccab,3d39d95d-cb93-4806-9d26-f3a7e7824a68,transicion_rigidez,"[""microacciones"", ""dar tiempo""]","[""gritar"", ""cambio brusco""]",0.24,1,2026-05-23T22:26:00,2026-03-17T22:26:00,2026-05-23T22:26:00
5589345f-9440-4675-ac6a-aa897defa400,4ec26eed-77bf-443e-a7c0-e4566b30ccab,3d39d95d-cb93-4806-9d26-f3a7e7824a68,sueno_regulacion,"[""menos palabras"", ""una sola indicación"", ""mismo cierre""]","[""gritar""]",0.24,1,2026-05-30T21:00:00,2026-03-18T21:00:00,2026-05-30T21:00:00
d11f9211-178f-4b1d-8301-4abbb671f314,4ec26eed-77bf-443e-a7c0-e4566b30ccab,3d39d95d-cb93-4806-9d26-f3a7e7824a68,apoyo_general,"[""pausa breve"", ""mismo cierre"", ""bajar luces"", ""dar tiempo""]","[""preguntar demasiado"", ""cambio brusco"", ""gritar"", ""presión escolar""]",0.36,4,2026-05-30T21:00:00,2026-04-22T21:00:00,2026-05-30T21:00:00
dd523607-f80d-479a-9a08-0b5bff39feac,ef9df874-57d0-4295-828d-edfc008a109c,28d61edc-b031-4f03-a98b-0af3328b2f5e,sueno_regulacion,"[""bajar luces"", ""microacciones"", ""mismo cierre"", ""una sola indicación""]","[""apurar demasiado"", ""presión escolar"", ""demasiado ruido""]",0.32,3,2026-05-30T21:00:00,2026-04-07T21:00:00,2026-05-30T21:00:00
7ea985f6-73d9-480a-b975-bfbbc0472a05,ef9df874-57d0-4295-828d-edfc008a109c,28d61edc-b031-4f03-a98b-0af3328b2f5e,disfuncion_ejecutiva,"[""microacciones"", ""menos ruido"", ""dar tiempo"", ""validación""]","[""preguntar demasiado"", ""corregir en el pico"", ""pantallas tarde"", ""cambio brusco""]",0.36,4,2026-05-28T22:00:00,2026-04-01T22:00:00,2026-05-28T22:00:00
b9492d5d-4055-4297-b711-15c69cd5791e,ef9df874-57d0-4295-828d-edfc008a109c,28d61edc-b031-4f03-a98b-0af3328b2f5e,apoyo_general,"[""dar tiempo"", ""microacciones"", ""pausa breve"", ""mismo cierre""]","[""forzar explicación"", ""preguntar demasiado"", ""apurar demasiado"", ""muchas instrucciones""]",0.36,4,2026-05-30T12:22:00,2026-04-23T12:22:00,2026-05-30T12:22:00
61b615eb-2033-4b2f-9d46-71740a92a12d,ef9df874-57d0-4295-828d-edfc008a109c,28d61edc-b031-4f03-a98b-0af3328b2f5e,sobrecarga_sensorial,"[""menos ruido"", ""microacciones"", ""bajar luces"", ""dar tiempo""]","[""apurar demasiado"", ""preguntar demasiado"", ""corregir en el pico"", ""forzar explicación""]",0.36,4,2026-05-31T21:00:00,2026-05-07T21:00:00,2026-05-31T21:00:00
0fc8aff7-6d1b-4309-bb17-b6c52b71bd54,ef9df874-57d0-4295-828d-edfc008a109c,28d61edc-b031-4f03-a98b-0af3328b2f5e,sobrecarga_cuidador,"[""pausa breve"", ""mismo cierre"", ""anticipación"", ""menos palabras""]","[""demasiado ruido"", ""presión escolar"", ""gritar"", ""cambio brusco""]",0.4,5,2026-05-31T00:00:00,2026-03-25T00:00:00,2026-05-31T00:00:00
887e92ed-41c7-4698-9bd5-acde1aacf7e4,ef9df874-57d0-4295-828d-edfc008a109c,28d61edc-b031-4f03-a98b-0af3328b2f5e,transicion_rigidez,"[""validación"", ""una sola indicación"", ""menos ruido"", ""bajar luces""]","[""cambio brusco"", ""gritar"", ""presión escolar"", ""forzar explicación""]",0.28,2,2026-05-30T22:00:00,2026-03-19T22:00:00,2026-05-30T22:00:00
2e81476a-8613-4e35-8c28-7a1811f75ee3,ef9df874-57d0-4295-828d-edfc008a109c,28d61edc-b031-4f03-a98b-0af3328b2f5e,crisis_activa,"[""validación"", ""dar tiempo""]","[""forzar explicación"", ""presión escolar"", ""demasiado ruido""]",0.24,1,2026-05-31T21:00:00,2026-04-30T21:00:00,2026-05-31T21:00:00
5795af4b-37ad-4fcb-9978-c653fde9bc3e,3176bbc2-bdc8-42ad-ae99-a779fab93272,ea41060f-47c5-49c2-b102-3cc7e4a76e30,sobrecarga_cuidador,"[""pausa breve"", ""menos ruido"", ""anticipación"", ""validación""]","[""corregir en el pico"", ""muchas instrucciones"", ""presión escolar"", ""pantallas tarde""]",0.36,4,2026-05-30T03:00:00,2026-04-14T03:00:00,2026-05-30T03:00:00
dd0e488d-ac4c-483a-a7f2-d014244f5686,3176bbc2-bdc8-42ad-ae99-a779fab93272,ea41060f-47c5-49c2-b102-3cc7e4a76e30,apoyo_general,"[""mismo cierre"", ""validación"", ""microacciones"", ""dar tiempo""]","[""preguntar demasiado"", ""gritar"", ""muchas instrucciones"", ""presión escolar""]",0.4,5,2026-05-31T21:00:00,2026-04-25T21:00:00,2026-05-31T21:00:00
08fed1f7-dd39-42d7-b506-5aa79d81e5c7,3176bbc2-bdc8-42ad-ae99-a779fab93272,ea41060f-47c5-49c2-b102-3cc7e4a76e30,crisis_activa,"[""dar tiempo"", ""una sola indicación"", ""bajar luces"", ""mismo cierre""]","[""presión escolar"", ""corregir en el pico"", ""pantallas tarde"", ""cambio brusco""]",0.4,5,2026-05-31T21:00:00,2026-03-25T21:00:00,2026-05-31T21:00:00
501df023-05c5-447b-af8d-851270c28a93,3176bbc2-bdc8-42ad-ae99-a779fab93272,ea41060f-47c5-49c2-b102-3cc7e4a76e30,disfuncion_ejecutiva,"[""mismo cierre"", ""dar tiempo"", ""validación""]","[""muchas instrucciones"", ""preguntar demasiado""]",0.28,2,2026-05-29T21:00:00,2026-04-07T21:00:00,2026-05-29T21:00:00
3b9f5b30-579a-4bdb-9ca9-6a7d3356e99a,3176bbc2-bdc8-42ad-ae99-a779fab93272,ea41060f-47c5-49c2-b102-3cc7e4a76e30,sueno_regulacion,"[""mismo cierre"", ""pausa breve"", ""menos ruido"", ""una sola indicación""]","[""demasiado ruido"", ""preguntar demasiado"", ""gritar"", ""cambio brusco""]",0.32,3,2026-05-30T11:54:00,2026-03-14T11:54:00,2026-05-30T11:54:00
5c0d05cc-5957-485b-9756-8dd1c9430402,3176bbc2-bdc8-42ad-ae99-a779fab93272,ea41060f-47c5-49c2-b102-3cc7e4a76e30,sobrecarga_sensorial,"[""menos palabras"", ""pausa breve""]","[""demasiado ruido"", ""corregir en el pico"", ""pantallas tarde"", ""gritar""]",0.28,2,2026-05-31T21:00:00,2026-04-28T21:00:00,2026-05-31T21:00:00
525b7db8-a6f2-432a-ad98-5f228961143e,3176bbc2-bdc8-42ad-ae99-a779fab93272,ea41060f-47c5-49c2-b102-3cc7e4a76e30,transicion_rigidez,"[""anticipación"", ""microacciones"", ""una sola indicación"", ""dar tiempo""]","[""demasiado ruido"", ""apurar demasiado"", ""preguntar demasiado""]",0.28,2,2026-05-28T21:00:00,2026-03-11T21:00:00,2026-05-28T21:00:00
c9ca0802-470f-46b0-9873-b39bc238dcd0,715d0761-a622-4544-854f-d6bb0ae9b91f,01f84486-4abe-485c-9c92-878ab8644900,sobrecarga_cuidador,"[""bajar luces"", ""menos palabras"", ""pausa breve"", ""dar tiempo""]","[""muchas instrucciones"", ""preguntar demasiado"", ""forzar explicación"", ""gritar""]",0.36,4,2026-05-30T21:00:00,2026-05-02T21:00:00,2026-05-30T21:00:00
e4b5efa8-585f-4bd3-8e3c-83d3f3ceb0fa,715d0761-a622-4544-854f-d6bb0ae9b91f,01f84486-4abe-485c-9c92-878ab8644900,apoyo_general,"[""menos palabras"", ""bajar luces"", ""menos ruido"", ""mismo cierre""]","[""demasiado ruido"", ""forzar explicación"", ""pantallas tarde"", ""corregir en el pico""]",0.52,8,2026-05-31T21:00:00,2026-03-14T21:00:00,2026-05-31T21:00:00
280b1fcf-672e-4628-a9e8-60441dfc17d4,715d0761-a622-4544-854f-d6bb0ae9b91f,01f84486-4abe-485c-9c92-878ab8644900,disfuncion_ejecutiva,"[""una sola indicación"", ""anticipación"", ""mismo cierre"", ""microacciones""]","[""apurar demasiado"", ""pantallas tarde"", ""gritar"", ""demasiado ruido""]",0.44,6,2026-05-31T20:17:00,2026-05-04T20:17:00,2026-05-31T20:17:00
eb2f6861-dac4-40cf-8039-b1a783bc2f2e,715d0761-a622-4544-854f-d6bb0ae9b91f,01f84486-4abe-485c-9c92-878ab8644900,sobrecarga_sensorial,"[""microacciones"", ""una sola indicación"", ""validación"", ""menos ruido""]","[""corregir en el pico"", ""preguntar demasiado"", ""pantallas tarde"", ""apurar demasiado""]",0.28,2,2026-05-17T09:04:00,2026-04-20T09:04:00,2026-05-17T09:04:00
8f8cf2c8-4b38-42fd-8c4e-a0a46efe2f1c,715d0761-a622-4544-854f-d6bb0ae9b91f,01f84486-4abe-485c-9c92-878ab8644900,crisis_activa,"[""una sola indicación"", ""anticipación"", ""dar tiempo""]","[""apurar demasiado"", ""muchas instrucciones"", ""demasiado ruido"", ""pantallas tarde""]",0.28,2,2026-05-31T18:53:00,2026-03-27T18:53:00,2026-05-31T18:53:00
39b47535-a1cc-47a5-834a-c405984250bf,715d0761-a622-4544-854f-d6bb0ae9b91f,01f84486-4abe-485c-9c92-878ab8644900,transicion_rigidez,"[""pausa breve""]","[""gritar"", ""apurar demasiado""]",0.24,1,2026-05-24T11:04:00,2026-04-16T11:04:00,2026-05-24T11:04:00
2a61511e-3beb-47ef-9b46-7b183a704a0b,88dbb747-a962-4724-8da7-c6df3bc28fd4,1b09e4a7-06b9-4ef2-aa21-a4a127ec248e,crisis_activa,"[""microacciones"", ""bajar luces"", ""menos ruido"", ""dar tiempo""]","[""cambio brusco"", ""pantallas tarde"", ""presión escolar"", ""gritar""]",0.4,5,2026-05-31T21:00:00,2026-03-12T21:00:00,2026-05-31T21:00:00
ee097c73-6939-4638-a68f-1a3bed0f2f28,88dbb747-a962-4724-8da7-c6df3bc28fd4,1b09e4a7-06b9-4ef2-aa21-a4a127ec248e,sueno_regulacion,"[""una sola indicación"", ""microacciones"", ""menos ruido"", ""dar tiempo""]","[""gritar"", ""muchas instrucciones"", ""pantallas tarde"", ""demasiado ruido""]",0.44,6,2026-05-27T21:00:00,2026-03-24T21:00:00,2026-05-27T21:00:00
9a9db906-ab86-4ed6-8f7a-d8d6224faaf1,88dbb747-a962-4724-8da7-c6df3bc28fd4,1b09e4a7-06b9-4ef2-aa21-a4a127ec248e,apoyo_general,"[""menos ruido"", ""dar tiempo"", ""una sola indicación"", ""microacciones""]","[""apurar demasiado"", ""gritar"", ""corregir en el pico"", ""preguntar demasiado""]",0.32,3,2026-05-30T15:19:00,2026-03-17T15:19:00,2026-05-30T15:19:00
27d6b4fe-243e-42c4-8adc-a66109603ed5,88dbb747-a962-4724-8da7-c6df3bc28fd4,1b09e4a7-06b9-4ef2-aa21-a4a127ec248e,sobrecarga_sensorial,"[""menos palabras"", ""una sola indicación"", ""mismo cierre""]","[""presión escolar"", ""cambio brusco"", ""muchas instrucciones"", ""corregir en el pico""]",0.28,2,2026-05-31T05:29:00,2026-05-02T05:29:00,2026-05-31T05:29:00
85a3b050-b5e2-42ca-8a94-82a3e80635de,88dbb747-a962-4724-8da7-c6df3bc28fd4,1b09e4a7-06b9-4ef2-aa21-a4a127ec248e,transicion_rigidez,"[""dar tiempo"", ""una sola indicación""]","[""preguntar demasiado"", ""forzar explicación"", ""presión escolar"", ""muchas instrucciones""]",0.28,2,2026-05-26T21:00:00,2026-03-18T21:00:00,2026-05-26T21:00:00
273f7255-f55d-4d65-900d-779025960614,88dbb747-a962-4724-8da7-c6df3bc28fd4,1b09e4a7-06b9-4ef2-aa21-a4a127ec248e,sobrecarga_cuidador,"[""dar tiempo"", ""validación"", ""bajar luces"", ""anticipación""]","[""preguntar demasiado"", ""corregir en el pico"", ""presión escolar"", ""apurar demasiado""]",0.36,4,2026-05-31T21:00:00,2026-04-16T21:00:00,2026-05-31T21:00:00
551c1b00-8e9b-44b1-89ab-34acec9d00da,88dbb747-a962-4724-8da7-c6df3bc28fd4,1b09e4a7-06b9-4ef2-aa21-a4a127ec248e,disfuncion_ejecutiva,"[""bajar luces""]","[""demasiado ruido""]",0.24,1,2026-05-30T23:00:00,2026-05-04T23:00:00,2026-05-30T23:00:00
cc2e7141-6fa8-4501-8cc8-0778b45a9a07,ac39e2ba-d617-423d-8147-4792cae97e35,d9b52f2e-01a1-4efa-a5cb-f7cfcc6a13bd,transicion_rigidez,"[""menos ruido"", ""menos palabras"", ""validación""]","[""corregir en el pico"", ""muchas instrucciones"", ""pantallas tarde"", ""demasiado ruido""]",0.4,5,2026-05-30T00:00:00,2026-05-08T00:00:00,2026-05-30T00:00:00
73c66d24-0aaa-462c-93c8-1cd9759aee9b,ac39e2ba-d617-423d-8147-4792cae97e35,d9b52f2e-01a1-4efa-a5cb-f7cfcc6a13bd,sobrecarga_cuidador,"[""pausa breve"", ""menos palabras"", ""microacciones"", ""mismo cierre""]","[""presión escolar"", ""forzar explicación"", ""pantallas tarde"", ""preguntar demasiado""]",0.32,3,2026-05-28T21:00:00,2026-04-06T21:00:00,2026-05-28T21:00:00
afe7f2f0-4687-4d42-a56d-c50bcec4338c,ac39e2ba-d617-423d-8147-4792cae97e35,d9b52f2e-01a1-4efa-a5cb-f7cfcc6a13bd,disfuncion_ejecutiva,"[""pausa breve"", ""anticipación"", ""validación"", ""microacciones""]","[""corregir en el pico"", ""forzar explicación"", ""demasiado ruido"", ""muchas instrucciones""]",0.4,5,2026-05-31T21:00:00,2026-04-22T21:00:00,2026-05-31T21:00:00
c89c4d98-f1ee-46bc-9345-e68683ac4c3d,ac39e2ba-d617-423d-8147-4792cae97e35,d9b52f2e-01a1-4efa-a5cb-f7cfcc6a13bd,sueno_regulacion,"[""dar tiempo"", ""bajar luces"", ""validación"", ""mismo cierre""]","[""preguntar demasiado"", ""presión escolar"", ""gritar"", ""forzar explicación""]",0.28,2,2026-05-31T21:00:00,2026-05-06T21:00:00,2026-05-31T21:00:00
84e24741-b8b5-427b-8be8-fb00cb7b20d1,ac39e2ba-d617-423d-8147-4792cae97e35,d9b52f2e-01a1-4efa-a5cb-f7cfcc6a13bd,apoyo_general,"[""anticipación"", ""pausa breve"", ""dar tiempo"", ""menos ruido""]","[""corregir en el pico"", ""apurar demasiado"", ""presión escolar"", ""cambio brusco""]",0.36,4,2026-05-31T21:00:00,2026-03-19T21:00:00,2026-05-31T21:00:00
40af0876-f7fe-4808-b240-6739814d1fc2,ac39e2ba-d617-423d-8147-4792cae97e35,d9b52f2e-01a1-4efa-a5cb-f7cfcc6a13bd,sobrecarga_sensorial,"[""dar tiempo"", ""validación"", ""pausa breve""]","[""preguntar demasiado"", ""demasiado ruido"", ""pantallas tarde""]",0.28,2,2026-05-29T21:00:00,2026-05-08T21:00:00,2026-05-29T21:00:00
af5cdbd3-d34d-4053-a800-8f6a43d6ecdb,ac39e2ba-d617-423d-8147-4792cae97e35,d9b52f2e-01a1-4efa-a5cb-f7cfcc6a13bd,crisis_activa,"[""validación"", ""una sola indicación""]","[""preguntar demasiado"", ""presión escolar"", ""corregir en el pico"", ""muchas instrucciones""]",0.28,2,2026-05-30T21:00:00,2026-03-30T21:00:00,2026-05-30T21:00:00
ec65880c-e303-449d-9dfb-6033a8350b94,8a6ff92b-054a-4b3f-b57e-aced6d14bffb,dc13cbcd-62c7-4a2e-9bf2-3327279096d5,disfuncion_ejecutiva,"[""una sola indicación"", ""validación"", ""dar tiempo"", ""anticipación""]","[""apurar demasiado"", ""presión escolar"", ""preguntar demasiado"", ""corregir en el pico""]",0.32,3,2026-04-16T16:15:00,2026-03-12T16:15:00,2026-04-16T16:15:00
e880c28c-2490-4f0a-ac4c-f6015ce468a2,8a6ff92b-054a-4b3f-b57e-aced6d14bffb,dc13cbcd-62c7-4a2e-9bf2-3327279096d5,sobrecarga_sensorial,"[""microacciones"", ""mismo cierre"", ""validación"", ""anticipación""]","[""demasiado ruido"", ""forzar explicación"", ""presión escolar"", ""preguntar demasiado""]",0.32,3,2026-05-31T02:00:00,2026-04-16T02:00:00,2026-05-31T02:00:00
15fdafd8-67b6-4f25-ad0e-bfd67e136de7,8a6ff92b-054a-4b3f-b57e-aced6d14bffb,dc13cbcd-62c7-4a2e-9bf2-3327279096d5,apoyo_general,"[""menos ruido"", ""validación"", ""microacciones"", ""una sola indicación""]","[""gritar"", ""presión escolar"", ""preguntar demasiado"", ""corregir en el pico""]",0.4,5,2026-05-31T21:00:00,2026-04-05T21:00:00,2026-05-31T21:00:00
b9c01277-42c4-48d5-9c43-e8049639efe6,8a6ff92b-054a-4b3f-b57e-aced6d14bffb,dc13cbcd-62c7-4a2e-9bf2-3327279096d5,sobrecarga_cuidador,"[""menos ruido"", ""microacciones"", ""una sola indicación"", ""anticipación""]","[""presión escolar"", ""gritar"", ""muchas instrucciones"", ""pantallas tarde""]",0.36,4,2026-05-31T21:00:00,2026-03-15T21:00:00,2026-05-31T21:00:00
82a40d44-ad3b-45eb-be83-c740d9403ec3,8a6ff92b-054a-4b3f-b57e-aced6d14bffb,dc13cbcd-62c7-4a2e-9bf2-3327279096d5,crisis_activa,"[""bajar luces"", ""validación"", ""pausa breve"", ""una sola indicación""]","[""preguntar demasiado"", ""cambio brusco"", ""pantallas tarde"", ""muchas instrucciones""]",0.4,5,2026-05-31T21:00:00,2026-04-10T21:00:00,2026-05-31T21:00:00
2b53c076-fa45-4e60-a7e7-e5c312f1094d,8a6ff92b-054a-4b3f-b57e-aced6d14bffb,dc13cbcd-62c7-4a2e-9bf2-3327279096d5,transicion_rigidez,"[""microacciones"", ""menos ruido""]","[""cambio brusco"", ""forzar explicación"", ""presión escolar""]",0.28,2,2026-05-28T21:00:00,2026-04-12T21:00:00,2026-05-28T21:00:00
620b2ab6-91b7-4e11-8f51-3412a34e3d42,8a6ff92b-054a-4b3f-b57e-aced6d14bffb,dc13cbcd-62c7-4a2e-9bf2-3327279096d5,sueno_regulacion,"[""anticipación"", ""microacciones""]","[""cambio brusco"", ""demasiado ruido"", ""pantallas tarde""]",0.24,1,2026-05-26T21:00:00,2026-04-30T21:00:00,2026-05-26T21:00:00
95c4c71a-ac2c-4818-9c1f-fc096bfcb625,9a156313-2f5f-46d4-9d59-8bc9537ede49,bf8e9aca-7b9e-4875-80c2-455dc00128a3,apoyo_general,"[""anticipación"", ""bajar luces"", ""mismo cierre"", ""microacciones""]","[""cambio brusco"", ""corregir en el pico"", ""forzar explicación"", ""preguntar demasiado""]",0.44,6,2026-05-30T21:00:00,2026-04-14T21:00:00,2026-05-30T21:00:00
96863524-fc00-42e9-b65b-491deb2f8796,9a156313-2f5f-46d4-9d59-8bc9537ede49,bf8e9aca-7b9e-4875-80c2-455dc00128a3,sobrecarga_cuidador,"[""bajar luces"", ""pausa breve"", ""anticipación"", ""microacciones""]","[""gritar"", ""pantallas tarde"", ""preguntar demasiado"", ""cambio brusco""]",0.36,4,2026-05-29T21:00:00,2026-03-20T21:00:00,2026-05-29T21:00:00
f7f6a7a4-f328-43db-94fc-55dbe60c21a8,9a156313-2f5f-46d4-9d59-8bc9537ede49,bf8e9aca-7b9e-4875-80c2-455dc00128a3,sobrecarga_sensorial,"[""bajar luces"", ""mismo cierre"", ""microacciones"", ""pausa breve""]","[""demasiado ruido"", ""forzar explicación"", ""gritar"", ""preguntar demasiado""]",0.44,6,2026-05-26T21:00:00,2026-03-27T21:00:00,2026-05-26T21:00:00
27a60565-1631-40ce-bd76-2c7caf0b3635,9a156313-2f5f-46d4-9d59-8bc9537ede49,bf8e9aca-7b9e-4875-80c2-455dc00128a3,disfuncion_ejecutiva,"[""una sola indicación"", ""validación"", ""microacciones"", ""bajar luces""]","[""presión escolar"", ""muchas instrucciones"", ""gritar"", ""preguntar demasiado""]",0.28,2,2026-05-28T11:00:00,2026-03-24T11:00:00,2026-05-28T11:00:00
11b5ca5b-d07a-49ba-8d49-2912873ac787,9a156313-2f5f-46d4-9d59-8bc9537ede49,bf8e9aca-7b9e-4875-80c2-455dc00128a3,crisis_activa,"[""bajar luces"", ""anticipación"", ""menos palabras"", ""pausa breve""]","[""presión escolar"", ""forzar explicación"", ""cambio brusco"", ""gritar""]",0.36,4,2026-05-30T17:00:00,2026-04-27T17:00:00,2026-05-30T17:00:00
43625096-954d-49fa-925b-74ce41504b2e,9a156313-2f5f-46d4-9d59-8bc9537ede49,bf8e9aca-7b9e-4875-80c2-455dc00128a3,sueno_regulacion,"[""dar tiempo"", ""pausa breve"", ""mismo cierre""]","[""corregir en el pico"", ""demasiado ruido"", ""forzar explicación""]",0.24,1,2026-05-27T21:00:00,2026-04-03T21:00:00,2026-05-27T21:00:00
76e59e63-3bcd-4e23-9baa-c27e75745605,acd7d45c-b0dd-44b1-9cd1-40d889a44d36,b64281ad-59ef-4659-a156-69fdd7d79196,apoyo_general,"[""menos palabras"", ""una sola indicación"", ""validación"", ""mismo cierre""]","[""forzar explicación"", ""cambio brusco"", ""gritar"", ""apurar demasiado""]",0.48,7,2026-05-31T21:00:00,2026-05-05T21:00:00,2026-05-31T21:00:00
b2366db3-9f3c-4e82-a50d-afc0f5324891,acd7d45c-b0dd-44b1-9cd1-40d889a44d36,b64281ad-59ef-4659-a156-69fdd7d79196,sobrecarga_sensorial,"[""validación"", ""menos ruido"", ""dar tiempo"", ""anticipación""]","[""pantallas tarde"", ""apurar demasiado"", ""corregir en el pico"", ""gritar""]",0.44,6,2026-05-28T22:00:00,2026-03-24T22:00:00,2026-05-28T22:00:00
d1c1f5e0-78fc-4c4f-a34b-78c7ba604847,acd7d45c-b0dd-44b1-9cd1-40d889a44d36,b64281ad-59ef-4659-a156-69fdd7d79196,transicion_rigidez,"[""mismo cierre"", ""validación"", ""una sola indicación"", ""menos palabras""]","[""forzar explicación"", ""cambio brusco"", ""gritar"", ""pantallas tarde""]",0.4,5,2026-05-28T21:00:00,2026-04-07T21:00:00,2026-05-28T21:00:00
892258d7-75fc-4c68-b14d-0723a575007c,acd7d45c-b0dd-44b1-9cd1-40d889a44d36,b64281ad-59ef-4659-a156-69fdd7d79196,crisis_activa,"[""pausa breve"", ""una sola indicación"", ""mismo cierre""]","[""corregir en el pico"", ""apurar demasiado"", ""pantallas tarde"", ""gritar""]",0.28,2,2026-05-29T21:00:00,2026-03-21T21:00:00,2026-05-29T21:00:00
816c46d3-4ebe-49bb-a499-a0e562199e3a,acd7d45c-b0dd-44b1-9cd1-40d889a44d36,b64281ad-59ef-4659-a156-69fdd7d79196,sobrecarga_cuidador,"[""anticipación"", ""una sola indicación"", ""dar tiempo""]","[""muchas instrucciones"", ""corregir en el pico""]",0.24,1,2026-05-29T12:07:00,2026-03-24T12:07:00,2026-05-29T12:07:00
2c1396df-911f-4515-84c3-13e956030a70,acd7d45c-b0dd-44b1-9cd1-40d889a44d36,b64281ad-59ef-4659-a156-69fdd7d79196,disfuncion_ejecutiva,"[""microacciones"", ""menos ruido""]","[""gritar"", ""cambio brusco"", ""muchas instrucciones""]",0.28,2,2026-05-30T02:00:00,2026-03-25T02:00:00,2026-05-30T02:00:00
2ef985d5-bd4c-4d26-9cac-1cf7a8745201,eee7a107-ffb7-47dd-997b-79749e3550e7,65b344b4-97b6-4439-a214-cd93978491ad,apoyo_general,"[""una sola indicación"", ""bajar luces"", ""menos palabras"", ""validación""]","[""muchas instrucciones"", ""gritar"", ""pantallas tarde"", ""presión escolar""]",0.48,7,2026-05-31T21:00:00,2026-04-21T21:00:00,2026-05-31T21:00:00
b025ed0b-eaee-4422-8c52-7bc2948f1c42,eee7a107-ffb7-47dd-997b-79749e3550e7,65b344b4-97b6-4439-a214-cd93978491ad,disfuncion_ejecutiva,"[""dar tiempo"", ""pausa breve"", ""una sola indicación"", ""microacciones""]","[""corregir en el pico"", ""cambio brusco"", ""muchas instrucciones"", ""gritar""]",0.32,3,2026-05-30T21:00:00,2026-03-23T21:00:00,2026-05-30T21:00:00
138eacc6-ab77-47f2-bd1a-11067e6fb60e,eee7a107-ffb7-47dd-997b-79749e3550e7,65b344b4-97b6-4439-a214-cd93978491ad,sobrecarga_cuidador,"[""microacciones"", ""anticipación"", ""menos palabras""]","[""demasiado ruido"", ""gritar"", ""apurar demasiado"", ""forzar explicación""]",0.4,5,2026-05-31T21:00:00,2026-05-02T21:00:00,2026-05-31T21:00:00
9269eef6-f262-4250-a9f5-6445fa0796a5,eee7a107-ffb7-47dd-997b-79749e3550e7,65b344b4-97b6-4439-a214-cd93978491ad,sobrecarga_sensorial,"[""menos ruido"", ""validación"", ""anticipación"", ""menos palabras""]","[""pantallas tarde"", ""preguntar demasiado"", ""apurar demasiado"", ""forzar explicación""]",0.32,3,2026-05-31T01:00:00,2026-03-16T01:00:00,2026-05-31T01:00:00
eaa69600-68c7-4549-9b21-2d69167c17a8,eee7a107-ffb7-47dd-997b-79749e3550e7,65b344b4-97b6-4439-a214-cd93978491ad,transicion_rigidez,"[""dar tiempo"", ""menos palabras"", ""validación"", ""una sola indicación""]","[""forzar explicación"", ""preguntar demasiado"", ""demasiado ruido"", ""cambio brusco""]",0.28,2,2026-05-31T00:00:00,2026-04-07T00:00:00,2026-05-31T00:00:00
23dbc4b9-cece-40f8-9908-e85efda05f62,eee7a107-ffb7-47dd-997b-79749e3550e7,65b344b4-97b6-4439-a214-cd93978491ad,sueno_regulacion,"[""mismo cierre"", ""microacciones""]","[""pantallas tarde"", ""gritar""]",0.24,1,2026-05-29T21:00:00,2026-03-12T21:00:00,2026-05-29T21:00:00
87b7005a-bde0-4406-a964-8809801d9f07,eee7a107-ffb7-47dd-997b-79749e3550e7,65b344b4-97b6-4439-a214-cd93978491ad,crisis_activa,"[""mismo cierre"", ""validación"", ""menos palabras"", ""bajar luces""]","[""preguntar demasiado"", ""muchas instrucciones""]",0.28,2,2026-05-30T21:00:00,2026-04-30T21:00:00,2026-05-30T21:00:00
0dfa1b36-1432-4c15-9ece-fd77626414c4,a23b37d2-f123-4412-afe5-2dcd60000021,4c94bab9-da7d-4f9f-ae97-19f3a7270210,crisis_activa,"[""una sola indicación"", ""pausa breve"", ""menos palabras""]","[""apurar demasiado"", ""pantallas tarde"", ""preguntar demasiado"", ""corregir en el pico""]",0.28,2,2026-05-30T16:14:00,2026-03-26T16:14:00,2026-05-30T16:14:00
0a6f43c9-9b7c-41d1-b82e-6f3a1dc9d171,a23b37d2-f123-4412-afe5-2dcd60000021,4c94bab9-da7d-4f9f-ae97-19f3a7270210,sobrecarga_sensorial,"[""bajar luces"", ""una sola indicación"", ""pausa breve"", ""dar tiempo""]","[""cambio brusco"", ""preguntar demasiado"", ""corregir en el pico"", ""forzar explicación""]",0.44,6,2026-05-30T21:00:00,2026-03-27T21:00:00,2026-05-30T21:00:00
8a6253b5-11e7-47e7-a359-92e23442e3e7,a23b37d2-f123-4412-afe5-2dcd60000021,4c94bab9-da7d-4f9f-ae97-19f3a7270210,transicion_rigidez,"[""menos palabras"", ""bajar luces"", ""validación"", ""microacciones""]","[""apurar demasiado"", ""forzar explicación"", ""pantallas tarde"", ""cambio brusco""]",0.32,3,2026-05-27T21:00:00,2026-03-14T21:00:00,2026-05-27T21:00:00
fc6de568-73cb-4a6e-98b2-033a34bc9fa5,a23b37d2-f123-4412-afe5-2dcd60000021,4c94bab9-da7d-4f9f-ae97-19f3a7270210,apoyo_general,"[""menos palabras"", ""pausa breve"", ""una sola indicación"", ""menos ruido""]","[""apurar demasiado"", ""pantallas tarde"", ""forzar explicación"", ""demasiado ruido""]",0.44,6,2026-05-31T21:00:00,2026-04-04T21:00:00,2026-05-31T21:00:00
8af2b54f-7494-476d-8fcf-7056f8aa6c46,a23b37d2-f123-4412-afe5-2dcd60000021,4c94bab9-da7d-4f9f-ae97-19f3a7270210,sueno_regulacion,"[""pausa breve"", ""microacciones""]","[""pantallas tarde"", ""muchas instrucciones"", ""demasiado ruido""]",0.24,1,2026-05-07T14:46:00,2026-03-03T14:46:00,2026-05-07T14:46:00
8af04bad-8536-423e-8ef6-792bb68dc6fe,a23b37d2-f123-4412-afe5-2dcd60000021,4c94bab9-da7d-4f9f-ae97-19f3a7270210,sobrecarga_cuidador,"[""menos palabras"", ""una sola indicación"", ""bajar luces"", ""menos ruido""]","[""presión escolar"", ""apurar demasiado"", ""cambio brusco"", ""gritar""]",0.32,3,2026-05-29T23:00:00,2026-03-24T23:00:00,2026-05-29T23:00:00
95912e54-f3d1-4d20-bc6f-671634fb7408,a23b37d2-f123-4412-afe5-2dcd60000021,4c94bab9-da7d-4f9f-ae97-19f3a7270210,disfuncion_ejecutiva,"[""anticipación"", ""mismo cierre"", ""menos ruido""]","[""demasiado ruido"", ""forzar explicación"", ""corregir en el pico"", ""presión escolar""]",0.28,2,2026-05-31T21:00:00,2026-04-17T21:00:00,2026-05-31T21:00:00
ea769542-7a9b-4d52-8586-c6a407e78360,28926661-61b3-4991-bdf2-ce2340e77935,0e79fd65-b751-4a58-a77e-2f2936343443,apoyo_general,"[""microacciones"", ""anticipación"", ""mismo cierre"", ""dar tiempo""]","[""demasiado ruido"", ""presión escolar"", ""muchas instrucciones"", ""pantallas tarde""]",0.4,5,2026-05-30T03:00:00,2026-04-26T03:00:00,2026-05-30T03:00:00
5b7687cd-c8ca-4207-8674-163d51680362,28926661-61b3-4991-bdf2-ce2340e77935,0e79fd65-b751-4a58-a77e-2f2936343443,sobrecarga_sensorial,"[""menos ruido"", ""validación"", ""anticipación"", ""pausa breve""]","[""corregir en el pico"", ""presión escolar"", ""demasiado ruido"", ""muchas instrucciones""]",0.32,3,2026-05-29T21:00:00,2026-04-24T21:00:00,2026-05-29T21:00:00
83c7f895-961f-49ce-bb08-7e7a78b51881,28926661-61b3-4991-bdf2-ce2340e77935,0e79fd65-b751-4a58-a77e-2f2936343443,crisis_activa,"[""validación"", ""mismo cierre"", ""dar tiempo"", ""menos palabras""]","[""gritar"", ""cambio brusco"", ""muchas instrucciones"", ""forzar explicación""]",0.48,7,2026-05-30T21:00:00,2026-03-13T21:00:00,2026-05-30T21:00:00
fc20422a-eb9e-4ae7-ad4e-879dc2fbab98,28926661-61b3-4991-bdf2-ce2340e77935,0e79fd65-b751-4a58-a77e-2f2936343443,sobrecarga_cuidador,"[""anticipación"", ""dar tiempo"", ""pausa breve""]","[""apurar demasiado"", ""presión escolar"", ""forzar explicación"", ""corregir en el pico""]",0.32,3,2026-05-26T14:24:00,2026-04-27T14:24:00,2026-05-26T14:24:00
6f8892dc-9c78-47c3-811c-288dda6b9c73,28926661-61b3-4991-bdf2-ce2340e77935,0e79fd65-b751-4a58-a77e-2f2936343443,sueno_regulacion,"[""menos ruido"", ""bajar luces"", ""una sola indicación"", ""mismo cierre""]","[""muchas instrucciones"", ""gritar"", ""apurar demasiado"", ""preguntar demasiado""]",0.32,3,2026-05-27T20:24:00,2026-04-19T20:24:00,2026-05-27T20:24:00
026abbad-2e53-4184-860d-f37dcc598512,28926661-61b3-4991-bdf2-ce2340e77935,0e79fd65-b751-4a58-a77e-2f2936343443,disfuncion_ejecutiva,"[""validación"", ""mismo cierre"", ""anticipación""]","[""gritar"", ""apurar demasiado"", ""cambio brusco"", ""presión escolar""]",0.28,2,2026-05-29T01:00:00,2026-05-05T01:00:00,2026-05-29T01:00:00
30923403-ce1f-4b01-95b4-5e0dec961d04,db667ea9-a359-4945-8245-1db2d5ff8c68,db8016d2-e057-429e-8f8c-6b39f49905e4,sobrecarga_sensorial,"[""validación"", ""anticipación"", ""bajar luces"", ""una sola indicación""]","[""corregir en el pico"", ""forzar explicación"", ""muchas instrucciones"", ""preguntar demasiado""]",0.44,6,2026-05-31T21:00:00,2026-04-11T21:00:00,2026-05-31T21:00:00
48735147-7f7c-4dfb-ac8c-faf586a9dfc2,db667ea9-a359-4945-8245-1db2d5ff8c68,db8016d2-e057-429e-8f8c-6b39f49905e4,sobrecarga_cuidador,"[""dar tiempo"", ""menos palabras"", ""anticipación"", ""mismo cierre""]","[""pantallas tarde"", ""presión escolar"", ""apurar demasiado"", ""muchas instrucciones""]",0.44,6,2026-05-30T21:00:00,2026-03-13T21:00:00,2026-05-30T21:00:00
2ad486ea-c771-439f-b476-83e8e2ec6f98,db667ea9-a359-4945-8245-1db2d5ff8c68,db8016d2-e057-429e-8f8c-6b39f49905e4,apoyo_general,"[""dar tiempo"", ""bajar luces"", ""microacciones"", ""mismo cierre""]","[""muchas instrucciones"", ""corregir en el pico"", ""apurar demasiado"", ""preguntar demasiado""]",0.36,4,2026-05-31T21:00:00,2026-04-07T21:00:00,2026-05-31T21:00:00
ddebe8af-0a9c-460c-b98e-ef60f9d953f1,db667ea9-a359-4945-8245-1db2d5ff8c68,db8016d2-e057-429e-8f8c-6b39f49905e4,crisis_activa,"[""pausa breve""]","[""demasiado ruido"", ""presión escolar""]",0.24,1,2026-05-31T21:00:00,2026-05-03T21:00:00,2026-05-31T21:00:00
7166df18-e29b-44bd-bac9-7c632ec27a78,db667ea9-a359-4945-8245-1db2d5ff8c68,db8016d2-e057-429e-8f8c-6b39f49905e4,transicion_rigidez,"[""bajar luces"", ""una sola indicación"", ""menos ruido"", ""pausa breve""]","[""apurar demasiado"", ""pantallas tarde"", ""preguntar demasiado"", ""forzar explicación""]",0.32,3,2026-05-30T21:00:00,2026-04-28T21:00:00,2026-05-30T21:00:00
f3203e78-b1df-4d9b-ab4a-71fff894c853,db667ea9-a359-4945-8245-1db2d5ff8c68,db8016d2-e057-429e-8f8c-6b39f49905e4,disfuncion_ejecutiva,"[""bajar luces"", ""menos palabras"", ""mismo cierre"", ""pausa breve""]","[""demasiado ruido"", ""forzar explicación"", ""apurar demasiado""]",0.32,3,2026-05-31T00:00:00,2026-04-21T00:00:00,2026-05-31T00:00:00
16453e3e-3dac-4383-a4e3-6cbfcaed710f,acfef06c-8e37-47df-9806-5e52aee67e68,2630a26f-aec5-4902-92d2-e238356d3e61,crisis_activa,"[""anticipación"", ""menos ruido"", ""bajar luces"", ""validación""]","[""gritar"", ""cambio brusco"", ""preguntar demasiado"", ""presión escolar""]",0.32,3,2026-05-28T02:53:00,2026-03-18T02:53:00,2026-05-28T02:53:00
a8036057-5fd8-4bd3-b629-ded3bc916e34,acfef06c-8e37-47df-9806-5e52aee67e68,2630a26f-aec5-4902-92d2-e238356d3e61,apoyo_general,"[""mismo cierre"", ""pausa breve"", ""bajar luces"", ""dar tiempo""]","[""presión escolar"", ""muchas instrucciones"", ""preguntar demasiado"", ""apurar demasiado""]",0.48,7,2026-05-31T21:00:00,2026-04-23T21:00:00,2026-05-31T21:00:00
a3dd2ea2-b67c-4cb2-80fc-7ae7436e40d9,acfef06c-8e37-47df-9806-5e52aee67e68,2630a26f-aec5-4902-92d2-e238356d3e61,sobrecarga_cuidador,"[""anticipación"", ""una sola indicación"", ""validación"", ""dar tiempo""]","[""preguntar demasiado"", ""forzar explicación"", ""demasiado ruido"", ""apurar demasiado""]",0.32,3,2026-05-30T04:53:00,2026-04-01T04:53:00,2026-05-30T04:53:00
e9be30ca-5d9b-4b1f-82eb-37d98caf7291,acfef06c-8e37-47df-9806-5e52aee67e68,2630a26f-aec5-4902-92d2-e238356d3e61,transicion_rigidez,"[""dar tiempo"", ""microacciones"", ""bajar luces"", ""menos ruido""]","[""pantallas tarde"", ""muchas instrucciones"", ""presión escolar""]",0.32,3,2026-05-31T21:00:00,2026-03-29T21:00:00,2026-05-31T21:00:00
9c1235a8-ad83-4d2d-a421-2e160caf3b6a,acfef06c-8e37-47df-9806-5e52aee67e68,2630a26f-aec5-4902-92d2-e238356d3e61,sobrecarga_sensorial,"[""menos palabras"", ""validación"", ""dar tiempo"", ""una sola indicación""]","[""cambio brusco"", ""apurar demasiado""]",0.28,2,2026-05-30T23:00:00,2026-04-13T23:00:00,2026-05-30T23:00:00
78acacf9-2241-423e-9521-e8625ea7aa2e,acfef06c-8e37-47df-9806-5e52aee67e68,2630a26f-aec5-4902-92d2-e238356d3e61,disfuncion_ejecutiva,[],"[""corregir en el pico"", ""pantallas tarde""]",0.24,1,2026-05-21T16:53:00,2026-04-19T16:53:00,2026-05-21T16:53:00
cd9fadd2-561b-4495-9b84-8cbb5c02e5de,acfef06c-8e37-47df-9806-5e52aee67e68,2630a26f-aec5-4902-92d2-e238356d3e61,sueno_regulacion,"[""mismo cierre"", ""menos ruido"", ""una sola indicación"", ""microacciones""]","[""demasiado ruido"", ""apurar demasiado"", ""gritar"", ""corregir en el pico""]",0.36,4,2026-05-31T21:00:00,2026-05-03T21:00:00,2026-05-31T21:00:00
327b6ce1-b0ad-43f3-92dd-f2c45228e344,2165daf4-d683-4f3d-9290-8694bff46165,400fce60-cf80-4f28-96c7-2e59877eaf5a,crisis_activa,"[""dar tiempo"", ""una sola indicación"", ""menos palabras"", ""anticipación""]","[""gritar"", ""corregir en el pico"", ""presión escolar"", ""apurar demasiado""]",0.4,5,2026-05-31T03:00:00,2026-04-15T03:00:00,2026-05-31T03:00:00
7cf3c3e1-b9aa-4722-aeaa-82d61aeafdb7,2165daf4-d683-4f3d-9290-8694bff46165,400fce60-cf80-4f28-96c7-2e59877eaf5a,transicion_rigidez,"[""dar tiempo"", ""bajar luces"", ""anticipación""]","[""cambio brusco"", ""preguntar demasiado"", ""apurar demasiado""]",0.28,2,2026-05-16T18:49:00,2026-04-18T18:49:00,2026-05-16T18:49:00
47e8eab0-56c2-440a-934a-f5c09e96168f,2165daf4-d683-4f3d-9290-8694bff46165,400fce60-cf80-4f28-96c7-2e59877eaf5a,sobrecarga_sensorial,"[""anticipación"", ""pausa breve"", ""mismo cierre"", ""menos ruido""]","[""forzar explicación"", ""muchas instrucciones"", ""presión escolar"", ""apurar demasiado""]",0.48,7,2026-05-30T21:00:00,2026-05-03T21:00:00,2026-05-30T21:00:00
c9bac523-a47b-4270-b46c-eacd9858572c,2165daf4-d683-4f3d-9290-8694bff46165,400fce60-cf80-4f28-96c7-2e59877eaf5a,disfuncion_ejecutiva,"[""microacciones"", ""dar tiempo"", ""menos palabras"", ""una sola indicación""]","[""muchas instrucciones"", ""demasiado ruido""]",0.32,3,2026-05-31T21:00:00,2026-03-31T21:00:00,2026-05-31T21:00:00
14e7c1d1-43fd-4cae-a470-d63983ce45c7,2165daf4-d683-4f3d-9290-8694bff46165,400fce60-cf80-4f28-96c7-2e59877eaf5a,apoyo_general,"[""bajar luces"", ""dar tiempo"", ""microacciones"", ""anticipación""]","[""corregir en el pico"", ""gritar"", ""apurar demasiado"", ""cambio brusco""]",0.36,4,2026-05-30T21:00:00,2026-03-18T21:00:00,2026-05-30T21:00:00
5ac30c89-93c9-4252-acbe-449df7637606,2165daf4-d683-4f3d-9290-8694bff46165,400fce60-cf80-4f28-96c7-2e59877eaf5a,sueno_regulacion,"[""menos palabras"", ""mismo cierre""]","[""preguntar demasiado""]",0.24,1,2026-05-28T21:00:00,2026-03-16T21:00:00,2026-05-28T21:00:00
c23fcf45-076c-486b-9306-5bb7482ca6ea,2165daf4-d683-4f3d-9290-8694bff46165,400fce60-cf80-4f28-96c7-2e59877eaf5a,sobrecarga_cuidador,"[""validación""]","[""muchas instrucciones"", ""apurar demasiado""]",0.24,1,2026-05-31T21:00:00,2026-05-01T21:00:00,2026-05-31T21:00:00
ef7390c3-c390-4b26-b8ec-da27f22b944a,e3fbcca2-2475-4ec6-99d7-2d68bca129cd,a6cdc06e-1174-4930-bf5a-765a7262b01d,sobrecarga_sensorial,"[""una sola indicación"", ""bajar luces"", ""dar tiempo"", ""mismo cierre""]","[""corregir en el pico"", ""presión escolar"", ""pantallas tarde"", ""demasiado ruido""]",0.4,5,2026-05-31T21:00:00,2026-04-02T21:00:00,2026-05-31T21:00:00
776178eb-6716-4d47-b989-7f27ed879289,e3fbcca2-2475-4ec6-99d7-2d68bca129cd,a6cdc06e-1174-4930-bf5a-765a7262b01d,crisis_activa,"[""menos palabras"", ""dar tiempo"", ""microacciones"", ""una sola indicación""]","[""cambio brusco"", ""gritar"", ""presión escolar"", ""pantallas tarde""]",0.4,5,2026-05-29T23:00:00,2026-03-28T23:00:00,2026-05-29T23:00:00
ca3d63b8-e192-477f-869c-c749d7bfc415,e3fbcca2-2475-4ec6-99d7-2d68bca129cd,a6cdc06e-1174-4930-bf5a-765a7262b01d,sobrecarga_cuidador,"[""microacciones"", ""pausa breve"", ""validación"", ""bajar luces""]","[""preguntar demasiado"", ""presión escolar"", ""forzar explicación"", ""muchas instrucciones""]",0.32,3,2026-05-29T17:09:00,2026-03-24T17:09:00,2026-05-29T17:09:00
8a623a50-59b4-4470-9844-235fb6647414,e3fbcca2-2475-4ec6-99d7-2d68bca129cd,a6cdc06e-1174-4930-bf5a-765a7262b01d,disfuncion_ejecutiva,"[""una sola indicación""]","[""demasiado ruido""]",0.24,1,2026-05-10T01:09:00,2026-04-11T01:09:00,2026-05-10T01:09:00
f9eb7631-8915-4a52-85f5-c37a946ff467,e3fbcca2-2475-4ec6-99d7-2d68bca129cd,a6cdc06e-1174-4930-bf5a-765a7262b01d,apoyo_general,"[""dar tiempo"", ""anticipación"", ""menos ruido"", ""microacciones""]","[""pantallas tarde"", ""presión escolar"", ""preguntar demasiado"", ""cambio brusco""]",0.52,8,2026-05-31T00:00:00,2026-05-09T00:00:00,2026-05-31T00:00:00
06792a7f-3d52-4195-a614-272c9477c753,e3fbcca2-2475-4ec6-99d7-2d68bca129cd,a6cdc06e-1174-4930-bf5a-765a7262b01d,transicion_rigidez,"[""mismo cierre"", ""microacciones""]","[""forzar explicación"", ""preguntar demasiado""]",0.24,1,2026-05-31T21:00:00,2026-04-11T21:00:00,2026-05-31T21:00:00
78454d1e-087a-4a7f-88f8-d184624b269b,fdb2bfde-c518-4399-b28d-17afecfc120d,2222935f-adcd-4e7b-895e-61f5aa2fcdc9,disfuncion_ejecutiva,"[""mismo cierre""]","[""presión escolar"", ""preguntar demasiado"", ""cambio brusco"", ""pantallas tarde""]",0.28,2,2026-05-29T21:00:00,2026-04-24T21:00:00,2026-05-29T21:00:00
6bcc1344-0e68-4fc6-bcf2-7ae2a38ecf9e,fdb2bfde-c518-4399-b28d-17afecfc120d,2222935f-adcd-4e7b-895e-61f5aa2fcdc9,transicion_rigidez,"[""mismo cierre"", ""microacciones"", ""pausa breve"", ""validación""]","[""apurar demasiado"", ""corregir en el pico"", ""forzar explicación"", ""gritar""]",0.36,4,2026-05-31T21:00:00,2026-03-24T21:00:00,2026-05-31T21:00:00
c2cf2496-bcde-41a4-a3b6-510d789ba1f1,fdb2bfde-c518-4399-b28d-17afecfc120d,2222935f-adcd-4e7b-895e-61f5aa2fcdc9,apoyo_general,"[""validación"", ""mismo cierre"", ""una sola indicación""]","[""forzar explicación"", ""pantallas tarde"", ""apurar demasiado"", ""demasiado ruido""]",0.32,3,2026-05-30T21:00:00,2026-04-26T21:00:00,2026-05-30T21:00:00
e114ee74-9d41-4dbb-87bb-ea5c6766f231,fdb2bfde-c518-4399-b28d-17afecfc120d,2222935f-adcd-4e7b-895e-61f5aa2fcdc9,sobrecarga_cuidador,"[""anticipación"", ""mismo cierre"", ""menos palabras"", ""menos ruido""]","[""pantallas tarde"", ""demasiado ruido"", ""corregir en el pico"", ""presión escolar""]",0.48,7,2026-05-31T21:00:00,2026-05-11T21:00:00,2026-05-31T21:00:00
6c07fe8d-5093-4385-81f9-3dc9e3bc64e4,fdb2bfde-c518-4399-b28d-17afecfc120d,2222935f-adcd-4e7b-895e-61f5aa2fcdc9,crisis_activa,"[""menos palabras"", ""una sola indicación"", ""menos ruido"", ""dar tiempo""]","[""presión escolar"", ""apurar demasiado"", ""cambio brusco"", ""gritar""]",0.44,6,2026-05-29T21:00:00,2026-05-05T21:00:00,2026-05-29T21:00:00
b384a6dc-fef4-476f-ae46-687bc0130d46,fdb2bfde-c518-4399-b28d-17afecfc120d,2222935f-adcd-4e7b-895e-61f5aa2fcdc9,sobrecarga_sensorial,"[""dar tiempo""]","[""preguntar demasiado"", ""corregir en el pico""]",0.24,1,2026-05-28T21:00:00,2026-04-02T21:00:00,2026-05-28T21:00:00
321a6205-04de-4df2-b393-54d82d09133e,2b7fc46c-c93b-4fc1-83d0-bd8821b279fd,0be039ff-854c-4d04-a77e-c6048d714815,sobrecarga_sensorial,"[""bajar luces"", ""validación"", ""menos palabras"", ""pausa breve""]","[""forzar explicación"", ""gritar"", ""presión escolar"", ""cambio brusco""]",0.36,4,2026-05-31T21:00:00,2026-04-16T21:00:00,2026-05-31T21:00:00
7fd9d764-7584-4586-8cb9-78e0185c1238,2b7fc46c-c93b-4fc1-83d0-bd8821b279fd,0be039ff-854c-4d04-a77e-c6048d714815,disfuncion_ejecutiva,"[""menos ruido"", ""menos palabras"", ""anticipación"", ""validación""]","[""preguntar demasiado"", ""gritar"", ""demasiado ruido"", ""forzar explicación""]",0.44,6,2026-05-31T21:00:00,2026-03-30T21:00:00,2026-05-31T21:00:00
ae2efe29-6233-4f7a-bd01-82b2b09c517c,2b7fc46c-c93b-4fc1-83d0-bd8821b279fd,0be039ff-854c-4d04-a77e-c6048d714815,sueno_regulacion,"[""microacciones"", ""anticipación""]","[""forzar explicación"", ""muchas instrucciones"", ""gritar"", ""corregir en el pico""]",0.28,2,2026-05-28T21:00:00,2026-05-02T21:00:00,2026-05-28T21:00:00
68cdaceb-7b3b-4c1a-9d6a-8ee7f0bc7229,2b7fc46c-c93b-4fc1-83d0-bd8821b279fd,0be039ff-854c-4d04-a77e-c6048d714815,apoyo_general,"[""pausa breve"", ""bajar luces"", ""mismo cierre"", ""menos ruido""]","[""corregir en el pico"", ""gritar"", ""muchas instrucciones"", ""forzar explicación""]",0.36,4,2026-05-30T22:40:00,2026-05-05T22:40:00,2026-05-30T22:40:00
07188844-3ec2-4960-9c68-e6be8e503977,2b7fc46c-c93b-4fc1-83d0-bd8821b279fd,0be039ff-854c-4d04-a77e-c6048d714815,transicion_rigidez,"[""mismo cierre"", ""menos palabras"", ""menos ruido"", ""una sola indicación""]","[""preguntar demasiado"", ""apurar demasiado"", ""cambio brusco"", ""demasiado ruido""]",0.36,4,2026-05-30T21:00:00,2026-04-11T21:00:00,2026-05-30T21:00:00
6e1336ae-863f-435d-ad35-a1790b9067e2,2b7fc46c-c93b-4fc1-83d0-bd8821b279fd,0be039ff-854c-4d04-a77e-c6048d714815,sobrecarga_cuidador,"[""validación"", ""microacciones"", ""una sola indicación"", ""menos ruido""]","[""corregir en el pico"", ""gritar"", ""muchas instrucciones"", ""demasiado ruido""]",0.28,2,2026-05-28T21:00:00,2026-04-05T21:00:00,2026-05-28T21:00:00
2af60d79-df47-4e57-b2c5-71bbe31454a6,2b7fc46c-c93b-4fc1-83d0-bd8821b279fd,0be039ff-854c-4d04-a77e-c6048d714815,crisis_activa,"[""menos palabras"", ""anticipación"", ""menos ruido""]","[""pantallas tarde"", ""muchas instrucciones"", ""forzar explicación""]",0.24,1,2026-05-31T21:00:00,2026-03-27T21:00:00,2026-05-31T21:00:00
8467aa80-ebc5-4431-808e-fa70cd49e0d1,45ba3015-110c-405a-bcdc-6c6ead1c16d9,120780d6-c0cf-426e-b2fa-3c3b31e69578,sueno_regulacion,"[""anticipación"", ""pausa breve"", ""menos ruido""]","[""pantallas tarde"", ""muchas instrucciones"", ""corregir en el pico"", ""cambio brusco""]",0.36,4,2026-05-30T23:00:00,2026-04-10T23:00:00,2026-05-30T23:00:00
92ac6203-52b9-44a5-b125-8eec66e638d8,45ba3015-110c-405a-bcdc-6c6ead1c16d9,120780d6-c0cf-426e-b2fa-3c3b31e69578,crisis_activa,"[""una sola indicación"", ""bajar luces"", ""menos palabras"", ""mismo cierre""]","[""gritar"", ""presión escolar"", ""corregir en el pico"", ""preguntar demasiado""]",0.36,4,2026-05-29T20:22:00,2026-04-05T20:22:00,2026-05-29T20:22:00
c95ca6ab-7930-4ea6-822f-695530c22b09,45ba3015-110c-405a-bcdc-6c6ead1c16d9,120780d6-c0cf-426e-b2fa-3c3b31e69578,transicion_rigidez,"[""bajar luces"", ""menos ruido"", ""microacciones"", ""mismo cierre""]","[""pantallas tarde"", ""presión escolar""]",0.32,3,2026-05-31T01:22:00,2026-04-28T01:22:00,2026-05-31T01:22:00
5783265d-3955-4ad6-a7aa-208458e6e511,45ba3015-110c-405a-bcdc-6c6ead1c16d9,120780d6-c0cf-426e-b2fa-3c3b31e69578,sobrecarga_sensorial,"[""menos palabras"", ""menos ruido"", ""una sola indicación"", ""dar tiempo""]","[""gritar"", ""cambio brusco"", ""presión escolar"", ""forzar explicación""]",0.32,3,2026-05-28T03:00:00,2026-03-10T03:00:00,2026-05-28T03:00:00
76c00f63-f239-4a69-a8bf-091201d418e8,45ba3015-110c-405a-bcdc-6c6ead1c16d9,120780d6-c0cf-426e-b2fa-3c3b31e69578,sobrecarga_cuidador,"[""dar tiempo"", ""anticipación"", ""bajar luces"", ""microacciones""]","[""corregir en el pico"", ""preguntar demasiado"", ""forzar explicación"", ""presión escolar""]",0.36,4,2026-05-31T04:00:00,2026-03-26T04:00:00,2026-05-31T04:00:00
358688d2-6bb6-4ac8-9b92-8ed34fab5002,45ba3015-110c-405a-bcdc-6c6ead1c16d9,120780d6-c0cf-426e-b2fa-3c3b31e69578,apoyo_general,"[""dar tiempo"", ""anticipación"", ""menos palabras"", ""una sola indicación""]","[""preguntar demasiado"", ""pantallas tarde"", ""corregir en el pico"", ""demasiado ruido""]",0.32,3,2026-05-31T21:00:00,2026-04-02T21:00:00,2026-05-31T21:00:00
bd0d8faa-37b0-48dc-bb27-628bb4bb8b7a,45ba3015-110c-405a-bcdc-6c6ead1c16d9,120780d6-c0cf-426e-b2fa-3c3b31e69578,disfuncion_ejecutiva,"[""mismo cierre""]","[""presión escolar"", ""forzar explicación"", ""apurar demasiado"", ""pantallas tarde""]",0.28,2,2026-05-30T21:00:00,2026-04-01T21:00:00,2026-05-30T21:00:00
3189c189-7b44-4044-813d-03d80de59ac8,b8874cf5-f685-4622-9bf5-801106feb44f,2d9aa87a-f807-4da9-9a6a-c98c17270a58,sobrecarga_cuidador,"[""menos palabras"", ""mismo cierre"", ""menos ruido"", ""microacciones""]","[""demasiado ruido"", ""cambio brusco"", ""gritar"", ""corregir en el pico""]",0.4,5,2026-05-31T11:38:00,2026-04-08T11:38:00,2026-05-31T11:38:00
be253e33-ab34-4c3b-b300-03b8ffe98a4f,b8874cf5-f685-4622-9bf5-801106feb44f,2d9aa87a-f807-4da9-9a6a-c98c17270a58,apoyo_general,"[""pausa breve""]","[""muchas instrucciones"", ""pantallas tarde"", ""gritar"", ""cambio brusco""]",0.32,3,2026-05-26T21:00:00,2026-04-18T21:00:00,2026-05-26T21:00:00
670dc2ee-9837-49f4-8db6-2135478bc494,b8874cf5-f685-4622-9bf5-801106feb44f,2d9aa87a-f807-4da9-9a6a-c98c17270a58,disfuncion_ejecutiva,"[""validación"", ""bajar luces"", ""menos ruido"", ""microacciones""]","[""gritar"", ""preguntar demasiado"", ""demasiado ruido"", ""apurar demasiado""]",0.36,4,2026-05-31T21:00:00,2026-04-29T21:00:00,2026-05-31T21:00:00
40ef322f-6d45-4c77-8999-378e7e7c73e1,b8874cf5-f685-4622-9bf5-801106feb44f,2d9aa87a-f807-4da9-9a6a-c98c17270a58,crisis_activa,"[""validación"", ""anticipación"", ""una sola indicación"", ""menos ruido""]","[""gritar"", ""pantallas tarde"", ""preguntar demasiado"", ""muchas instrucciones""]",0.48,7,2026-05-31T21:00:00,2026-04-25T21:00:00,2026-05-31T21:00:00
99140465-525a-4d83-9db5-f3c1bbde823b,b8874cf5-f685-4622-9bf5-801106feb44f,2d9aa87a-f807-4da9-9a6a-c98c17270a58,sobrecarga_sensorial,"[""dar tiempo""]","[""muchas instrucciones"", ""corregir en el pico""]",0.28,2,2026-05-31T21:00:00,2026-04-11T21:00:00,2026-05-31T21:00:00
85dd7320-4fed-4734-a35c-ba52cddac679,b8874cf5-f685-4622-9bf5-801106feb44f,2d9aa87a-f807-4da9-9a6a-c98c17270a58,transicion_rigidez,"[""bajar luces"", ""menos ruido""]","[""apurar demasiado"", ""presión escolar"", ""forzar explicación""]",0.24,1,2026-05-27T21:00:00,2026-04-27T21:00:00,2026-05-27T21:00:00
4dfe5a5a-83d5-4989-a091-d1bb4ad78580,b8874cf5-f685-4622-9bf5-801106feb44f,2d9aa87a-f807-4da9-9a6a-c98c17270a58,sueno_regulacion,"[""dar tiempo"", ""validación"", ""menos ruido""]","[""preguntar demasiado""]",0.24,1,2026-05-29T01:00:00,2026-04-20T01:00:00,2026-05-29T01:00:00
f66852e4-ef76-45a8-901b-bfe3ab19b526,742340e8-14b4-4dbe-ab50-50293dc7a133,a7ed81ab-cae3-4459-aa48-d966a93486ba,apoyo_general,"[""una sola indicación"", ""bajar luces"", ""microacciones"", ""menos ruido""]","[""forzar explicación"", ""pantallas tarde"", ""apurar demasiado"", ""presión escolar""]",0.4,5,2026-05-31T01:00:00,2026-03-13T01:00:00,2026-05-31T01:00:00
78d6c1cc-fc0a-42e8-b862-f10616976800,742340e8-14b4-4dbe-ab50-50293dc7a133,a7ed81ab-cae3-4459-aa48-d966a93486ba,transicion_rigidez,"[""mismo cierre"", ""pausa breve"", ""bajar luces"", ""una sola indicación""]","[""cambio brusco"", ""presión escolar"", ""preguntar demasiado"", ""forzar explicación""]",0.28,2,2026-05-31T03:00:00,2026-03-12T03:00:00,2026-05-31T03:00:00
43e0cfa2-267b-44da-84eb-11a98f710eb6,742340e8-14b4-4dbe-ab50-50293dc7a133,a7ed81ab-cae3-4459-aa48-d966a93486ba,sobrecarga_sensorial,"[""menos ruido"", ""pausa breve"", ""dar tiempo"", ""una sola indicación""]","[""pantallas tarde"", ""muchas instrucciones"", ""apurar demasiado"", ""gritar""]",0.48,7,2026-05-31T21:00:00,2026-03-23T21:00:00,2026-05-31T21:00:00
81f5b570-13bb-40f4-bd03-d935477c121f,742340e8-14b4-4dbe-ab50-50293dc7a133,a7ed81ab-cae3-4459-aa48-d966a93486ba,sobrecarga_cuidador,"[""menos ruido"", ""anticipación"", ""validación"", ""microacciones""]","[""cambio brusco"", ""apurar demasiado"", ""corregir en el pico"", ""presión escolar""]",0.36,4,2026-05-31T13:50:00,2026-03-18T13:50:00,2026-05-31T13:50:00
b6321a3c-667b-4b8a-bbc3-0d48087125b1,742340e8-14b4-4dbe-ab50-50293dc7a133,a7ed81ab-cae3-4459-aa48-d966a93486ba,crisis_activa,"[""validación"", ""pausa breve"", ""una sola indicación""]","[""forzar explicación""]",0.24,1,2026-05-24T03:50:00,2026-03-17T03:50:00,2026-05-24T03:50:00
911a341f-484c-48b3-b315-855edc1977c9,742340e8-14b4-4dbe-ab50-50293dc7a133,a7ed81ab-cae3-4459-aa48-d966a93486ba,disfuncion_ejecutiva,"[""anticipación"", ""dar tiempo"", ""menos palabras"", ""pausa breve""]","[""pantallas tarde"", ""gritar""]",0.32,3,2026-05-29T23:00:00,2026-03-26T23:00:00,2026-05-29T23:00:00
ab584e64-7c05-4111-9661-2931343451a2,742340e8-14b4-4dbe-ab50-50293dc7a133,a7ed81ab-cae3-4459-aa48-d966a93486ba,sueno_regulacion,"[""microacciones"", ""una sola indicación""]","[""muchas instrucciones"", ""presión escolar"", ""corregir en el pico""]",0.24,1,2026-05-31T21:00:00,2026-04-16T21:00:00,2026-05-31T21:00:00
598e0e40-28f0-4d70-bc39-2a82acd3b557,6f1d3747-ebd7-42a6-b206-15a99c39f01c,42052755-2ccd-4eb6-ba50-2a98fbe97317,crisis_activa,"[""validación"", ""mismo cierre"", ""una sola indicación"", ""bajar luces""]","[""preguntar demasiado"", ""corregir en el pico"", ""gritar"", ""forzar explicación""]",0.44,6,2026-05-31T21:00:00,2026-05-08T21:00:00,2026-05-31T21:00:00
485f5276-caa3-44db-92ad-899c69cdec38,6f1d3747-ebd7-42a6-b206-15a99c39f01c,42052755-2ccd-4eb6-ba50-2a98fbe97317,sobrecarga_sensorial,"[""validación"", ""menos ruido"", ""mismo cierre"", ""microacciones""]","[""muchas instrucciones"", ""cambio brusco"", ""corregir en el pico"", ""demasiado ruido""]",0.4,5,2026-05-31T21:00:00,2026-03-22T21:00:00,2026-05-31T21:00:00
71febc2d-19a9-4345-ad26-4b4282c49194,6f1d3747-ebd7-42a6-b206-15a99c39f01c,42052755-2ccd-4eb6-ba50-2a98fbe97317,sueno_regulacion,[],"[""demasiado ruido""]",0.24,1,2026-05-31T13:32:00,2026-03-27T13:32:00,2026-05-31T13:32:00
20651d7d-9df5-43f8-8387-b427aa007090,6f1d3747-ebd7-42a6-b206-15a99c39f01c,42052755-2ccd-4eb6-ba50-2a98fbe97317,sobrecarga_cuidador,"[""menos ruido"", ""mismo cierre"", ""anticipación"", ""una sola indicación""]","[""pantallas tarde"", ""muchas instrucciones"", ""preguntar demasiado"", ""corregir en el pico""]",0.36,4,2026-05-30T21:00:00,2026-04-28T21:00:00,2026-05-30T21:00:00
e129f62e-398a-4c6a-9f25-55f33bcbf077,6f1d3747-ebd7-42a6-b206-15a99c39f01c,42052755-2ccd-4eb6-ba50-2a98fbe97317,disfuncion_ejecutiva,"[""bajar luces"", ""microacciones"", ""dar tiempo"", ""una sola indicación""]","[""forzar explicación"", ""apurar demasiado"", ""cambio brusco"", ""muchas instrucciones""]",0.32,3,2026-05-31T21:00:00,2026-04-22T21:00:00,2026-05-31T21:00:00
bbccf9bc-e05d-416c-acb1-a0abd5571e64,6f1d3747-ebd7-42a6-b206-15a99c39f01c,42052755-2ccd-4eb6-ba50-2a98fbe97317,apoyo_general,"[""mismo cierre"", ""bajar luces"", ""dar tiempo"", ""microacciones""]","[""apurar demasiado"", ""demasiado ruido"", ""pantallas tarde"", ""forzar explicación""]",0.36,4,2026-05-30T21:00:00,2026-04-24T21:00:00,2026-05-30T21:00:00
85e3a4c4-5025-4388-9ea2-8f848f48eb30,89311746-9149-4040-a2d5-5b1e88984159,9a415c0b-3787-4081-a384-f3d94ec01197,transicion_rigidez,"[""menos palabras"", ""una sola indicación"", ""microacciones"", ""pausa breve""]","[""presión escolar"", ""muchas instrucciones"", ""preguntar demasiado"", ""gritar""]",0.4,5,2026-05-27T21:00:00,2026-05-02T21:00:00,2026-05-27T21:00:00
61458eff-11eb-4c39-8e88-3a6e08ced04e,89311746-9149-4040-a2d5-5b1e88984159,9a415c0b-3787-4081-a384-f3d94ec01197,sobrecarga_sensorial,"[""validación"", ""una sola indicación"", ""pausa breve"", ""dar tiempo""]","[""apurar demasiado"", ""demasiado ruido"", ""corregir en el pico"", ""gritar""]",0.32,3,2026-05-31T21:00:00,2026-03-18T21:00:00,2026-05-31T21:00:00
39d7a916-94c9-49ea-815e-1c7316db266a,89311746-9149-4040-a2d5-5b1e88984159,9a415c0b-3787-4081-a384-f3d94ec01197,apoyo_general,"[""menos palabras"", ""bajar luces"", ""anticipación"", ""menos ruido""]","[""presión escolar"", ""muchas instrucciones"", ""forzar explicación"", ""gritar""]",0.36,4,2026-05-30T21:00:00,2026-04-19T21:00:00,2026-05-30T21:00:00
58cf1cf2-51cc-4609-bcac-5c93038f5233,89311746-9149-4040-a2d5-5b1e88984159,9a415c0b-3787-4081-a384-f3d94ec01197,crisis_activa,"[""dar tiempo"", ""pausa breve"", ""bajar luces"", ""anticipación""]","[""muchas instrucciones"", ""pantallas tarde"", ""corregir en el pico"", ""presión escolar""]",0.4,5,2026-05-31T21:00:00,2026-03-30T21:00:00,2026-05-31T21:00:00
d64c2ab9-6146-4917-b8a7-583ae1e9e6d3,89311746-9149-4040-a2d5-5b1e88984159,9a415c0b-3787-4081-a384-f3d94ec01197,sueno_regulacion,"[""validación"", ""una sola indicación"", ""bajar luces"", ""microacciones""]","[""gritar"", ""muchas instrucciones"", ""forzar explicación"", ""demasiado ruido""]",0.32,3,2026-05-31T21:00:00,2026-03-21T21:00:00,2026-05-31T21:00:00
59087b07-2894-4840-839f-ac7f36522936,89311746-9149-4040-a2d5-5b1e88984159,9a415c0b-3787-4081-a384-f3d94ec01197,disfuncion_ejecutiva,"[""menos palabras"", ""microacciones""]","[""apurar demasiado"", ""gritar"", ""presión escolar"", ""cambio brusco""]",0.28,2,2026-05-31T21:00:00,2026-04-02T21:00:00,2026-05-31T21:00:00
6a557ba6-6f68-41d2-b932-da71c4823776,89311746-9149-4040-a2d5-5b1e88984159,9a415c0b-3787-4081-a384-f3d94ec01197,sobrecarga_cuidador,"[""una sola indicación"", ""menos ruido""]","[""demasiado ruido""]",0.24,1,2026-05-31T21:00:00,2026-03-19T21:00:00,2026-05-31T21:00:00
755f4faf-a28c-46bd-a854-6c037f593362,ca3d10e6-0d79-4151-9e3e-59d55f8d5ff4,08eb45c5-ad32-4348-aa08-5b1f5e7e09f0,crisis_activa,"[""una sola indicación"", ""anticipación"", ""mismo cierre"", ""menos ruido""]","[""pantallas tarde"", ""muchas instrucciones"", ""apurar demasiado"", ""gritar""]",0.32,3,2026-05-28T14:47:00,2026-04-21T14:47:00,2026-05-28T14:47:00
6f36b3ac-c774-482a-83f5-438b29d54a3e,ca3d10e6-0d79-4151-9e3e-59d55f8d5ff4,08eb45c5-ad32-4348-aa08-5b1f5e7e09f0,apoyo_general,"[""menos palabras"", ""validación"", ""pausa breve"", ""una sola indicación""]","[""gritar"", ""corregir en el pico"", ""preguntar demasiado"", ""cambio brusco""]",0.6,10,2026-05-31T21:00:00,2026-04-21T21:00:00,2026-05-31T21:00:00
ab08513c-fc79-48a3-8006-6c18cd58d0e3,ca3d10e6-0d79-4151-9e3e-59d55f8d5ff4,08eb45c5-ad32-4348-aa08-5b1f5e7e09f0,sobrecarga_cuidador,"[""dar tiempo"", ""menos ruido"", ""validación"", ""menos palabras""]","[""cambio brusco"", ""forzar explicación"", ""pantallas tarde"", ""corregir en el pico""]",0.4,5,2026-05-31T21:00:00,2026-03-13T21:00:00,2026-05-31T21:00:00
c9583b51-4c94-4f9d-afde-601469455858,ca3d10e6-0d79-4151-9e3e-59d55f8d5ff4,08eb45c5-ad32-4348-aa08-5b1f5e7e09f0,disfuncion_ejecutiva,"[""una sola indicación"", ""dar tiempo"", ""menos ruido""]","[""gritar"", ""pantallas tarde"", ""cambio brusco""]",0.24,1,2026-05-27T10:47:00,2026-04-30T10:47:00,2026-05-27T10:47:00
7054010a-9b25-40f3-8eef-fc1322d9b33f,ca3d10e6-0d79-4151-9e3e-59d55f8d5ff4,08eb45c5-ad32-4348-aa08-5b1f5e7e09f0,sueno_regulacion,"[""menos ruido"", ""validación"", ""dar tiempo"", ""microacciones""]","[""pantallas tarde"", ""preguntar demasiado"", ""presión escolar"", ""muchas instrucciones""]",0.32,3,2026-05-30T21:47:00,2026-03-30T21:47:00,2026-05-30T21:47:00
f83760c5-69ed-43d8-b453-867ddd8d96bd,ca3d10e6-0d79-4151-9e3e-59d55f8d5ff4,08eb45c5-ad32-4348-aa08-5b1f5e7e09f0,sobrecarga_sensorial,"[""dar tiempo""]","[""demasiado ruido"", ""apurar demasiado"", ""cambio brusco""]",0.24,1,2026-05-26T21:00:00,2026-03-09T21:00:00,2026-05-26T21:00:00
18a64a68-2a8b-456c-af26-99d9cece427c,93e29f41-9564-4114-a4e7-c7f4d566ab42,44e8a24a-029a-4572-8386-05f38b744352,apoyo_general,"[""anticipación"", ""dar tiempo"", ""menos palabras"", ""mismo cierre""]","[""cambio brusco"", ""pantallas tarde"", ""preguntar demasiado"", ""gritar""]",0.48,7,2026-05-29T22:00:00,2026-04-20T22:00:00,2026-05-29T22:00:00
b1da4d94-c768-416a-870b-824f694d76b2,93e29f41-9564-4114-a4e7-c7f4d566ab42,44e8a24a-029a-4572-8386-05f38b744352,transicion_rigidez,"[""menos palabras"", ""bajar luces"", ""menos ruido""]","[""corregir en el pico"", ""apurar demasiado"", ""muchas instrucciones"", ""pantallas tarde""]",0.28,2,2026-05-27T21:00:00,2026-04-04T21:00:00,2026-05-27T21:00:00
6a1d4dcc-391e-41da-8871-6f0520df25a5,93e29f41-9564-4114-a4e7-c7f4d566ab42,44e8a24a-029a-4572-8386-05f38b744352,sobrecarga_sensorial,"[""menos ruido"", ""mismo cierre""]","[""muchas instrucciones"", ""cambio brusco"", ""gritar""]",0.32,3,2026-05-31T21:00:00,2026-04-29T21:00:00,2026-05-31T21:00:00
e6e4e7f9-651b-416e-b54f-a101a49191c8,93e29f41-9564-4114-a4e7-c7f4d566ab42,44e8a24a-029a-4572-8386-05f38b744352,sueno_regulacion,"[""dar tiempo"", ""pausa breve"", ""microacciones""]","[""corregir en el pico"", ""muchas instrucciones"", ""cambio brusco"", ""pantallas tarde""]",0.32,3,2026-05-28T21:00:00,2026-03-21T21:00:00,2026-05-28T21:00:00
5536e105-993c-48d7-bb1f-4d9a0ced77dc,93e29f41-9564-4114-a4e7-c7f4d566ab42,44e8a24a-029a-4572-8386-05f38b744352,crisis_activa,"[""mismo cierre"", ""dar tiempo""]","[""forzar explicación"", ""preguntar demasiado""]",0.24,1,2026-05-19T15:35:00,2026-03-05T15:35:00,2026-05-19T15:35:00
4f7ad425-9067-467e-9ca5-72e00e2ed6b2,93e29f41-9564-4114-a4e7-c7f4d566ab42,44e8a24a-029a-4572-8386-05f38b744352,sobrecarga_cuidador,"[""pausa breve"", ""dar tiempo"", ""mismo cierre"", ""menos ruido""]","[""gritar"", ""forzar explicación"", ""preguntar demasiado"", ""muchas instrucciones""]",0.36,4,2026-05-29T21:00:00,2026-03-13T21:00:00,2026-05-29T21:00:00
f91f5272-bf51-415d-af14-7f4f25634c1f,93e29f41-9564-4114-a4e7-c7f4d566ab42,44e8a24a-029a-4572-8386-05f38b744352,disfuncion_ejecutiva,"[""bajar luces"", ""una sola indicación"", ""anticipación"", ""menos palabras""]","[""forzar explicación"", ""presión escolar"", ""corregir en el pico"", ""pantallas tarde""]",0.32,3,2026-05-31T21:00:00,2026-04-27T21:00:00,2026-05-31T21:00:00
922ae3d4-2006-4cf1-8dae-b4e99467df26,9941a961-1597-4482-85ac-c7f16b94abe7,32dc7604-03d8-4e3d-8f39-551943b58457,transicion_rigidez,"[""bajar luces"", ""anticipación"", ""una sola indicación"", ""microacciones""]","[""pantallas tarde"", ""cambio brusco"", ""preguntar demasiado"", ""demasiado ruido""]",0.32,3,2026-05-26T21:00:00,2026-03-22T21:00:00,2026-05-26T21:00:00
269844d8-4286-43e0-b067-f5b493d387c3,9941a961-1597-4482-85ac-c7f16b94abe7,32dc7604-03d8-4e3d-8f39-551943b58457,sobrecarga_cuidador,"[""dar tiempo"", ""microacciones"", ""menos ruido""]","[""apurar demasiado"", ""muchas instrucciones"", ""corregir en el pico"", ""presión escolar""]",0.32,3,2026-05-31T00:00:00,2026-05-10T00:00:00,2026-05-31T00:00:00
e3e3a1a5-8fe9-4fac-abc5-970d4bc60331,9941a961-1597-4482-85ac-c7f16b94abe7,32dc7604-03d8-4e3d-8f39-551943b58457,sobrecarga_sensorial,"[""pausa breve"", ""anticipación"", ""mismo cierre"", ""menos palabras""]","[""muchas instrucciones"", ""cambio brusco"", ""presión escolar"", ""preguntar demasiado""]",0.32,3,2026-05-31T02:00:00,2026-04-06T02:00:00,2026-05-31T02:00:00
ced826b4-c51d-48a3-969a-4e0c2c87122d,9941a961-1597-4482-85ac-c7f16b94abe7,32dc7604-03d8-4e3d-8f39-551943b58457,crisis_activa,"[""anticipación"", ""menos palabras"", ""menos ruido"", ""bajar luces""]","[""demasiado ruido"", ""muchas instrucciones"", ""forzar explicación"", ""gritar""]",0.36,4,2026-05-31T08:09:00,2026-04-29T08:09:00,2026-05-31T08:09:00
e994b5fd-4ecf-4c15-bbb7-dc0721dec086,9941a961-1597-4482-85ac-c7f16b94abe7,32dc7604-03d8-4e3d-8f39-551943b58457,disfuncion_ejecutiva,"[""dar tiempo"", ""pausa breve"", ""validación"", ""menos ruido""]","[""gritar"", ""presión escolar"", ""muchas instrucciones"", ""apurar demasiado""]",0.32,3,2026-05-29T21:00:00,2026-04-22T21:00:00,2026-05-29T21:00:00
053d1e49-7901-4c90-a6e0-537a0e116ccb,9941a961-1597-4482-85ac-c7f16b94abe7,32dc7604-03d8-4e3d-8f39-551943b58457,apoyo_general,"[""anticipación"", ""una sola indicación"", ""bajar luces"", ""menos palabras""]","[""gritar"", ""forzar explicación"", ""apurar demasiado"", ""pantallas tarde""]",0.36,4,2026-05-30T21:00:00,2026-04-13T21:00:00,2026-05-30T21:00:00
777899e0-c2ee-4671-a3ce-1467b25e397c,9941a961-1597-4482-85ac-c7f16b94abe7,32dc7604-03d8-4e3d-8f39-551943b58457,sueno_regulacion,"[""microacciones"", ""validación"", ""una sola indicación"", ""menos ruido""]","[""corregir en el pico"", ""preguntar demasiado"", ""apurar demasiado"", ""forzar explicación""]",0.32,3,2026-05-31T21:00:00,2026-04-01T21:00:00,2026-05-31T21:00:00
9404e32b-4b0c-41a2-8f08-c283280f49cc,6516c9f5-9d32-43ef-8fcf-3ce0fffa3472,269d82a3-018c-4c08-a87e-4de2fb3c7094,sueno_regulacion,"[""una sola indicación"", ""pausa breve"", ""dar tiempo""]","[""presión escolar"", ""corregir en el pico""]",0.28,2,2026-05-31T21:00:00,2026-04-24T21:00:00,2026-05-31T21:00:00
24c38f96-c863-4fa3-b0af-8f14398a1a79,6516c9f5-9d32-43ef-8fcf-3ce0fffa3472,269d82a3-018c-4c08-a87e-4de2fb3c7094,sobrecarga_sensorial,"[""anticipación"", ""menos palabras"", ""menos ruido"", ""mismo cierre""]","[""forzar explicación"", ""presión escolar"", ""preguntar demasiado"", ""corregir en el pico""]",0.4,5,2026-05-31T21:00:00,2026-05-02T21:00:00,2026-05-31T21:00:00
7221a04a-6711-4e40-98db-8b1f02ac0f53,6516c9f5-9d32-43ef-8fcf-3ce0fffa3472,269d82a3-018c-4c08-a87e-4de2fb3c7094,crisis_activa,"[""validación""]","[""forzar explicación"", ""preguntar demasiado"", ""muchas instrucciones""]",0.24,1,2026-05-15T14:44:00,2026-03-14T14:44:00,2026-05-15T14:44:00
59bac350-3041-4b2f-a891-82f1a01acc98,6516c9f5-9d32-43ef-8fcf-3ce0fffa3472,269d82a3-018c-4c08-a87e-4de2fb3c7094,apoyo_general,"[""una sola indicación"", ""anticipación"", ""validación"", ""bajar luces""]","[""demasiado ruido"", ""corregir en el pico"", ""apurar demasiado"", ""preguntar demasiado""]",0.4,5,2026-05-31T21:00:00,2026-04-14T21:00:00,2026-05-31T21:00:00
5549deb5-0f0a-4508-a49a-dd546ae8134b,6516c9f5-9d32-43ef-8fcf-3ce0fffa3472,269d82a3-018c-4c08-a87e-4de2fb3c7094,disfuncion_ejecutiva,"[""microacciones"", ""bajar luces"", ""anticipación"", ""una sola indicación""]","[""corregir en el pico"", ""presión escolar"", ""gritar"", ""forzar explicación""]",0.36,4,2026-05-31T14:16:00,2026-04-30T14:16:00,2026-05-31T14:16:00
c6963200-f465-4234-a0e7-0cac01d36f9a,6516c9f5-9d32-43ef-8fcf-3ce0fffa3472,269d82a3-018c-4c08-a87e-4de2fb3c7094,transicion_rigidez,"[""una sola indicación"", ""menos palabras"", ""microacciones"", ""dar tiempo""]","[""pantallas tarde"", ""cambio brusco"", ""demasiado ruido"", ""apurar demasiado""]",0.28,2,2026-05-30T23:00:00,2026-03-27T23:00:00,2026-05-30T23:00:00
1299b525-5900-45e6-92a1-eeb64fb381cb,6516c9f5-9d32-43ef-8fcf-3ce0fffa3472,269d82a3-018c-4c08-a87e-4de2fb3c7094,sobrecarga_cuidador,"[""una sola indicación"", ""anticipación"", ""mismo cierre"", ""microacciones""]","[""presión escolar"", ""muchas instrucciones"", ""gritar"", ""forzar explicación""]",0.36,4,2026-05-30T21:00:00,2026-05-10T21:00:00,2026-05-30T21:00:00
74e5b567-024d-42b7-81cb-e557c765143c,a663973a-16d3-49e1-9336-7118691390ac,449a32ae-597f-4ab4-b797-6b34d4e2d2f7,apoyo_general,"[""bajar luces"", ""pausa breve"", ""microacciones"", ""anticipación""]","[""apurar demasiado"", ""corregir en el pico"", ""muchas instrucciones"", ""preguntar demasiado""]",0.32,3,2026-05-31T02:00:00,2026-05-06T02:00:00,2026-05-31T02:00:00
3b2626f1-f4e3-491d-b0ce-5dcc31a7e073,a663973a-16d3-49e1-9336-7118691390ac,449a32ae-597f-4ab4-b797-6b34d4e2d2f7,sueno_regulacion,"[""anticipación"", ""menos ruido"", ""dar tiempo"", ""pausa breve""]","[""demasiado ruido"", ""cambio brusco"", ""muchas instrucciones"", ""presión escolar""]",0.44,6,2026-05-30T21:00:00,2026-03-20T21:00:00,2026-05-30T21:00:00
35047dd8-94ec-4862-b918-8c3fafef4e07,a663973a-16d3-49e1-9336-7118691390ac,449a32ae-597f-4ab4-b797-6b34d4e2d2f7,disfuncion_ejecutiva,"[""bajar luces"", ""dar tiempo"", ""menos palabras"", ""validación""]","[""presión escolar"", ""pantallas tarde"", ""demasiado ruido"", ""cambio brusco""]",0.32,3,2026-05-31T21:00:00,2026-04-29T21:00:00,2026-05-31T21:00:00
cfda25a5-9233-40b7-afea-e0c55027c4cc,a663973a-16d3-49e1-9336-7118691390ac,449a32ae-597f-4ab4-b797-6b34d4e2d2f7,crisis_activa,"[""menos ruido"", ""microacciones"", ""pausa breve"", ""validación""]","[""muchas instrucciones"", ""corregir en el pico"", ""pantallas tarde"", ""apurar demasiado""]",0.32,3,2026-05-31T21:00:00,2026-04-26T21:00:00,2026-05-31T21:00:00
1e9c4033-be48-48fb-830c-69706237f330,a663973a-16d3-49e1-9336-7118691390ac,449a32ae-597f-4ab4-b797-6b34d4e2d2f7,transicion_rigidez,"[""mismo cierre"", ""anticipación"", ""bajar luces"", ""una sola indicación""]","[""corregir en el pico"", ""pantallas tarde"", ""apurar demasiado"", ""preguntar demasiado""]",0.28,2,2026-05-29T21:00:00,2026-04-23T21:00:00,2026-05-29T21:00:00
4b72a401-168a-4c5f-bc62-56ca84a43c12,a663973a-16d3-49e1-9336-7118691390ac,449a32ae-597f-4ab4-b797-6b34d4e2d2f7,sobrecarga_cuidador,"[""anticipación"", ""mismo cierre"", ""menos ruido"", ""microacciones""]","[""gritar"", ""preguntar demasiado"", ""apurar demasiado"", ""cambio brusco""]",0.36,4,2026-05-30T21:00:00,2026-05-07T21:00:00,2026-05-30T21:00:00
1ef34c1e-fd0e-4cf6-bffd-5368174c856b,a663973a-16d3-49e1-9336-7118691390ac,449a32ae-597f-4ab4-b797-6b34d4e2d2f7,sobrecarga_sensorial,"[""menos palabras"", ""mismo cierre"", ""pausa breve""]","[""presión escolar"", ""cambio brusco"", ""muchas instrucciones""]",0.28,2,2026-05-31T02:00:00,2026-04-23T02:00:00,2026-05-31T02:00:00
c392f34f-389e-42b0-bffd-e685682645f2,d9ca2074-6665-4fbe-8c3e-b9567736137d,b8daec1d-babc-4a78-8239-21dda7f572d6,sueno_regulacion,"[""bajar luces""]","[""pantallas tarde"", ""corregir en el pico""]",0.24,1,2026-03-25T11:19:00,2026-02-28T11:19:00,2026-03-25T11:19:00
b39e5f2d-d85b-46a6-843c-5d2d2012a648,d9ca2074-6665-4fbe-8c3e-b9567736137d,b8daec1d-babc-4a78-8239-21dda7f572d6,apoyo_general,"[""menos ruido"", ""validación"", ""pausa breve"", ""menos palabras""]","[""preguntar demasiado"", ""forzar explicación"", ""muchas instrucciones"", ""pantallas tarde""]",0.48,7,2026-05-31T21:00:00,2026-04-04T21:00:00,2026-05-31T21:00:00
4ecfc73d-f727-4fec-970b-12f71646c244,d9ca2074-6665-4fbe-8c3e-b9567736137d,b8daec1d-babc-4a78-8239-21dda7f572d6,disfuncion_ejecutiva,"[""validación"", ""menos palabras"", ""menos ruido"", ""mismo cierre""]","[""cambio brusco"", ""preguntar demasiado"", ""demasiado ruido"", ""gritar""]",0.32,3,2026-05-30T22:00:00,2026-03-16T22:00:00,2026-05-30T22:00:00
ec4bb17f-debb-40c8-bf8a-e6297ab56502,d9ca2074-6665-4fbe-8c3e-b9567736137d,b8daec1d-babc-4a78-8239-21dda7f572d6,crisis_activa,"[""dar tiempo"", ""una sola indicación"", ""anticipación"", ""menos palabras""]","[""demasiado ruido"", ""preguntar demasiado"", ""muchas instrucciones"", ""forzar explicación""]",0.44,6,2026-05-30T08:14:00,2026-04-28T08:14:00,2026-05-30T08:14:00
70c73e36-9325-4118-b506-3175e1652851,d9ca2074-6665-4fbe-8c3e-b9567736137d,b8daec1d-babc-4a78-8239-21dda7f572d6,sobrecarga_cuidador,"[""menos ruido"", ""microacciones""]","[""cambio brusco"", ""apurar demasiado"", ""presión escolar"", ""gritar""]",0.32,3,2026-05-30T21:00:00,2026-03-29T21:00:00,2026-05-30T21:00:00
9e75cccd-e716-4236-a1a1-09f129e834dc,d9ca2074-6665-4fbe-8c3e-b9567736137d,b8daec1d-babc-4a78-8239-21dda7f572d6,sobrecarga_sensorial,"[""dar tiempo"", ""anticipación"", ""microacciones""]","[""muchas instrucciones"", ""presión escolar"", ""corregir en el pico""]",0.28,2,2026-05-31T00:00:00,2026-03-15T00:00:00,2026-05-31T00:00:00
aa62c471-02fe-4283-baec-dfbd48306839,d9ca2074-6665-4fbe-8c3e-b9567736137d,b8daec1d-babc-4a78-8239-21dda7f572d6,transicion_rigidez,[],"[""muchas instrucciones""]",0.24,1,2026-05-31T21:00:00,2026-04-28T21:00:00,2026-05-31T21:00:00
14e10cbe-f1b9-456d-b32c-912beb400720,603a10ed-54b9-45db-9f4b-de880057ff79,41f00d17-50c9-43bd-9ded-161c098b7d70,sueno_regulacion,"[""pausa breve"", ""menos ruido"", ""validación"", ""mismo cierre""]","[""corregir en el pico"", ""presión escolar"", ""pantallas tarde"", ""muchas instrucciones""]",0.36,4,2026-05-30T22:23:00,2026-03-28T22:23:00,2026-05-30T22:23:00
325aa24b-d1f4-47fe-a0cc-2d1147b6b6a1,603a10ed-54b9-45db-9f4b-de880057ff79,41f00d17-50c9-43bd-9ded-161c098b7d70,transicion_rigidez,"[""validación"", ""anticipación"", ""una sola indicación"", ""dar tiempo""]","[""gritar"", ""preguntar demasiado"", ""corregir en el pico"", ""cambio brusco""]",0.36,4,2026-05-28T21:00:00,2026-04-21T21:00:00,2026-05-28T21:00:00
37e2f3f1-00b8-4776-91e3-e8ddae77cb00,603a10ed-54b9-45db-9f4b-de880057ff79,41f00d17-50c9-43bd-9ded-161c098b7d70,apoyo_general,"[""una sola indicación"", ""validación"", ""menos palabras"", ""dar tiempo""]","[""gritar"", ""demasiado ruido"", ""presión escolar"", ""apurar demasiado""]",0.4,5,2026-05-31T00:00:00,2026-03-31T00:00:00,2026-05-31T00:00:00
9fef162f-a0c6-4fda-ac69-a884bf9d0722,603a10ed-54b9-45db-9f4b-de880057ff79,41f00d17-50c9-43bd-9ded-161c098b7d70,crisis_activa,"[""mismo cierre"", ""validación"", ""microacciones"", ""anticipación""]","[""corregir en el pico"", ""forzar explicación"", ""apurar demasiado"", ""pantallas tarde""]",0.36,4,2026-05-30T21:00:00,2026-03-28T21:00:00,2026-05-30T21:00:00
7f90525a-e21a-4118-89c0-a462e56342ce,603a10ed-54b9-45db-9f4b-de880057ff79,41f00d17-50c9-43bd-9ded-161c098b7d70,disfuncion_ejecutiva,"[""dar tiempo"", ""bajar luces"", ""anticipación""]","[""cambio brusco"", ""pantallas tarde"", ""corregir en el pico"", ""forzar explicación""]",0.28,2,2026-05-29T18:23:00,2026-03-16T18:23:00,2026-05-29T18:23:00
880ab24d-5caf-46e7-bbe8-48fad671fe10,603a10ed-54b9-45db-9f4b-de880057ff79,41f00d17-50c9-43bd-9ded-161c098b7d70,sobrecarga_cuidador,"[""bajar luces""]","[""corregir en el pico"", ""forzar explicación"", ""muchas instrucciones"", ""cambio brusco""]",0.36,4,2026-05-29T23:00:00,2026-04-08T23:00:00,2026-05-29T23:00:00
f9a84bce-663b-4d72-8991-747e16350d95,02f07d98-0ba4-421d-b620-37c37723e9e5,dbab61c9-5a8b-4cd7-aa95-b924e33b3aa6,sueno_regulacion,"[""validación"", ""una sola indicación"", ""microacciones"", ""mismo cierre""]","[""corregir en el pico"", ""apurar demasiado"", ""muchas instrucciones"", ""cambio brusco""]",0.4,5,2026-05-28T21:00:00,2026-04-19T21:00:00,2026-05-28T21:00:00
c3376801-73b1-489d-be6c-4688c96e1201,02f07d98-0ba4-421d-b620-37c37723e9e5,dbab61c9-5a8b-4cd7-aa95-b924e33b3aa6,apoyo_general,"[""dar tiempo"", ""validación"", ""una sola indicación"", ""bajar luces""]","[""forzar explicación"", ""pantallas tarde"", ""cambio brusco"", ""gritar""]",0.32,3,2026-05-26T21:00:00,2026-04-17T21:00:00,2026-05-26T21:00:00
658df05e-4cd7-4c42-85c1-27cf322f12d3,02f07d98-0ba4-421d-b620-37c37723e9e5,dbab61c9-5a8b-4cd7-aa95-b924e33b3aa6,crisis_activa,"[""pausa breve"", ""una sola indicación"", ""bajar luces"", ""dar tiempo""]","[""cambio brusco"", ""forzar explicación"", ""presión escolar"", ""preguntar demasiado""]",0.32,3,2026-05-31T21:00:00,2026-04-20T21:00:00,2026-05-31T21:00:00
1723eb6d-ace0-4da5-bf33-219a73232eaa,02f07d98-0ba4-421d-b620-37c37723e9e5,dbab61c9-5a8b-4cd7-aa95-b924e33b3aa6,transicion_rigidez,"[""menos palabras"", ""pausa breve"", ""mismo cierre"", ""una sola indicación""]","[""apurar demasiado"", ""presión escolar""]",0.28,2,2026-05-27T21:00:00,2026-04-22T21:00:00,2026-05-27T21:00:00
fc1091eb-435b-4532-b3fd-0d1202a79ad3,02f07d98-0ba4-421d-b620-37c37723e9e5,dbab61c9-5a8b-4cd7-aa95-b924e33b3aa6,sobrecarga_sensorial,"[""una sola indicación"", ""microacciones"", ""pausa breve"", ""dar tiempo""]","[""pantallas tarde"", ""gritar"", ""muchas instrucciones"", ""cambio brusco""]",0.36,4,2026-05-31T01:00:00,2026-05-09T01:00:00,2026-05-31T01:00:00
4383b865-308e-4d81-89f5-4dd039930e21,02f07d98-0ba4-421d-b620-37c37723e9e5,dbab61c9-5a8b-4cd7-aa95-b924e33b3aa6,sobrecarga_cuidador,"[""mismo cierre"", ""dar tiempo"", ""anticipación"", ""pausa breve""]","[""cambio brusco"", ""apurar demasiado"", ""gritar"", ""presión escolar""]",0.36,4,2026-05-29T21:00:00,2026-04-11T21:00:00,2026-05-29T21:00:00
fef4b742-8ce8-4576-9802-29579571fb22,02f07d98-0ba4-421d-b620-37c37723e9e5,dbab61c9-5a8b-4cd7-aa95-b924e33b3aa6,disfuncion_ejecutiva,"[""mismo cierre"", ""microacciones"", ""menos palabras"", ""validación""]","[""pantallas tarde"", ""preguntar demasiado"", ""forzar explicación""]",0.28,2,2026-05-31T04:00:00,2026-03-25T04:00:00,2026-05-31T04:00:00
c2f60593-9771-43f1-82e9-e237d1f9c887,06854ca0-83c9-4eee-adc6-b1a6c9fd8ed2,d2de0ad1-42a5-46cb-b229-879f9a874170,sobrecarga_cuidador,"[""microacciones"", ""dar tiempo"", ""validación""]","[""forzar explicación"", ""pantallas tarde"", ""presión escolar"", ""preguntar demasiado""]",0.28,2,2026-05-13T12:54:00,2026-04-12T12:54:00,2026-05-13T12:54:00
3284520e-eef5-4a4b-af51-6f77b0bbf686,06854ca0-83c9-4eee-adc6-b1a6c9fd8ed2,d2de0ad1-42a5-46cb-b229-879f9a874170,disfuncion_ejecutiva,"[""microacciones""]","[""forzar explicación"", ""muchas instrucciones""]",0.24,1,2026-04-09T17:42:00,2026-03-17T17:42:00,2026-04-09T17:42:00
386b0459-ab8c-4746-996f-65de873d1452,06854ca0-83c9-4eee-adc6-b1a6c9fd8ed2,d2de0ad1-42a5-46cb-b229-879f9a874170,apoyo_general,"[""bajar luces"", ""menos ruido"", ""validación"", ""microacciones""]","[""gritar"", ""pantallas tarde"", ""preguntar demasiado"", ""demasiado ruido""]",0.52,8,2026-05-30T21:00:00,2026-03-19T21:00:00,2026-05-30T21:00:00
610bca27-bbe9-4feb-9756-3de584bb9cde,06854ca0-83c9-4eee-adc6-b1a6c9fd8ed2,d2de0ad1-42a5-46cb-b229-879f9a874170,transicion_rigidez,"[""dar tiempo""]","[""pantallas tarde"", ""demasiado ruido""]",0.24,1,2026-04-26T13:54:00,2026-03-06T13:54:00,2026-04-26T13:54:00
69c1b11f-8621-4a4d-bb42-17220b3b1c1f,06854ca0-83c9-4eee-adc6-b1a6c9fd8ed2,d2de0ad1-42a5-46cb-b229-879f9a874170,sueno_regulacion,"[""validación"", ""microacciones"", ""menos ruido"", ""una sola indicación""]","[""muchas instrucciones"", ""apurar demasiado"", ""corregir en el pico"", ""preguntar demasiado""]",0.44,6,2026-05-31T01:00:00,2026-03-31T01:00:00,2026-05-31T01:00:00
70df4f2f-efbf-4379-bd06-a005875d4a98,06854ca0-83c9-4eee-adc6-b1a6c9fd8ed2,d2de0ad1-42a5-46cb-b229-879f9a874170,crisis_activa,"[""validación"", ""pausa breve"", ""mismo cierre"", ""microacciones""]","[""pantallas tarde"", ""forzar explicación"", ""preguntar demasiado"", ""corregir en el pico""]",0.4,5,2026-05-31T21:00:00,2026-03-26T21:00:00,2026-05-31T21:00:00
1a8703d9-6ac7-4bf4-bb2b-fb6a0bfef0bf,137d433e-099c-4818-9542-fb1c62135220,eae7d3d4-6679-422b-9555-e616b96b35c2,sueno_regulacion,"[""microacciones""]","[""preguntar demasiado"", ""corregir en el pico""]",0.24,1,2026-05-14T15:58:00,2026-04-18T15:58:00,2026-05-14T15:58:00
2871709c-ec36-4e98-b550-3e3ef57e60a0,137d433e-099c-4818-9542-fb1c62135220,eae7d3d4-6679-422b-9555-e616b96b35c2,crisis_activa,"[""validación"", ""microacciones"", ""mismo cierre"", ""anticipación""]","[""pantallas tarde"", ""apurar demasiado"", ""preguntar demasiado""]",0.4,5,2026-05-29T00:00:00,2026-05-08T00:00:00,2026-05-29T00:00:00
ec7a1989-7499-4859-9808-986943041494,137d433e-099c-4818-9542-fb1c62135220,eae7d3d4-6679-422b-9555-e616b96b35c2,apoyo_general,"[""pausa breve"", ""menos ruido"", ""bajar luces""]","[""presión escolar"", ""cambio brusco"", ""corregir en el pico"", ""gritar""]",0.28,2,2026-05-29T01:00:00,2026-05-05T01:00:00,2026-05-29T01:00:00
78d2502b-a8de-43f5-9778-298dbeb85574,137d433e-099c-4818-9542-fb1c62135220,eae7d3d4-6679-422b-9555-e616b96b35c2,sobrecarga_sensorial,"[""bajar luces"", ""menos ruido"", ""una sola indicación"", ""dar tiempo""]","[""cambio brusco"", ""gritar"", ""presión escolar"", ""preguntar demasiado""]",0.32,3,2026-05-31T21:00:00,2026-05-06T21:00:00,2026-05-31T21:00:00
9ecfd7e2-9115-4476-8296-57268ca5898e,137d433e-099c-4818-9542-fb1c62135220,eae7d3d4-6679-422b-9555-e616b96b35c2,disfuncion_ejecutiva,"[""menos ruido"", ""menos palabras"", ""dar tiempo"", ""pausa breve""]","[""apurar demasiado"", ""forzar explicación"", ""pantallas tarde"", ""preguntar demasiado""]",0.36,4,2026-05-30T22:00:00,2026-04-25T22:00:00,2026-05-30T22:00:00
6683d81e-894b-429d-8550-ae33b4e4a1ca,137d433e-099c-4818-9542-fb1c62135220,eae7d3d4-6679-422b-9555-e616b96b35c2,transicion_rigidez,"[""bajar luces"", ""validación"", ""pausa breve""]","[""muchas instrucciones"", ""preguntar demasiado""]",0.24,1,2026-05-31T21:00:00,2026-04-20T21:00:00,2026-05-31T21:00:00
5ac8b50f-583b-4ad2-a0fd-2ed95879efc1,137d433e-099c-4818-9542-fb1c62135220,eae7d3d4-6679-422b-9555-e616b96b35c2,sobrecarga_cuidador,"[""mismo cierre"", ""anticipación"", ""validación"", ""pausa breve""]","[""pantallas tarde"", ""presión escolar"", ""muchas instrucciones"", ""forzar explicación""]",0.48,7,2026-05-30T21:00:00,2026-04-05T21:00:00,2026-05-30T21:00:00
0fa2a496-b85b-41da-8f02-277bce5e5720,eeb1155e-5408-4539-a2a1-e5bef6859bee,52d7da70-908b-46c2-8e66-1fa28c576008,sobrecarga_sensorial,"[""validación"", ""microacciones"", ""mismo cierre"", ""bajar luces""]","[""presión escolar"", ""cambio brusco"", ""muchas instrucciones"", ""gritar""]",0.36,4,2026-05-30T22:00:00,2026-03-23T22:00:00,2026-05-30T22:00:00
cd09647d-f0ad-42c9-93cf-7033c89ff148,eeb1155e-5408-4539-a2a1-e5bef6859bee,52d7da70-908b-46c2-8e66-1fa28c576008,sobrecarga_cuidador,"[""bajar luces"", ""menos palabras"", ""validación"", ""mismo cierre""]","[""cambio brusco"", ""preguntar demasiado"", ""gritar"", ""apurar demasiado""]",0.4,5,2026-05-31T21:00:00,2026-03-29T21:00:00,2026-05-31T21:00:00
6c06c330-a91f-4390-bca8-0724de8c1a7e,eeb1155e-5408-4539-a2a1-e5bef6859bee,52d7da70-908b-46c2-8e66-1fa28c576008,transicion_rigidez,"[""menos ruido"", ""bajar luces""]","[""corregir en el pico""]",0.24,1,2026-05-27T11:21:00,2026-04-13T11:21:00,2026-05-27T11:21:00
c6df7b42-fd89-43ad-ae07-06403047d0c2,eeb1155e-5408-4539-a2a1-e5bef6859bee,52d7da70-908b-46c2-8e66-1fa28c576008,apoyo_general,"[""anticipación"", ""dar tiempo"", ""microacciones"", ""menos ruido""]","[""corregir en el pico"", ""cambio brusco"", ""presión escolar"", ""demasiado ruido""]",0.36,4,2026-05-30T21:00:00,2026-03-31T21:00:00,2026-05-30T21:00:00
12c84ff2-783d-4e47-9043-fbfdace97b8e,eeb1155e-5408-4539-a2a1-e5bef6859bee,52d7da70-908b-46c2-8e66-1fa28c576008,disfuncion_ejecutiva,"[""menos palabras"", ""microacciones"", ""menos ruido"", ""una sola indicación""]","[""apurar demasiado"", ""presión escolar""]",0.28,2,2026-05-31T16:21:00,2026-04-08T16:21:00,2026-05-31T16:21:00
8562ed9f-3454-4f65-9149-f690417cba66,eeb1155e-5408-4539-a2a1-e5bef6859bee,52d7da70-908b-46c2-8e66-1fa28c576008,crisis_activa,"[""dar tiempo"", ""microacciones"", ""mismo cierre"", ""una sola indicación""]","[""corregir en el pico"", ""demasiado ruido"", ""forzar explicación"", ""preguntar demasiado""]",0.48,7,2026-05-30T22:00:00,2026-04-17T22:00:00,2026-05-30T22:00:00
94dbc277-ba04-41f1-8ccf-221d65709bae,3fdbb0fc-3d53-47ec-8f28-446fd6cd2d0e,521b34c2-711e-447a-88b1-40d77888c99b,crisis_activa,"[""microacciones"", ""menos palabras"", ""mismo cierre"", ""menos ruido""]","[""preguntar demasiado"", ""gritar"", ""corregir en el pico"", ""apurar demasiado""]",0.32,3,2026-05-28T21:00:00,2026-05-03T21:00:00,2026-05-28T21:00:00
584cbe71-f958-4c6a-a890-48af651ebd4a,3fdbb0fc-3d53-47ec-8f28-446fd6cd2d0e,521b34c2-711e-447a-88b1-40d77888c99b,transicion_rigidez,"[""anticipación"", ""menos ruido"", ""validación""]","[""demasiado ruido"", ""gritar"", ""apurar demasiado"", ""muchas instrucciones""]",0.28,2,2026-05-31T21:00:00,2026-03-30T21:00:00,2026-05-31T21:00:00
4bcae403-0831-49ad-a630-cad225c3e0f1,3fdbb0fc-3d53-47ec-8f28-446fd6cd2d0e,521b34c2-711e-447a-88b1-40d77888c99b,apoyo_general,"[""microacciones"", ""anticipación"", ""validación"", ""menos ruido""]","[""demasiado ruido"", ""forzar explicación"", ""presión escolar"", ""corregir en el pico""]",0.32,3,2026-05-31T21:00:00,2026-03-25T21:00:00,2026-05-31T21:00:00
bee80785-b352-4bda-b010-dd2cf099014d,3fdbb0fc-3d53-47ec-8f28-446fd6cd2d0e,521b34c2-711e-447a-88b1-40d77888c99b,disfuncion_ejecutiva,"[""menos ruido"", ""mismo cierre"", ""una sola indicación"", ""validación""]","[""corregir en el pico"", ""apurar demasiado"", ""demasiado ruido"", ""gritar""]",0.48,7,2026-05-31T21:00:00,2026-05-02T21:00:00,2026-05-31T21:00:00
10920377-4bc3-43f5-9536-40df7ae82e7e,3fdbb0fc-3d53-47ec-8f28-446fd6cd2d0e,521b34c2-711e-447a-88b1-40d77888c99b,sueno_regulacion,"[""mismo cierre"", ""una sola indicación"", ""microacciones"", ""menos palabras""]","[""preguntar demasiado"", ""corregir en el pico"", ""gritar"", ""forzar explicación""]",0.32,3,2026-05-31T21:00:00,2026-03-16T21:00:00,2026-05-31T21:00:00
649a1699-c332-4441-9284-a88ded1ef606,3fdbb0fc-3d53-47ec-8f28-446fd6cd2d0e,521b34c2-711e-447a-88b1-40d77888c99b,sobrecarga_sensorial,"[""pausa breve"", ""mismo cierre"", ""anticipación""]","[""presión escolar"", ""pantallas tarde""]",0.28,2,2026-05-29T21:00:00,2026-04-05T21:00:00,2026-05-29T21:00:00
b39dad68-362b-4de9-80fc-766863f087fa,3fdbb0fc-3d53-47ec-8f28-446fd6cd2d0e,521b34c2-711e-447a-88b1-40d77888c99b,sobrecarga_cuidador,"[""menos ruido"", ""validación"", ""dar tiempo"", ""anticipación""]","[""forzar explicación"", ""demasiado ruido"", ""corregir en el pico""]",0.32,3,2026-05-31T21:00:00,2026-04-18T21:00:00,2026-05-31T21:00:00
d146e6b1-44db-4474-9a3d-da4cb0261eb2,f53a6c72-72a1-4e13-a11a-481eac48b348,d5b6971f-d9dc-483c-aa58-996616048b32,sobrecarga_cuidador,"[""dar tiempo"", ""mismo cierre"", ""menos ruido"", ""microacciones""]","[""preguntar demasiado"", ""presión escolar"", ""gritar"", ""forzar explicación""]",0.44,6,2026-05-31T21:00:00,2026-05-01T21:00:00,2026-05-31T21:00:00
cd1cfc5e-1887-4b43-b130-4791fefce1c1,f53a6c72-72a1-4e13-a11a-481eac48b348,d5b6971f-d9dc-483c-aa58-996616048b32,disfuncion_ejecutiva,"[""bajar luces"", ""anticipación"", ""dar tiempo"", ""validación""]","[""cambio brusco"", ""muchas instrucciones"", ""forzar explicación"", ""gritar""]",0.4,5,2026-05-30T21:00:00,2026-03-24T21:00:00,2026-05-30T21:00:00
5e594a21-ed14-4908-a092-d1800e6b6e6d,f53a6c72-72a1-4e13-a11a-481eac48b348,d5b6971f-d9dc-483c-aa58-996616048b32,sobrecarga_sensorial,"[""dar tiempo"", ""anticipación"", ""menos palabras"", ""mismo cierre""]","[""gritar"", ""preguntar demasiado"", ""demasiado ruido"", ""pantallas tarde""]",0.48,7,2026-05-31T21:00:00,2026-03-22T21:00:00,2026-05-31T21:00:00
9ad57ff1-9ffe-485f-a5a1-513f290ce9fa,f53a6c72-72a1-4e13-a11a-481eac48b348,d5b6971f-d9dc-483c-aa58-996616048b32,crisis_activa,"[""mismo cierre"", ""una sola indicación"", ""dar tiempo"", ""pausa breve""]","[""gritar"", ""corregir en el pico"", ""presión escolar""]",0.28,2,2026-05-31T15:13:00,2026-03-15T15:13:00,2026-05-31T15:13:00
9883ea25-cfff-48e7-8546-38018a9f7a4f,f53a6c72-72a1-4e13-a11a-481eac48b348,d5b6971f-d9dc-483c-aa58-996616048b32,sueno_regulacion,"[""validación"", ""bajar luces"", ""microacciones""]","[""demasiado ruido""]",0.24,1,2026-05-28T21:00:00,2026-04-25T21:00:00,2026-05-28T21:00:00
60f050f2-805e-4e55-bbe1-c202597debea,f53a6c72-72a1-4e13-a11a-481eac48b348,d5b6971f-d9dc-483c-aa58-996616048b32,apoyo_general,"[""anticipación""]","[""apurar demasiado"", ""demasiado ruido"", ""gritar""]",0.24,1,2026-05-26T21:00:00,2026-03-15T21:00:00,2026-05-26T21:00:00
ef9d2a75-532f-476e-a932-50498fbf349a,f53a6c72-72a1-4e13-a11a-481eac48b348,d5b6971f-d9dc-483c-aa58-996616048b32,transicion_rigidez,"[""bajar luces""]","[""forzar explicación"", ""demasiado ruido""]",0.24,1,2026-05-31T21:00:00,2026-05-11T21:00:00,2026-05-31T21:00:00
983a5996-309d-42ce-915b-5392e2f22195,e0dedb37-352a-4bd8-a2c3-19047ab4d2ea,d517a75f-8915-4308-9797-9e48666bc747,crisis_activa,"[""menos ruido"", ""dar tiempo"", ""una sola indicación"", ""microacciones""]","[""apurar demasiado"", ""preguntar demasiado"", ""presión escolar"", ""corregir en el pico""]",0.32,3,2026-05-30T21:00:00,2026-03-29T21:00:00,2026-05-30T21:00:00
408fdcc2-32a5-436d-9c8b-9794df15503a,e0dedb37-352a-4bd8-a2c3-19047ab4d2ea,d517a75f-8915-4308-9797-9e48666bc747,sobrecarga_sensorial,"[""una sola indicación"", ""validación"", ""anticipación"", ""dar tiempo""]","[""apurar demasiado"", ""demasiado ruido"", ""presión escolar"", ""pantallas tarde""]",0.4,5,2026-05-29T21:00:00,2026-04-08T21:00:00,2026-05-29T21:00:00
31259820-295c-4d02-b304-251f0178231c,e0dedb37-352a-4bd8-a2c3-19047ab4d2ea,d517a75f-8915-4308-9797-9e48666bc747,transicion_rigidez,"[""pausa breve"", ""validación"", ""anticipación"", ""menos palabras""]","[""muchas instrucciones"", ""pantallas tarde"", ""preguntar demasiado"", ""demasiado ruido""]",0.4,5,2026-05-29T21:00:00,2026-04-11T21:00:00,2026-05-29T21:00:00
e19effab-b828-4c1b-a571-a90ed8114423,e0dedb37-352a-4bd8-a2c3-19047ab4d2ea,d517a75f-8915-4308-9797-9e48666bc747,sueno_regulacion,"[""validación""]","[""cambio brusco"", ""demasiado ruido"", ""apurar demasiado"", ""presión escolar""]",0.28,2,2026-05-26T23:02:00,2026-04-16T23:02:00,2026-05-26T23:02:00
50acb9ed-1c39-45b9-b134-bacfd26bb626,e0dedb37-352a-4bd8-a2c3-19047ab4d2ea,d517a75f-8915-4308-9797-9e48666bc747,apoyo_general,"[""pausa breve"", ""anticipación"", ""una sola indicación"", ""mismo cierre""]","[""pantallas tarde"", ""apurar demasiado"", ""preguntar demasiado"", ""corregir en el pico""]",0.4,5,2026-05-31T21:00:00,2026-03-17T21:00:00,2026-05-31T21:00:00
50aa8e51-d8f7-4401-9723-83fbda4801de,e0dedb37-352a-4bd8-a2c3-19047ab4d2ea,d517a75f-8915-4308-9797-9e48666bc747,sobrecarga_cuidador,"[""menos palabras"", ""bajar luces""]","[""apurar demasiado"", ""corregir en el pico"", ""pantallas tarde"", ""demasiado ruido""]",0.28,2,2026-05-30T21:00:00,2026-04-02T21:00:00,2026-05-30T21:00:00
a9bb5434-13a5-4390-b47f-6fed95c72663,e0dedb37-352a-4bd8-a2c3-19047ab4d2ea,d517a75f-8915-4308-9797-9e48666bc747,disfuncion_ejecutiva,"[""dar tiempo""]","[""gritar"", ""demasiado ruido"", ""preguntar demasiado""]",0.24,1,2026-05-31T21:00:00,2026-04-28T21:00:00,2026-05-31T21:00:00
d637a6ea-8c4c-4de7-822f-86289396b4b3,78e2e23c-235a-4286-a712-59a54a77d42f,a5d4bc1d-ec18-4352-bbac-373f7e39e13d,sobrecarga_sensorial,"[""bajar luces"", ""dar tiempo"", ""microacciones"", ""mismo cierre""]","[""gritar"", ""presión escolar"", ""cambio brusco"", ""preguntar demasiado""]",0.36,4,2026-05-31T21:00:00,2026-05-07T21:00:00,2026-05-31T21:00:00
ace7ae5f-52f8-43fb-80f7-dab2df975a26,78e2e23c-235a-4286-a712-59a54a77d42f,a5d4bc1d-ec18-4352-bbac-373f7e39e13d,apoyo_general,"[""microacciones"", ""bajar luces"", ""pausa breve"", ""una sola indicación""]","[""forzar explicación"", ""gritar"", ""demasiado ruido"", ""corregir en el pico""]",0.32,3,2026-05-31T14:29:00,2026-04-24T14:29:00,2026-05-31T14:29:00
d39c50ca-50a4-4646-91f2-74077389eb2e,78e2e23c-235a-4286-a712-59a54a77d42f,a5d4bc1d-ec18-4352-bbac-373f7e39e13d,crisis_activa,"[""una sola indicación"", ""validación"", ""mismo cierre"", ""anticipación""]","[""pantallas tarde"", ""demasiado ruido"", ""presión escolar"", ""muchas instrucciones""]",0.44,6,2026-05-31T21:00:00,2026-04-19T21:00:00,2026-05-31T21:00:00
6010e58e-0b1f-4375-8952-a370e7aa0182,78e2e23c-235a-4286-a712-59a54a77d42f,a5d4bc1d-ec18-4352-bbac-373f7e39e13d,disfuncion_ejecutiva,"[""una sola indicación"", ""validación"", ""dar tiempo"", ""microacciones""]","[""presión escolar"", ""apurar demasiado"", ""preguntar demasiado"", ""muchas instrucciones""]",0.36,4,2026-05-31T21:00:00,2026-03-23T21:00:00,2026-05-31T21:00:00
fe884c9f-550a-4bf0-99cc-ea61b65215cb,78e2e23c-235a-4286-a712-59a54a77d42f,a5d4bc1d-ec18-4352-bbac-373f7e39e13d,sobrecarga_cuidador,"[""microacciones"", ""una sola indicación"", ""dar tiempo""]","[""gritar"", ""forzar explicación"", ""apurar demasiado"", ""corregir en el pico""]",0.32,3,2026-05-31T21:00:00,2026-03-29T21:00:00,2026-05-31T21:00:00
73fb9364-61a6-40cf-bb5c-7851390fb798,78e2e23c-235a-4286-a712-59a54a77d42f,a5d4bc1d-ec18-4352-bbac-373f7e39e13d,transicion_rigidez,"[""dar tiempo"", ""pausa breve"", ""anticipación"", ""validación""]","[""pantallas tarde"", ""corregir en el pico"", ""gritar"", ""presión escolar""]",0.32,3,2026-05-28T22:00:00,2026-04-29T22:00:00,2026-05-28T22:00:00
bbbde815-10bc-407c-8988-0fdef4de6832,fd5d7249-e2ab-4544-9865-b7c311367196,da11cd22-5d20-4eb5-8d19-b5153f6b9ba3,sobrecarga_sensorial,"[""una sola indicación"", ""menos ruido"", ""bajar luces"", ""pausa breve""]","[""pantallas tarde"", ""preguntar demasiado"", ""corregir en el pico"", ""cambio brusco""]",0.28,2,2026-05-28T21:00:00,2026-03-18T21:00:00,2026-05-28T21:00:00
dfcbeee0-a165-4500-bc96-4f261f643ec8,fd5d7249-e2ab-4544-9865-b7c311367196,da11cd22-5d20-4eb5-8d19-b5153f6b9ba3,apoyo_general,"[""microacciones"", ""anticipación"", ""mismo cierre"", ""menos ruido""]","[""pantallas tarde"", ""muchas instrucciones"", ""preguntar demasiado"", ""cambio brusco""]",0.6,10,2026-05-30T21:20:00,2026-04-27T21:20:00,2026-05-30T21:20:00
9ab1c611-d110-4f29-bce1-20f6a65c239e,fd5d7249-e2ab-4544-9865-b7c311367196,da11cd22-5d20-4eb5-8d19-b5153f6b9ba3,sueno_regulacion,"[""microacciones"", ""anticipación"", ""menos palabras"", ""validación""]","[""preguntar demasiado"", ""apurar demasiado"", ""demasiado ruido"", ""corregir en el pico""]",0.28,2,2026-03-23T03:03:00,2026-02-02T03:03:00,2026-03-23T03:03:00
67f7b7e9-7074-40be-b132-68e338ef40a0,fd5d7249-e2ab-4544-9865-b7c311367196,da11cd22-5d20-4eb5-8d19-b5153f6b9ba3,crisis_activa,"[""una sola indicación"", ""microacciones"", ""menos palabras"", ""validación""]","[""forzar explicación"", ""cambio brusco"", ""gritar"", ""presión escolar""]",0.28,2,2026-05-30T21:00:00,2026-04-01T21:00:00,2026-05-30T21:00:00
b0044487-0dcc-4280-98c7-ce344a026f8f,fd5d7249-e2ab-4544-9865-b7c311367196,da11cd22-5d20-4eb5-8d19-b5153f6b9ba3,disfuncion_ejecutiva,"[""bajar luces"", ""una sola indicación"", ""anticipación"", ""menos palabras""]","[""demasiado ruido"", ""forzar explicación"", ""apurar demasiado"", ""preguntar demasiado""]",0.28,2,2026-05-31T04:00:00,2026-04-15T04:00:00,2026-05-31T04:00:00
2094cb8f-f620-431d-bc6a-b61e799ee17d,fd5d7249-e2ab-4544-9865-b7c311367196,da11cd22-5d20-4eb5-8d19-b5153f6b9ba3,sobrecarga_cuidador,"[""menos palabras"", ""dar tiempo"", ""una sola indicación"", ""validación""]","[""presión escolar"", ""forzar explicación"", ""corregir en el pico"", ""apurar demasiado""]",0.32,3,2026-05-31T21:00:00,2026-05-01T21:00:00,2026-05-31T21:00:00
551abd3f-7ba1-4af2-9604-130926dcffd6,fd5d7249-e2ab-4544-9865-b7c311367196,da11cd22-5d20-4eb5-8d19-b5153f6b9ba3,transicion_rigidez,"[""bajar luces"", ""menos ruido"", ""pausa breve""]","[""preguntar demasiado"", ""muchas instrucciones"", ""forzar explicación"", ""gritar""]",0.28,2,2026-05-29T22:00:00,2026-04-18T22:00:00,2026-05-29T22:00:00
91bdee5f-ba2e-4e4c-a323-52c82de34525,390e94d0-786f-432a-8e38-da4fb07644c0,b9dc52d1-95e0-4264-9021-8ea5b9a28787,apoyo_general,"[""validación"", ""una sola indicación"", ""dar tiempo"", ""menos palabras""]","[""corregir en el pico"", ""cambio brusco"", ""pantallas tarde"", ""demasiado ruido""]",0.48,7,2026-05-29T22:00:00,2026-04-23T22:00:00,2026-05-29T22:00:00
14c02aa2-feff-4c15-9d4d-3332a5325024,390e94d0-786f-432a-8e38-da4fb07644c0,b9dc52d1-95e0-4264-9021-8ea5b9a28787,crisis_activa,"[""menos palabras"", ""pausa breve"", ""una sola indicación"", ""menos ruido""]","[""presión escolar"", ""apurar demasiado"", ""corregir en el pico"", ""gritar""]",0.32,3,2026-05-30T21:00:00,2026-03-28T21:00:00,2026-05-30T21:00:00
2d05a40a-7cb5-460d-b0a9-8224a1d29fa5,390e94d0-786f-432a-8e38-da4fb07644c0,b9dc52d1-95e0-4264-9021-8ea5b9a28787,sueno_regulacion,"[""microacciones"", ""una sola indicación"", ""dar tiempo"", ""validación""]","[""apurar demasiado"", ""demasiado ruido"", ""gritar"", ""muchas instrucciones""]",0.36,4,2026-05-30T21:00:00,2026-04-08T21:00:00,2026-05-30T21:00:00
ac9772b5-7a41-4ad3-b88c-dc45ad46e693,390e94d0-786f-432a-8e38-da4fb07644c0,b9dc52d1-95e0-4264-9021-8ea5b9a28787,sobrecarga_sensorial,"[""microacciones"", ""validación"", ""menos palabras"", ""bajar luces""]","[""gritar"", ""muchas instrucciones"", ""apurar demasiado"", ""cambio brusco""]",0.32,3,2026-05-27T21:00:00,2026-04-03T21:00:00,2026-05-27T21:00:00
278542b1-5639-4156-938e-8202f3d221c6,390e94d0-786f-432a-8e38-da4fb07644c0,b9dc52d1-95e0-4264-9021-8ea5b9a28787,transicion_rigidez,"[""dar tiempo"", ""anticipación"", ""menos palabras"", ""validación""]","[""forzar explicación"", ""preguntar demasiado"", ""muchas instrucciones""]",0.28,2,2026-05-31T02:00:00,2026-03-25T02:00:00,2026-05-31T02:00:00
dd82af63-a49b-4256-b7c3-ace7673bce24,390e94d0-786f-432a-8e38-da4fb07644c0,b9dc52d1-95e0-4264-9021-8ea5b9a28787,disfuncion_ejecutiva,"[""anticipación"", ""menos ruido"", ""una sola indicación"", ""menos palabras""]","[""forzar explicación"", ""pantallas tarde"", ""corregir en el pico"", ""preguntar demasiado""]",0.32,3,2026-05-30T21:00:00,2026-03-21T21:00:00,2026-05-30T21:00:00
3e422912-87c9-40c2-923f-57ac60706e27,390e94d0-786f-432a-8e38-da4fb07644c0,b9dc52d1-95e0-4264-9021-8ea5b9a28787,sobrecarga_cuidador,"[""una sola indicación"", ""microacciones"", ""pausa breve""]","[""gritar""]",0.24,1,2026-05-28T02:00:00,2026-03-21T02:00:00,2026-05-28T02:00:00
dbea5148-a8f4-4f23-b76b-d67ed942883c,15085b3d-a0b8-4ed7-bcbf-7f546373ca07,464050af-55d3-49a9-b028-3f5a84c591d3,crisis_activa,"[""anticipación"", ""menos palabras"", ""mismo cierre"", ""dar tiempo""]","[""cambio brusco"", ""presión escolar"", ""forzar explicación"", ""gritar""]",0.44,6,2026-05-31T02:00:00,2026-05-01T02:00:00,2026-05-31T02:00:00
27242789-a36c-48f2-b18b-9f3df3b33dba,15085b3d-a0b8-4ed7-bcbf-7f546373ca07,464050af-55d3-49a9-b028-3f5a84c591d3,sobrecarga_cuidador,"[""pausa breve"", ""validación""]","[""gritar"", ""preguntar demasiado"", ""cambio brusco"", ""presión escolar""]",0.36,4,2026-05-30T00:00:00,2026-03-28T00:00:00,2026-05-30T00:00:00
81f51997-0e39-4f6f-8586-b8ecd55016d4,15085b3d-a0b8-4ed7-bcbf-7f546373ca07,464050af-55d3-49a9-b028-3f5a84c591d3,transicion_rigidez,"[""validación"", ""menos ruido"", ""menos palabras"", ""anticipación""]","[""pantallas tarde"", ""presión escolar"", ""corregir en el pico"", ""preguntar demasiado""]",0.32,3,2026-05-28T21:00:00,2026-05-01T21:00:00,2026-05-28T21:00:00
bc52605c-f57f-4dc3-854d-390a44d279cd,15085b3d-a0b8-4ed7-bcbf-7f546373ca07,464050af-55d3-49a9-b028-3f5a84c591d3,apoyo_general,"[""validación"", ""microacciones"", ""dar tiempo"", ""anticipación""]","[""preguntar demasiado"", ""demasiado ruido"", ""presión escolar"", ""gritar""]",0.48,7,2026-05-31T21:00:00,2026-03-26T21:00:00,2026-05-31T21:00:00
7db019c7-3991-4b60-bb73-27855f278b08,15085b3d-a0b8-4ed7-bcbf-7f546373ca07,464050af-55d3-49a9-b028-3f5a84c591d3,sobrecarga_sensorial,"[""dar tiempo"", ""validación"", ""microacciones"", ""una sola indicación""]","[""forzar explicación"", ""demasiado ruido"", ""presión escolar"", ""pantallas tarde""]",0.28,2,2026-05-30T21:00:00,2026-03-13T21:00:00,2026-05-30T21:00:00
6497014a-293a-416a-acc8-96b02e3dd5c2,15085b3d-a0b8-4ed7-bcbf-7f546373ca07,464050af-55d3-49a9-b028-3f5a84c591d3,sueno_regulacion,"[""menos ruido"", ""una sola indicación"", ""anticipación""]","[""presión escolar"", ""pantallas tarde"", ""muchas instrucciones""]",0.24,1,2026-05-26T21:00:00,2026-03-07T21:00:00,2026-05-26T21:00:00
93cf549e-6565-453a-b414-3d7132072143,9dfa0590-8f77-4595-a67a-efaa62a82698,5dfc99a3-80e6-4b61-a0ae-70966903d650,sueno_regulacion,"[""una sola indicación"", ""dar tiempo"", ""microacciones"", ""menos palabras""]","[""muchas instrucciones"", ""forzar explicación"", ""preguntar demasiado"", ""corregir en el pico""]",0.32,3,2026-05-30T21:00:00,2026-03-20T21:00:00,2026-05-30T21:00:00
7372763f-b8c4-45d9-9e87-1673b41150ad,9dfa0590-8f77-4595-a67a-efaa62a82698,5dfc99a3-80e6-4b61-a0ae-70966903d650,crisis_activa,"[""microacciones"", ""anticipación"", ""menos palabras"", ""validación""]","[""demasiado ruido"", ""corregir en el pico"", ""apurar demasiado"", ""pantallas tarde""]",0.48,7,2026-05-31T21:00:00,2026-04-12T21:00:00,2026-05-31T21:00:00
c67903d0-9d5b-474d-995a-96bf9f592bbb,9dfa0590-8f77-4595-a67a-efaa62a82698,5dfc99a3-80e6-4b61-a0ae-70966903d650,sobrecarga_sensorial,"[""validación"", ""mismo cierre"", ""menos palabras"", ""microacciones""]","[""muchas instrucciones"", ""pantallas tarde"", ""forzar explicación"", ""presión escolar""]",0.32,3,2026-05-31T08:33:00,2026-05-07T08:33:00,2026-05-31T08:33:00
b4fb6ce3-46f1-4b1f-a3b8-96d78e152c72,9dfa0590-8f77-4595-a67a-efaa62a82698,5dfc99a3-80e6-4b61-a0ae-70966903d650,apoyo_general,"[""pausa breve"", ""anticipación"", ""menos palabras"", ""mismo cierre""]","[""muchas instrucciones"", ""preguntar demasiado"", ""forzar explicación"", ""gritar""]",0.4,5,2026-05-30T15:52:00,2026-03-30T15:52:00,2026-05-30T15:52:00
a9072d38-08f0-4192-a685-1e0573225897,9dfa0590-8f77-4595-a67a-efaa62a82698,5dfc99a3-80e6-4b61-a0ae-70966903d650,sobrecarga_cuidador,"[""mismo cierre"", ""bajar luces"", ""una sola indicación"", ""microacciones""]","[""demasiado ruido"", ""cambio brusco"", ""apurar demasiado"", ""pantallas tarde""]",0.36,4,2026-05-31T21:00:00,2026-05-05T21:00:00,2026-05-31T21:00:00
edd137d2-77d2-45c7-9d15-18bb7c2e1023,9dfa0590-8f77-4595-a67a-efaa62a82698,5dfc99a3-80e6-4b61-a0ae-70966903d650,disfuncion_ejecutiva,"[""anticipación"", ""menos ruido""]","[""muchas instrucciones""]",0.24,1,2026-05-30T21:00:00,2026-05-08T21:00:00,2026-05-30T21:00:00
44527586-3428-48d3-ab43-76691a9870a8,d2bcd533-edea-4306-ba3d-6cf5835a4f7e,54e5bb1a-9426-4fa6-a161-423b1cf66bf1,crisis_activa,"[""microacciones"", ""menos palabras"", ""bajar luces"", ""mismo cierre""]","[""cambio brusco"", ""muchas instrucciones"", ""corregir en el pico"", ""pantallas tarde""]",0.4,5,2026-05-30T22:00:00,2026-05-08T22:00:00,2026-05-30T22:00:00
5ebf2f3d-6878-4bad-823d-85aa754b61df,d2bcd533-edea-4306-ba3d-6cf5835a4f7e,54e5bb1a-9426-4fa6-a161-423b1cf66bf1,apoyo_general,"[""una sola indicación"", ""menos ruido"", ""mismo cierre"", ""dar tiempo""]","[""cambio brusco"", ""apurar demasiado"", ""presión escolar"", ""gritar""]",0.44,6,2026-05-31T08:00:00,2026-05-03T08:00:00,2026-05-31T08:00:00
dba27351-4a4c-4f5e-9c0f-155563f5b835,d2bcd533-edea-4306-ba3d-6cf5835a4f7e,54e5bb1a-9426-4fa6-a161-423b1cf66bf1,sobrecarga_cuidador,"[""bajar luces"", ""validación"", ""menos ruido"", ""pausa breve""]","[""gritar"", ""pantallas tarde"", ""forzar explicación"", ""apurar demasiado""]",0.36,4,2026-05-30T21:00:00,2026-03-16T21:00:00,2026-05-30T21:00:00
cf15de12-e58c-48bb-b7d5-47279abee039,d2bcd533-edea-4306-ba3d-6cf5835a4f7e,54e5bb1a-9426-4fa6-a161-423b1cf66bf1,transicion_rigidez,"[""una sola indicación"", ""anticipación"", ""menos ruido"", ""mismo cierre""]","[""corregir en el pico"", ""demasiado ruido"", ""pantallas tarde"", ""presión escolar""]",0.28,2,2026-05-31T21:00:00,2026-05-09T21:00:00,2026-05-31T21:00:00
0db1091e-402f-4eb4-9f67-b1f051140d24,d2bcd533-edea-4306-ba3d-6cf5835a4f7e,54e5bb1a-9426-4fa6-a161-423b1cf66bf1,disfuncion_ejecutiva,"[""microacciones"", ""bajar luces"", ""dar tiempo""]","[""cambio brusco"", ""forzar explicación"", ""muchas instrucciones"", ""pantallas tarde""]",0.32,3,2026-05-31T21:00:00,2026-03-31T21:00:00,2026-05-31T21:00:00
1dac3a8c-a9db-483d-9278-c69b9f188bcc,d2bcd533-edea-4306-ba3d-6cf5835a4f7e,54e5bb1a-9426-4fa6-a161-423b1cf66bf1,sueno_regulacion,"[""mismo cierre"", ""menos ruido"", ""una sola indicación"", ""dar tiempo""]","[""presión escolar"", ""apurar demasiado"", ""demasiado ruido"", ""muchas instrucciones""]",0.28,2,2026-05-31T21:00:00,2026-03-25T21:00:00,2026-05-31T21:00:00
b6de7827-baae-441c-b280-c464af60e65c,d2bcd533-edea-4306-ba3d-6cf5835a4f7e,54e5bb1a-9426-4fa6-a161-423b1cf66bf1,sobrecarga_sensorial,"[""anticipación""]","[""demasiado ruido"", ""presión escolar""]",0.24,1,2026-05-26T21:00:00,2026-04-10T21:00:00,2026-05-26T21:00:00
5cf5e21c-180a-486c-a36b-0b8f0d89a3a3,efbc102c-0f2d-49c3-ae6b-69ce4444c30f,0cc75037-fb2f-4633-a5e5-5d5e6ce4346f,sobrecarga_cuidador,"[""una sola indicación"", ""menos ruido"", ""pausa breve"", ""microacciones""]","[""pantallas tarde"", ""preguntar demasiado"", ""corregir en el pico"", ""gritar""]",0.52,8,2026-05-30T21:00:00,2026-03-18T21:00:00,2026-05-30T21:00:00
bd330893-c6ae-4aef-bf2a-2d94995c7967,efbc102c-0f2d-49c3-ae6b-69ce4444c30f,0cc75037-fb2f-4633-a5e5-5d5e6ce4346f,crisis_activa,"[""menos ruido"", ""bajar luces"", ""dar tiempo""]","[""presión escolar"", ""gritar"", ""forzar explicación"", ""preguntar demasiado""]",0.36,4,2026-05-31T21:00:00,2026-03-15T21:00:00,2026-05-31T21:00:00
c235d68f-e90f-44d3-917f-8f41b9d935fc,efbc102c-0f2d-49c3-ae6b-69ce4444c30f,0cc75037-fb2f-4633-a5e5-5d5e6ce4346f,transicion_rigidez,"[""validación"", ""bajar luces"", ""menos palabras"", ""anticipación""]","[""forzar explicación"", ""preguntar demasiado"", ""corregir en el pico""]",0.28,2,2026-05-28T21:00:00,2026-05-03T21:00:00,2026-05-28T21:00:00
10014287-b081-4760-9462-549f1b14032e,efbc102c-0f2d-49c3-ae6b-69ce4444c30f,0cc75037-fb2f-4633-a5e5-5d5e6ce4346f,sobrecarga_sensorial,"[""validación"", ""dar tiempo"", ""pausa breve"", ""una sola indicación""]","[""corregir en el pico"", ""pantallas tarde""]",0.28,2,2026-05-29T21:00:00,2026-04-01T21:00:00,2026-05-29T21:00:00
63edb211-e603-499f-9483-a13d9bacaacb,efbc102c-0f2d-49c3-ae6b-69ce4444c30f,0cc75037-fb2f-4633-a5e5-5d5e6ce4346f,disfuncion_ejecutiva,"[""validación"", ""microacciones"", ""menos ruido"", ""mismo cierre""]","[""muchas instrucciones"", ""demasiado ruido"", ""pantallas tarde"", ""presión escolar""]",0.32,3,2026-05-30T19:26:00,2026-05-08T19:26:00,2026-05-30T19:26:00
8df1f011-0c73-4ea9-bf43-34d2fc6990b0,efbc102c-0f2d-49c3-ae6b-69ce4444c30f,0cc75037-fb2f-4633-a5e5-5d5e6ce4346f,apoyo_general,"[""pausa breve"", ""mismo cierre"", ""menos ruido""]","[""muchas instrucciones"", ""presión escolar"", ""corregir en el pico"", ""preguntar demasiado""]",0.28,2,2026-05-31T03:00:00,2026-03-29T03:00:00,2026-05-31T03:00:00
a9b25b3f-b051-4b8f-9fc2-1a6d4bcedb03,efbc102c-0f2d-49c3-ae6b-69ce4444c30f,0cc75037-fb2f-4633-a5e5-5d5e6ce4346f,sueno_regulacion,"[""una sola indicación"", ""dar tiempo""]","[""presión escolar"", ""preguntar demasiado"", ""demasiado ruido""]",0.28,2,2026-05-30T23:00:00,2026-04-14T23:00:00,2026-05-30T23:00:00
bed2d18e-5874-42ff-86c8-9f485a3e6872,c9fee3cc-8300-42b3-84ff-eb4a37cc7ce5,796b4deb-f206-49d1-ad60-c5d98edb7ce4,sobrecarga_sensorial,"[""una sola indicación"", ""validación"", ""anticipación"", ""menos palabras""]","[""cambio brusco"", ""corregir en el pico"", ""gritar"", ""presión escolar""]",0.4,5,2026-05-31T21:00:00,2026-04-22T21:00:00,2026-05-31T21:00:00
467302ad-02c2-4c19-be8e-d5206933c627,c9fee3cc-8300-42b3-84ff-eb4a37cc7ce5,796b4deb-f206-49d1-ad60-c5d98edb7ce4,apoyo_general,"[""bajar luces"", ""mismo cierre"", ""menos palabras"", ""anticipación""]","[""corregir en el pico"", ""muchas instrucciones"", ""demasiado ruido"", ""cambio brusco""]",0.44,6,2026-05-31T21:00:00,2026-03-15T21:00:00,2026-05-31T21:00:00
e30613fa-cb86-4f55-aa21-3c49876c7dca,c9fee3cc-8300-42b3-84ff-eb4a37cc7ce5,796b4deb-f206-49d1-ad60-c5d98edb7ce4,crisis_activa,"[""validación"", ""dar tiempo"", ""menos palabras"", ""anticipación""]","[""muchas instrucciones"", ""pantallas tarde"", ""corregir en el pico"", ""forzar explicación""]",0.44,6,2026-05-31T10:35:00,2026-05-04T10:35:00,2026-05-31T10:35:00
1909419e-507d-4f3c-8974-0a30fe60b3bc,c9fee3cc-8300-42b3-84ff-eb4a37cc7ce5,796b4deb-f206-49d1-ad60-c5d98edb7ce4,sueno_regulacion,"[""mismo cierre"", ""validación"", ""menos palabras"", ""una sola indicación""]","[""corregir en el pico"", ""preguntar demasiado"", ""forzar explicación"", ""demasiado ruido""]",0.32,3,2026-05-30T21:00:00,2026-05-08T21:00:00,2026-05-30T21:00:00
c2cb7c99-3735-472a-8dcc-ed2427401bc8,c9fee3cc-8300-42b3-84ff-eb4a37cc7ce5,796b4deb-f206-49d1-ad60-c5d98edb7ce4,sobrecarga_cuidador,"[""menos ruido"", ""validación"", ""mismo cierre"", ""anticipación""]","[""cambio brusco"", ""pantallas tarde"", ""presión escolar"", ""muchas instrucciones""]",0.28,2,2026-05-27T21:00:00,2026-05-04T21:00:00,2026-05-27T21:00:00
137f0956-8bf4-4916-a16f-03714fa9282d,c9fee3cc-8300-42b3-84ff-eb4a37cc7ce5,796b4deb-f206-49d1-ad60-c5d98edb7ce4,disfuncion_ejecutiva,"[""una sola indicación""]","[""muchas instrucciones"", ""cambio brusco"", ""presión escolar""]",0.24,1,2026-05-29T23:00:00,2026-03-26T23:00:00,2026-05-29T23:00:00
72e56c5e-9398-4651-b537-20239d99fe57,f97643f4-3a3f-4774-87ea-28014bda78e9,ac1a686c-5e3f-4b29-8eb5-492e9fb5fde0,crisis_activa,"[""anticipación"", ""dar tiempo"", ""mismo cierre"", ""validación""]","[""demasiado ruido"", ""muchas instrucciones"", ""corregir en el pico""]",0.32,3,2026-05-30T21:00:00,2026-03-28T21:00:00,2026-05-30T21:00:00
02957fea-1887-4e87-aa6d-323bf91503a8,f97643f4-3a3f-4774-87ea-28014bda78e9,ac1a686c-5e3f-4b29-8eb5-492e9fb5fde0,sueno_regulacion,"[""menos ruido"", ""anticipación"", ""mismo cierre"", ""una sola indicación""]","[""corregir en el pico"", ""gritar"", ""preguntar demasiado"", ""forzar explicación""]",0.32,3,2026-05-30T21:00:00,2026-03-21T21:00:00,2026-05-30T21:00:00
ec8e644f-848d-4fef-ae89-259dc9af7dfe,f97643f4-3a3f-4774-87ea-28014bda78e9,ac1a686c-5e3f-4b29-8eb5-492e9fb5fde0,apoyo_general,"[""anticipación"", ""una sola indicación"", ""bajar luces"", ""menos ruido""]","[""apurar demasiado"", ""cambio brusco"", ""gritar"", ""corregir en el pico""]",0.44,6,2026-05-29T21:00:00,2026-04-20T21:00:00,2026-05-29T21:00:00
8070a1d6-fb33-453e-bb74-79a4a3c328ae,f97643f4-3a3f-4774-87ea-28014bda78e9,ac1a686c-5e3f-4b29-8eb5-492e9fb5fde0,sobrecarga_cuidador,"[""bajar luces"", ""dar tiempo"", ""menos ruido"", ""anticipación""]","[""demasiado ruido"", ""pantallas tarde"", ""muchas instrucciones""]",0.28,2,2026-05-27T21:00:00,2026-04-06T21:00:00,2026-05-27T21:00:00
4788b58c-0f03-48bb-ab02-331de235d3c3,f97643f4-3a3f-4774-87ea-28014bda78e9,ac1a686c-5e3f-4b29-8eb5-492e9fb5fde0,sobrecarga_sensorial,"[""dar tiempo"", ""menos ruido"", ""microacciones"", ""una sola indicación""]","[""apurar demasiado"", ""muchas instrucciones"", ""forzar explicación"", ""presión escolar""]",0.32,3,2026-05-29T21:00:00,2026-04-29T21:00:00,2026-05-29T21:00:00
86992968-d7a4-4731-a526-aa88175909ee,f97643f4-3a3f-4774-87ea-28014bda78e9,ac1a686c-5e3f-4b29-8eb5-492e9fb5fde0,transicion_rigidez,"[""mismo cierre"", ""microacciones"", ""bajar luces""]","[""presión escolar"", ""demasiado ruido""]",0.28,2,2026-05-31T21:00:00,2026-04-05T21:00:00,2026-05-31T21:00:00
933cba45-7781-42f1-b9b5-590746c9852e,f97643f4-3a3f-4774-87ea-28014bda78e9,ac1a686c-5e3f-4b29-8eb5-492e9fb5fde0,disfuncion_ejecutiva,"[""mismo cierre"", ""menos ruido"", ""bajar luces"", ""microacciones""]","[""apurar demasiado"", ""muchas instrucciones"", ""corregir en el pico"", ""presión escolar""]",0.36,4,2026-05-31T21:00:00,2026-03-14T21:00:00,2026-05-31T21:00:00
f7ea3a95-65d4-4ef2-9068-c14faed2532a,b19bd1c5-5cff-4d50-9357-6e6c46d2b366,9c77c4ff-098e-4855-b2a5-d7df93b939b4,disfuncion_ejecutiva,"[""microacciones"", ""menos ruido"", ""mismo cierre"", ""validación""]","[""demasiado ruido"", ""presión escolar"", ""gritar""]",0.32,3,2026-05-29T21:00:00,2026-03-18T21:00:00,2026-05-29T21:00:00
c980afa6-2e3b-4acc-9dd8-acc1ffac5061,b19bd1c5-5cff-4d50-9357-6e6c46d2b366,9c77c4ff-098e-4855-b2a5-d7df93b939b4,transicion_rigidez,"[""microacciones"", ""una sola indicación"", ""mismo cierre"", ""menos palabras""]","[""cambio brusco"", ""preguntar demasiado"", ""pantallas tarde"", ""gritar""]",0.36,4,2026-05-30T21:00:00,2026-05-06T21:00:00,2026-05-30T21:00:00
2b2b6efc-746e-4706-be5d-9723a8562ed7,b19bd1c5-5cff-4d50-9357-6e6c46d2b366,9c77c4ff-098e-4855-b2a5-d7df93b939b4,crisis_activa,"[""una sola indicación"", ""bajar luces"", ""validación"", ""microacciones""]","[""pantallas tarde"", ""presión escolar"", ""corregir en el pico"", ""apurar demasiado""]",0.4,5,2026-05-31T01:00:00,2026-05-05T01:00:00,2026-05-31T01:00:00
ed07d81f-9dca-45b9-8e76-6e51c9e95543,b19bd1c5-5cff-4d50-9357-6e6c46d2b366,9c77c4ff-098e-4855-b2a5-d7df93b939b4,sobrecarga_sensorial,"[""validación"", ""anticipación"", ""bajar luces""]","[""corregir en el pico"", ""muchas instrucciones""]",0.24,1,2026-05-30T21:00:00,2026-03-23T21:00:00,2026-05-30T21:00:00
2a8d40e3-9da2-44f7-9eb4-a5f8368c0fef,b19bd1c5-5cff-4d50-9357-6e6c46d2b366,9c77c4ff-098e-4855-b2a5-d7df93b939b4,sobrecarga_cuidador,"[""una sola indicación"", ""menos ruido""]","[""presión escolar"", ""gritar"", ""demasiado ruido""]",0.28,2,2026-05-28T21:00:00,2026-03-27T21:00:00,2026-05-28T21:00:00
0931b0e9-6a00-4dd3-bc27-e88e40660673,b19bd1c5-5cff-4d50-9357-6e6c46d2b366,9c77c4ff-098e-4855-b2a5-d7df93b939b4,apoyo_general,"[""anticipación"", ""microacciones"", ""pausa breve"", ""una sola indicación""]","[""cambio brusco"", ""preguntar demasiado"", ""corregir en el pico"", ""demasiado ruido""]",0.4,5,2026-05-30T21:00:00,2026-04-17T21:00:00,2026-05-30T21:00:00
79b4c747-5341-4edc-bbc7-a5490cf70b36,b19bd1c5-5cff-4d50-9357-6e6c46d2b366,9c77c4ff-098e-4855-b2a5-d7df93b939b4,sueno_regulacion,"[""microacciones"", ""mismo cierre"", ""anticipación"", ""pausa breve""]","[""gritar"", ""presión escolar"", ""apurar demasiado"", ""preguntar demasiado""]",0.32,3,2026-05-28T21:00:00,2026-05-07T21:00:00,2026-05-28T21:00:00
b3e3a8df-73ea-4619-a7ae-03a5c5a6e7c7,462fdfa5-0fca-405a-b531-f3218704b4b2,b02a0a57-eb17-40ba-814f-34255899243a,sueno_regulacion,"[""anticipación"", ""dar tiempo"", ""menos ruido""]","[""apurar demasiado"", ""gritar"", ""demasiado ruido"", ""corregir en el pico""]",0.32,3,2026-05-27T21:00:00,2026-04-21T21:00:00,2026-05-27T21:00:00
803f1bde-7002-424f-816a-5df325bc8e82,462fdfa5-0fca-405a-b531-f3218704b4b2,b02a0a57-eb17-40ba-814f-34255899243a,transicion_rigidez,"[""pausa breve"", ""dar tiempo"", ""mismo cierre""]","[""preguntar demasiado"", ""cambio brusco""]",0.28,2,2026-05-31T21:00:00,2026-03-25T21:00:00,2026-05-31T21:00:00
fbed7a9d-c25a-455e-b8be-70ee2b48212f,462fdfa5-0fca-405a-b531-f3218704b4b2,b02a0a57-eb17-40ba-814f-34255899243a,disfuncion_ejecutiva,"[""validación"", ""dar tiempo"", ""bajar luces"", ""anticipación""]","[""forzar explicación"", ""cambio brusco"", ""preguntar demasiado"", ""corregir en el pico""]",0.4,5,2026-05-31T21:00:00,2026-04-09T21:00:00,2026-05-31T21:00:00
3c76b89f-5658-4191-a3f1-33efeb7468a6,462fdfa5-0fca-405a-b531-f3218704b4b2,b02a0a57-eb17-40ba-814f-34255899243a,apoyo_general,"[""bajar luces"", ""menos palabras"", ""menos ruido"", ""pausa breve""]","[""muchas instrucciones"", ""forzar explicación"", ""gritar"", ""cambio brusco""]",0.4,5,2026-05-31T02:00:00,2026-05-03T02:00:00,2026-05-31T02:00:00
9f83f75a-2f38-485d-9fa6-c5d76000f869,462fdfa5-0fca-405a-b531-f3218704b4b2,b02a0a57-eb17-40ba-814f-34255899243a,sobrecarga_sensorial,"[""dar tiempo"", ""anticipación""]","[""presión escolar"", ""demasiado ruido""]",0.24,1,2026-05-31T21:00:00,2026-04-02T21:00:00,2026-05-31T21:00:00
7564b7f4-00ca-49be-a639-8c4d68c98627,462fdfa5-0fca-405a-b531-f3218704b4b2,b02a0a57-eb17-40ba-814f-34255899243a,crisis_activa,"[""menos ruido"", ""validación"", ""bajar luces"", ""mismo cierre""]","[""corregir en el pico"", ""demasiado ruido"", ""gritar""]",0.32,3,2026-05-30T21:00:00,2026-03-17T21:00:00,2026-05-30T21:00:00
719ef57f-89b0-43da-b0f0-e5b8c1f7c7a3,462fdfa5-0fca-405a-b531-f3218704b4b2,b02a0a57-eb17-40ba-814f-34255899243a,sobrecarga_cuidador,"[""mismo cierre"", ""bajar luces"", ""una sola indicación"", ""validación""]","[""forzar explicación"", ""gritar"", ""apurar demasiado"", ""muchas instrucciones""]",0.36,4,2026-05-31T21:00:00,2026-04-17T21:00:00,2026-05-31T21:00:00
4f010c1f-2b9d-4697-b04a-6e63052b3a69,244cf02a-6a9f-4e51-8fd0-39996e6c74aa,17c2e9a7-db55-4986-a5a7-18c718d4a083,sobrecarga_sensorial,"[""menos ruido"", ""validación"", ""pausa breve"", ""bajar luces""]","[""presión escolar"", ""demasiado ruido"", ""cambio brusco"", ""pantallas tarde""]",0.4,5,2026-05-30T21:00:00,2026-05-10T21:00:00,2026-05-30T21:00:00
b99e0056-f19b-47c7-bd34-03aff033798c,244cf02a-6a9f-4e51-8fd0-39996e6c74aa,17c2e9a7-db55-4986-a5a7-18c718d4a083,apoyo_general,"[""validación"", ""menos ruido"", ""mismo cierre"", ""una sola indicación""]","[""apurar demasiado"", ""forzar explicación"", ""preguntar demasiado"", ""pantallas tarde""]",0.44,6,2026-05-30T21:00:00,2026-04-12T21:00:00,2026-05-30T21:00:00
57a0c6d6-625c-4a8c-a73e-8bdb24d955bb,244cf02a-6a9f-4e51-8fd0-39996e6c74aa,17c2e9a7-db55-4986-a5a7-18c718d4a083,sobrecarga_cuidador,"[""menos palabras"", ""bajar luces"", ""microacciones"", ""anticipación""]","[""apurar demasiado"", ""pantallas tarde"", ""muchas instrucciones"", ""demasiado ruido""]",0.44,6,2026-05-31T03:00:00,2026-03-27T03:00:00,2026-05-31T03:00:00
620f5a3e-7795-48e2-bb3f-99b24ce2444e,244cf02a-6a9f-4e51-8fd0-39996e6c74aa,17c2e9a7-db55-4986-a5a7-18c718d4a083,crisis_activa,"[""pausa breve"", ""anticipación"", ""microacciones""]","[""preguntar demasiado"", ""forzar explicación"", ""gritar"", ""muchas instrucciones""]",0.32,3,2026-05-30T02:00:00,2026-04-13T02:00:00,2026-05-30T02:00:00
51766c9a-3a86-4361-944b-c361ca12e21e,244cf02a-6a9f-4e51-8fd0-39996e6c74aa,17c2e9a7-db55-4986-a5a7-18c718d4a083,disfuncion_ejecutiva,"[""pausa breve"", ""dar tiempo""]","[""presión escolar"", ""pantallas tarde"", ""demasiado ruido"", ""preguntar demasiado""]",0.28,2,2026-05-31T03:00:00,2026-04-24T03:00:00,2026-05-31T03:00:00
1f0de43e-0265-4e43-8b0b-8958863ce57b,244cf02a-6a9f-4e51-8fd0-39996e6c74aa,17c2e9a7-db55-4986-a5a7-18c718d4a083,transicion_rigidez,"[""menos palabras"", ""microacciones""]","[""corregir en el pico"", ""cambio brusco"", ""apurar demasiado""]",0.24,1,2026-05-31T01:00:00,2026-03-25T01:00:00,2026-05-31T01:00:00
855e306b-eb21-4b29-88bf-61738c8977fb,d6a9a228-4332-4e6b-94f9-7ac3b478f992,ffe4c2a2-d058-42b8-a494-9b1f62fcd14b,sueno_regulacion,"[""dar tiempo"", ""una sola indicación"", ""menos ruido"", ""microacciones""]","[""apurar demasiado"", ""demasiado ruido"", ""muchas instrucciones"", ""presión escolar""]",0.32,3,2026-05-30T21:00:00,2026-03-13T21:00:00,2026-05-30T21:00:00
05f69c50-33f0-41fe-aa77-c6cf9efb0c46,d6a9a228-4332-4e6b-94f9-7ac3b478f992,ffe4c2a2-d058-42b8-a494-9b1f62fcd14b,apoyo_general,"[""anticipación"", ""dar tiempo"", ""menos ruido"", ""pausa breve""]","[""preguntar demasiado"", ""muchas instrucciones""]",0.32,3,2026-05-30T21:00:00,2026-03-23T21:00:00,2026-05-30T21:00:00
5779e998-c2ac-4d01-8f6b-a211cf4632f8,d6a9a228-4332-4e6b-94f9-7ac3b478f992,ffe4c2a2-d058-42b8-a494-9b1f62fcd14b,disfuncion_ejecutiva,"[""bajar luces"", ""dar tiempo"", ""menos ruido"", ""una sola indicación""]","[""muchas instrucciones"", ""cambio brusco"", ""demasiado ruido"", ""preguntar demasiado""]",0.4,5,2026-05-31T21:00:00,2026-04-14T21:00:00,2026-05-31T21:00:00
4610d263-7399-4445-9a24-bb647140006f,d6a9a228-4332-4e6b-94f9-7ac3b478f992,ffe4c2a2-d058-42b8-a494-9b1f62fcd14b,sobrecarga_cuidador,"[""menos ruido"", ""menos palabras"", ""bajar luces"", ""pausa breve""]","[""presión escolar"", ""forzar explicación"", ""corregir en el pico"", ""gritar""]",0.36,4,2026-05-31T20:57:00,2026-04-30T20:57:00,2026-05-31T20:57:00
f239eddc-ae7c-4a19-be3a-c59bcaaf9092,d6a9a228-4332-4e6b-94f9-7ac3b478f992,ffe4c2a2-d058-42b8-a494-9b1f62fcd14b,sobrecarga_sensorial,"[""mismo cierre"", ""microacciones"", ""dar tiempo""]","[""gritar"", ""cambio brusco"", ""demasiado ruido""]",0.28,2,2026-05-31T21:00:00,2026-04-24T21:00:00,2026-05-31T21:00:00
15e16872-0dc7-40a9-b709-ddf5f82e7b8d,d6a9a228-4332-4e6b-94f9-7ac3b478f992,ffe4c2a2-d058-42b8-a494-9b1f62fcd14b,crisis_activa,"[""anticipación"", ""una sola indicación"", ""dar tiempo"", ""menos palabras""]","[""cambio brusco"", ""muchas instrucciones"", ""apurar demasiado"", ""demasiado ruido""]",0.36,4,2026-05-30T21:00:00,2026-05-07T21:00:00,2026-05-30T21:00:00
942e5509-d3b7-48c8-8350-3377addd5976,d6a9a228-4332-4e6b-94f9-7ac3b478f992,ffe4c2a2-d058-42b8-a494-9b1f62fcd14b,transicion_rigidez,"[""mismo cierre"", ""una sola indicación""]","[""muchas instrucciones"", ""gritar"", ""cambio brusco""]",0.28,2,2026-05-30T21:00:00,2026-05-05T21:00:00,2026-05-30T21:00:00
add25a04-884e-40c2-9e2f-98572b57e793,8b6bb981-4061-4c42-a459-18ac98fd8daa,1a184708-9882-42ea-8bf0-5f32d649c7fe,crisis_activa,"[""bajar luces"", ""menos ruido"", ""menos palabras"", ""mismo cierre""]","[""apurar demasiado"", ""preguntar demasiado"", ""muchas instrucciones"", ""forzar explicación""]",0.4,5,2026-05-28T22:00:00,2026-03-29T22:00:00,2026-05-28T22:00:00
57873cba-ed5b-4899-a2f5-d8fb8719f882,8b6bb981-4061-4c42-a459-18ac98fd8daa,1a184708-9882-42ea-8bf0-5f32d649c7fe,sobrecarga_cuidador,"[""dar tiempo"", ""menos ruido"", ""bajar luces"", ""pausa breve""]","[""muchas instrucciones"", ""demasiado ruido"", ""corregir en el pico"", ""gritar""]",0.36,4,2026-05-31T03:00:00,2026-05-06T03:00:00,2026-05-31T03:00:00
502aec36-5033-41bc-a53c-b9a83fa67bc6,8b6bb981-4061-4c42-a459-18ac98fd8daa,1a184708-9882-42ea-8bf0-5f32d649c7fe,transicion_rigidez,"[""anticipación"", ""menos ruido"", ""pausa breve""]","[""preguntar demasiado""]",0.24,1,2026-04-30T00:56:00,2026-03-19T00:56:00,2026-04-30T00:56:00
d7d66d26-0c6f-4ff8-a343-63d975f298fa,8b6bb981-4061-4c42-a459-18ac98fd8daa,1a184708-9882-42ea-8bf0-5f32d649c7fe,apoyo_general,"[""dar tiempo"", ""menos palabras"", ""mismo cierre"", ""validación""]","[""preguntar demasiado"", ""pantallas tarde"", ""cambio brusco"", ""forzar explicación""]",0.44,6,2026-05-31T21:00:00,2026-04-23T21:00:00,2026-05-31T21:00:00
2ac440e9-63a6-4ee0-98fe-1aad0dd6d9e1,8b6bb981-4061-4c42-a459-18ac98fd8daa,1a184708-9882-42ea-8bf0-5f32d649c7fe,disfuncion_ejecutiva,"[""microacciones"", ""bajar luces"", ""una sola indicación""]","[""preguntar demasiado"", ""pantallas tarde"", ""gritar"", ""demasiado ruido""]",0.36,4,2026-05-31T21:00:00,2026-03-27T21:00:00,2026-05-31T21:00:00
01ed204c-56eb-4b50-94c8-d875d78d73e2,8b6bb981-4061-4c42-a459-18ac98fd8daa,1a184708-9882-42ea-8bf0-5f32d649c7fe,sueno_regulacion,"[""menos ruido"", ""bajar luces"", ""anticipación""]","[""preguntar demasiado""]",0.24,1,2026-05-27T17:17:00,2026-03-08T17:17:00,2026-05-27T17:17:00
274fcac4-9591-4720-8fbf-52fa9a5fbf7f,8b6bb981-4061-4c42-a459-18ac98fd8daa,1a184708-9882-42ea-8bf0-5f32d649c7fe,sobrecarga_sensorial,"[""menos palabras"", ""anticipación"", ""bajar luces""]","[""corregir en el pico"", ""cambio brusco"", ""apurar demasiado"", ""demasiado ruido""]",0.28,2,2026-05-31T21:00:00,2026-03-14T21:00:00,2026-05-31T21:00:00
4954d20b-2a35-49fa-ae8d-66083d2e6877,ac8136db-8080-4ad0-9778-dd42c8928287,81caba91-e515-4a18-8381-4f5159680a22,apoyo_general,"[""anticipación"", ""menos ruido"", ""microacciones"", ""validación""]","[""presión escolar"", ""apurar demasiado"", ""preguntar demasiado"", ""gritar""]",0.44,6,2026-05-31T21:00:00,2026-03-28T21:00:00,2026-05-31T21:00:00
c7418e97-e9d2-46a9-b004-cb1a1d3f3687,ac8136db-8080-4ad0-9778-dd42c8928287,81caba91-e515-4a18-8381-4f5159680a22,crisis_activa,"[""dar tiempo""]","[""presión escolar"", ""gritar"", ""apurar demasiado"", ""corregir en el pico""]",0.28,2,2026-04-22T21:22:00,2026-03-19T21:22:00,2026-04-22T21:22:00
67b88cee-85d2-4cf6-b842-c1c24d347adf,ac8136db-8080-4ad0-9778-dd42c8928287,81caba91-e515-4a18-8381-4f5159680a22,transicion_rigidez,"[""dar tiempo"", ""anticipación""]","[""cambio brusco"", ""gritar"", ""corregir en el pico"", ""pantallas tarde""]",0.36,4,2026-05-31T21:00:00,2026-04-08T21:00:00,2026-05-31T21:00:00
181f30cc-b954-4d43-b389-306c4d1dcd17,ac8136db-8080-4ad0-9778-dd42c8928287,81caba91-e515-4a18-8381-4f5159680a22,sueno_regulacion,"[""mismo cierre"", ""dar tiempo"", ""microacciones"", ""menos ruido""]","[""gritar"", ""demasiado ruido"", ""presión escolar"", ""apurar demasiado""]",0.36,4,2026-05-30T21:00:00,2026-03-16T21:00:00,2026-05-30T21:00:00
905881d5-c9da-49bc-b33f-1d8fd9376740,ac8136db-8080-4ad0-9778-dd42c8928287,81caba91-e515-4a18-8381-4f5159680a22,sobrecarga_sensorial,"[""menos ruido"", ""anticipación""]","[""apurar demasiado"", ""forzar explicación"", ""presión escolar"", ""muchas instrucciones""]",0.32,3,2026-05-28T21:00:00,2026-03-27T21:00:00,2026-05-28T21:00:00
88f2cc05-b0f9-4402-9a10-71cb46ace499,ac8136db-8080-4ad0-9778-dd42c8928287,81caba91-e515-4a18-8381-4f5159680a22,sobrecarga_cuidador,"[""anticipación"", ""una sola indicación"", ""menos ruido"", ""validación""]","[""presión escolar"", ""apurar demasiado"", ""corregir en el pico"", ""forzar explicación""]",0.32,3,2026-05-30T22:00:00,2026-05-05T22:00:00,2026-05-30T22:00:00
f8568af3-d87e-4ad6-a680-cf21f1c99c3e,ac8136db-8080-4ad0-9778-dd42c8928287,81caba91-e515-4a18-8381-4f5159680a22,disfuncion_ejecutiva,"[""menos palabras"", ""bajar luces"", ""una sola indicación""]","[""demasiado ruido"", ""preguntar demasiado"", ""pantallas tarde""]",0.24,1,2026-05-30T03:00:00,2026-04-07T03:00:00,2026-05-30T03:00:00
ce0aa254-de09-4e50-af6b-d138a3f27912,d237e2ed-efc4-46b6-9b11-086add8aead9,f447bb5b-8866-4316-8e24-f47bbd6412e3,disfuncion_ejecutiva,"[""pausa breve"", ""una sola indicación"", ""menos ruido"", ""bajar luces""]","[""pantallas tarde"", ""presión escolar"", ""muchas instrucciones"", ""gritar""]",0.48,7,2026-05-30T23:00:00,2026-04-03T23:00:00,2026-05-30T23:00:00
e3a4a9b6-c9ce-4feb-a40b-5e5d45f1142f,d237e2ed-efc4-46b6-9b11-086add8aead9,f447bb5b-8866-4316-8e24-f47bbd6412e3,sobrecarga_cuidador,"[""dar tiempo"", ""anticipación"", ""microacciones"", ""menos palabras""]","[""preguntar demasiado"", ""apurar demasiado"", ""forzar explicación"", ""demasiado ruido""]",0.32,3,2026-05-31T09:57:00,2026-05-02T09:57:00,2026-05-31T09:57:00
b455ad7e-7977-4d56-9137-58d6382c4d1f,d237e2ed-efc4-46b6-9b11-086add8aead9,f447bb5b-8866-4316-8e24-f47bbd6412e3,sobrecarga_sensorial,"[""validación"", ""pausa breve"", ""una sola indicación"", ""dar tiempo""]","[""demasiado ruido"", ""gritar"", ""forzar explicación"", ""presión escolar""]",0.32,3,2026-05-28T21:00:00,2026-03-17T21:00:00,2026-05-28T21:00:00
670d09c6-c67c-42d3-8c5e-5cc3aedfa078,d237e2ed-efc4-46b6-9b11-086add8aead9,f447bb5b-8866-4316-8e24-f47bbd6412e3,apoyo_general,"[""una sola indicación"", ""microacciones"", ""menos palabras"", ""mismo cierre""]","[""pantallas tarde"", ""corregir en el pico"", ""forzar explicación"", ""preguntar demasiado""]",0.36,4,2026-05-31T21:00:00,2026-04-14T21:00:00,2026-05-31T21:00:00
553523ed-1473-477a-8793-37f6cf5f6d7d,d237e2ed-efc4-46b6-9b11-086add8aead9,f447bb5b-8866-4316-8e24-f47bbd6412e3,crisis_activa,"[""validación"", ""microacciones"", ""menos palabras"", ""anticipación""]","[""corregir en el pico"", ""demasiado ruido"", ""forzar explicación"", ""preguntar demasiado""]",0.32,3,2026-05-31T01:00:00,2026-03-23T01:00:00,2026-05-31T01:00:00
7d7a0135-4f2e-46e8-8f6e-5c6e48e10dd9,d237e2ed-efc4-46b6-9b11-086add8aead9,f447bb5b-8866-4316-8e24-f47bbd6412e3,sueno_regulacion,"[""pausa breve"", ""una sola indicación"", ""menos ruido""]","[""apurar demasiado"", ""forzar explicación"", ""corregir en el pico"", ""cambio brusco""]",0.32,3,2026-05-31T21:00:00,2026-04-19T21:00:00,2026-05-31T21:00:00
52dfb5eb-0594-4d20-88e9-e2b654b7090f,37194d96-5178-465a-a5a5-e41a8510add7,6a60a771-9c92-4f4b-b983-5d608677729d,crisis_activa,"[""menos palabras"", ""una sola indicación"", ""microacciones"", ""dar tiempo""]","[""demasiado ruido"", ""gritar"", ""muchas instrucciones"", ""cambio brusco""]",0.52,8,2026-05-31T21:00:00,2026-04-10T21:00:00,2026-05-31T21:00:00
cfa01425-ef58-4b3b-ad80-ae27b059a715,37194d96-5178-465a-a5a5-e41a8510add7,6a60a771-9c92-4f4b-b983-5d608677729d,sobrecarga_sensorial,"[""una sola indicación"", ""microacciones""]","[""apurar demasiado"", ""pantallas tarde"", ""muchas instrucciones"", ""corregir en el pico""]",0.28,2,2026-05-29T21:00:00,2026-04-23T21:00:00,2026-05-29T21:00:00
2def9cf2-7712-4e55-bb63-a12e8e3e1b86,37194d96-5178-465a-a5a5-e41a8510add7,6a60a771-9c92-4f4b-b983-5d608677729d,transicion_rigidez,"[""pausa breve"", ""bajar luces""]","[""preguntar demasiado"", ""pantallas tarde""]",0.24,1,2026-05-20T13:46:00,2026-04-08T13:46:00,2026-05-20T13:46:00
88a46ddd-8ca6-4d5f-a5ea-5cc0def8dd8a,37194d96-5178-465a-a5a5-e41a8510add7,6a60a771-9c92-4f4b-b983-5d608677729d,apoyo_general,"[""menos palabras"", ""pausa breve"", ""una sola indicación"", ""validación""]","[""forzar explicación"", ""presión escolar"", ""gritar"", ""demasiado ruido""]",0.44,6,2026-05-30T23:00:00,2026-04-24T23:00:00,2026-05-30T23:00:00
68532e16-bd64-4b76-8c73-0788f5f9ba0b,37194d96-5178-465a-a5a5-e41a8510add7,6a60a771-9c92-4f4b-b983-5d608677729d,sobrecarga_cuidador,"[""pausa breve"", ""microacciones"", ""menos ruido"", ""mismo cierre""]","[""demasiado ruido"", ""muchas instrucciones"", ""forzar explicación"", ""corregir en el pico""]",0.32,3,2026-05-31T21:00:00,2026-04-10T21:00:00,2026-05-31T21:00:00
79065906-71dd-4a37-a26d-255965cd961e,37194d96-5178-465a-a5a5-e41a8510add7,6a60a771-9c92-4f4b-b983-5d608677729d,sueno_regulacion,"[""validación""]","[""cambio brusco"", ""apurar demasiado""]",0.24,1,2026-05-30T21:00:00,2026-03-24T21:00:00,2026-05-30T21:00:00
e43743fd-5cd6-4994-be75-1205209ab67b,37194d96-5178-465a-a5a5-e41a8510add7,6a60a771-9c92-4f4b-b983-5d608677729d,disfuncion_ejecutiva,"[""bajar luces"", ""una sola indicación"", ""menos ruido""]","[""muchas instrucciones"", ""forzar explicación"", ""cambio brusco"", ""presión escolar""]",0.28,2,2026-05-28T21:00:00,2026-04-09T21:00:00,2026-05-28T21:00:00
3e25a9f6-d02d-452d-878e-ba2435b1b27a,4aea8578-f11f-4cda-befa-c49409b9e347,531cf2cb-7ee1-48e4-9f79-fbebdcc77f1c,sobrecarga_cuidador,"[""menos ruido"", ""una sola indicación"", ""anticipación"", ""bajar luces""]","[""demasiado ruido"", ""corregir en el pico"", ""muchas instrucciones""]",0.44,6,2026-05-30T21:00:00,2026-03-15T21:00:00,2026-05-30T21:00:00
b8b87d3a-4639-43f1-b58f-e616f17f2252,4aea8578-f11f-4cda-befa-c49409b9e347,531cf2cb-7ee1-48e4-9f79-fbebdcc77f1c,sueno_regulacion,"[""bajar luces"", ""mismo cierre"", ""anticipación"", ""validación""]","[""muchas instrucciones"", ""corregir en el pico"", ""apurar demasiado""]",0.36,4,2026-05-24T03:27:00,2026-04-03T03:27:00,2026-05-24T03:27:00
9d6e6e12-a57d-4924-8aa2-30054dd43a7c,4aea8578-f11f-4cda-befa-c49409b9e347,531cf2cb-7ee1-48e4-9f79-fbebdcc77f1c,apoyo_general,"[""microacciones"", ""una sola indicación"", ""anticipación"", ""dar tiempo""]","[""forzar explicación"", ""corregir en el pico"", ""pantallas tarde"", ""muchas instrucciones""]",0.48,7,2026-05-28T23:00:00,2026-05-04T23:00:00,2026-05-28T23:00:00
ae37098f-c37e-447c-b40d-3806f765d9b1,4aea8578-f11f-4cda-befa-c49409b9e347,531cf2cb-7ee1-48e4-9f79-fbebdcc77f1c,crisis_activa,"[""una sola indicación"", ""anticipación"", ""mismo cierre"", ""menos palabras""]","[""pantallas tarde"", ""forzar explicación"", ""cambio brusco"", ""muchas instrucciones""]",0.32,3,2026-05-19T00:27:00,2026-04-27T00:27:00,2026-05-19T00:27:00
2b5dbd02-24c3-4320-a66d-49840b93e4c6,4aea8578-f11f-4cda-befa-c49409b9e347,531cf2cb-7ee1-48e4-9f79-fbebdcc77f1c,transicion_rigidez,"[""validación"", ""mismo cierre""]","[""demasiado ruido"", ""cambio brusco"", ""apurar demasiado""]",0.28,2,2026-05-15T19:27:00,2026-04-14T19:27:00,2026-05-15T19:27:00
9b5cda68-edc9-4666-8e21-3800f66d8750,4aea8578-f11f-4cda-befa-c49409b9e347,531cf2cb-7ee1-48e4-9f79-fbebdcc77f1c,disfuncion_ejecutiva,"[""menos palabras""]","[""presión escolar"", ""muchas instrucciones""]",0.24,1,2026-05-31T21:00:00,2026-05-09T21:00:00,2026-05-31T21:00:00
13189d1b-b8dc-4b48-811b-c7247b721ce5,3717bc84-1ee6-4e63-97b9-0f0a22be0a3a,6f84939c-0c31-4a2d-9993-0cefd2d2096f,crisis_activa,"[""anticipación"", ""microacciones"", ""mismo cierre"", ""bajar luces""]","[""apurar demasiado"", ""corregir en el pico"", ""presión escolar"", ""cambio brusco""]",0.36,4,2026-05-31T21:00:00,2026-03-27T21:00:00,2026-05-31T21:00:00
60d53754-337d-4ef8-b99f-8d1e6f6709b6,3717bc84-1ee6-4e63-97b9-0f0a22be0a3a,6f84939c-0c31-4a2d-9993-0cefd2d2096f,sueno_regulacion,"[""validación"", ""una sola indicación"", ""microacciones"", ""bajar luces""]","[""demasiado ruido"", ""pantallas tarde"", ""corregir en el pico"", ""muchas instrucciones""]",0.4,5,2026-05-31T21:00:00,2026-04-03T21:00:00,2026-05-31T21:00:00
9fc0bc4f-744e-4d1e-ae6b-f65cd5baa109,3717bc84-1ee6-4e63-97b9-0f0a22be0a3a,6f84939c-0c31-4a2d-9993-0cefd2d2096f,apoyo_general,"[""dar tiempo"", ""menos ruido"", ""pausa breve"", ""validación""]","[""preguntar demasiado"", ""presión escolar"", ""muchas instrucciones"", ""pantallas tarde""]",0.4,5,2026-05-30T16:12:00,2026-04-18T16:12:00,2026-05-30T16:12:00
af385a25-be88-451a-9e7f-bac61880316d,3717bc84-1ee6-4e63-97b9-0f0a22be0a3a,6f84939c-0c31-4a2d-9993-0cefd2d2096f,disfuncion_ejecutiva,"[""bajar luces"", ""validación"", ""una sola indicación"", ""microacciones""]","[""forzar explicación"", ""demasiado ruido"", ""muchas instrucciones"", ""corregir en el pico""]",0.36,4,2026-05-31T21:00:00,2026-05-08T21:00:00,2026-05-31T21:00:00
0a177673-83b7-419b-8790-6bc225a60dda,3717bc84-1ee6-4e63-97b9-0f0a22be0a3a,6f84939c-0c31-4a2d-9993-0cefd2d2096f,sobrecarga_cuidador,"[""mismo cierre"", ""una sola indicación"", ""validación""]","[""forzar explicación"", ""presión escolar"", ""gritar""]",0.32,3,2026-05-31T03:00:00,2026-04-26T03:00:00,2026-05-31T03:00:00
d15f0a1f-eedd-45c9-87ce-1861aa3096ac,3717bc84-1ee6-4e63-97b9-0f0a22be0a3a,6f84939c-0c31-4a2d-9993-0cefd2d2096f,sobrecarga_sensorial,"[""dar tiempo"", ""bajar luces"", ""mismo cierre""]","[""gritar"", ""forzar explicación"", ""cambio brusco""]",0.24,1,2026-05-31T05:00:00,2026-04-20T05:00:00,2026-05-31T05:00:00
34f50d7e-90ba-47e7-83ee-692a909f764e,3717bc84-1ee6-4e63-97b9-0f0a22be0a3a,6f84939c-0c31-4a2d-9993-0cefd2d2096f,transicion_rigidez,"[""bajar luces""]","[""forzar explicación"", ""apurar demasiado""]",0.24,1,2026-05-27T21:00:00,2026-04-17T21:00:00,2026-05-27T21:00:00
ffedfa9e-4608-4824-88df-8f61f1c142f1,56a85926-0924-4de8-bef0-c8dba9162ff5,28655869-f613-4da2-bae7-ff929288be28,crisis_activa,"[""una sola indicación"", ""pausa breve"", ""anticipación"", ""bajar luces""]","[""apurar demasiado"", ""pantallas tarde"", ""preguntar demasiado"", ""cambio brusco""]",0.52,8,2026-05-29T21:00:00,2026-04-27T21:00:00,2026-05-29T21:00:00
89581029-da2b-4448-923b-a4ab25d2ffe9,56a85926-0924-4de8-bef0-c8dba9162ff5,28655869-f613-4da2-bae7-ff929288be28,sobrecarga_sensorial,"[""validación"", ""dar tiempo"", ""menos ruido"", ""una sola indicación""]","[""demasiado ruido"", ""apurar demasiado"", ""presión escolar"", ""cambio brusco""]",0.52,8,2026-05-31T08:40:00,2026-03-23T08:40:00,2026-05-31T08:40:00
0f65cb6b-f00f-44a3-b6b8-718000fbf78b,56a85926-0924-4de8-bef0-c8dba9162ff5,28655869-f613-4da2-bae7-ff929288be28,disfuncion_ejecutiva,"[""anticipación"", ""dar tiempo""]","[""presión escolar"", ""pantallas tarde""]",0.24,1,2026-04-07T22:04:00,2026-02-18T22:04:00,2026-04-07T22:04:00
981124b0-2886-4063-ac93-7fc552ac9746,56a85926-0924-4de8-bef0-c8dba9162ff5,28655869-f613-4da2-bae7-ff929288be28,apoyo_general,"[""bajar luces"", ""anticipación"", ""microacciones"", ""validación""]","[""preguntar demasiado"", ""presión escolar""]",0.28,2,2026-05-27T21:00:00,2026-05-07T21:00:00,2026-05-27T21:00:00
d52c8cb8-b69c-43e2-892a-f9c104f752e3,56a85926-0924-4de8-bef0-c8dba9162ff5,28655869-f613-4da2-bae7-ff929288be28,sueno_regulacion,"[""microacciones"", ""bajar luces"", ""mismo cierre"", ""pausa breve""]","[""muchas instrucciones"", ""forzar explicación"", ""presión escolar"", ""preguntar demasiado""]",0.32,3,2026-05-31T00:00:00,2026-04-13T00:00:00,2026-05-31T00:00:00
be7e64d4-02fa-4866-adb8-626f9a373f6d,56a85926-0924-4de8-bef0-c8dba9162ff5,28655869-f613-4da2-bae7-ff929288be28,sobrecarga_cuidador,"[""pausa breve"", ""una sola indicación""]","[""corregir en el pico"", ""cambio brusco"", ""pantallas tarde""]",0.24,1,2026-05-20T18:40:00,2026-04-20T18:40:00,2026-05-20T18:40:00
56385a0f-2fdd-4a6c-9e39-37dbf441000b,ea771dc0-dcea-48b5-8294-70c7b7a0393d,1e762d49-439e-4b0d-9d85-9f60285ac506,disfuncion_ejecutiva,"[""menos palabras"", ""validación"", ""mismo cierre"", ""anticipación""]","[""corregir en el pico"", ""pantallas tarde"", ""demasiado ruido"", ""gritar""]",0.44,6,2026-05-31T20:56:00,2026-04-16T20:56:00,2026-05-31T20:56:00
d8fc3136-7bde-4261-bf42-759f42b967fd,ea771dc0-dcea-48b5-8294-70c7b7a0393d,1e762d49-439e-4b0d-9d85-9f60285ac506,crisis_activa,"[""menos ruido"", ""dar tiempo"", ""validación"", ""bajar luces""]","[""cambio brusco"", ""preguntar demasiado"", ""gritar"", ""pantallas tarde""]",0.28,2,2026-05-29T21:00:00,2026-04-21T21:00:00,2026-05-29T21:00:00
8c46f135-43fd-400d-a75b-00c3b83452fa,ea771dc0-dcea-48b5-8294-70c7b7a0393d,1e762d49-439e-4b0d-9d85-9f60285ac506,sobrecarga_cuidador,"[""mismo cierre"", ""dar tiempo"", ""una sola indicación"", ""menos ruido""]","[""gritar"", ""pantallas tarde"", ""apurar demasiado""]",0.32,3,2026-05-30T21:00:00,2026-04-04T21:00:00,2026-05-30T21:00:00
45d6cade-84cd-4a63-8b2d-4be52ac40ce2,ea771dc0-dcea-48b5-8294-70c7b7a0393d,1e762d49-439e-4b0d-9d85-9f60285ac506,sueno_regulacion,"[""menos ruido"", ""dar tiempo"", ""validación"", ""mismo cierre""]","[""forzar explicación"", ""demasiado ruido"", ""gritar"", ""apurar demasiado""]",0.32,3,2026-05-28T21:00:00,2026-03-16T21:00:00,2026-05-28T21:00:00
7ae0b652-5c82-4f85-82f9-a0ebf4cc8fde,ea771dc0-dcea-48b5-8294-70c7b7a0393d,1e762d49-439e-4b0d-9d85-9f60285ac506,apoyo_general,"[""una sola indicación"", ""microacciones"", ""menos palabras"", ""dar tiempo""]","[""preguntar demasiado"", ""corregir en el pico"", ""gritar"", ""forzar explicación""]",0.44,6,2026-05-30T21:00:00,2026-04-01T21:00:00,2026-05-30T21:00:00
9c2a21e0-22c4-4e8e-ac94-e3922fc58093,ea771dc0-dcea-48b5-8294-70c7b7a0393d,1e762d49-439e-4b0d-9d85-9f60285ac506,sobrecarga_sensorial,"[""validación"", ""menos ruido"", ""bajar luces""]","[""presión escolar"", ""apurar demasiado"", ""pantallas tarde""]",0.28,2,2026-05-31T10:47:00,2026-03-28T10:47:00,2026-05-31T10:47:00
9d8e9316-de61-4cd0-ac47-e61467577a9a,ea771dc0-dcea-48b5-8294-70c7b7a0393d,1e762d49-439e-4b0d-9d85-9f60285ac506,transicion_rigidez,[],"[""corregir en el pico"", ""forzar explicación""]",0.24,1,2026-05-30T02:00:00,2026-03-25T02:00:00,2026-05-30T02:00:00
a69ec66c-d644-4fb1-b508-f3555004d5fc,b197a060-ad07-4f9b-a70d-d822f75ac25c,e73582e2-ad23-4a03-a155-39d42014b356,sobrecarga_cuidador,"[""una sola indicación"", ""microacciones"", ""validación"", ""pausa breve""]","[""pantallas tarde"", ""gritar"", ""preguntar demasiado"", ""cambio brusco""]",0.4,5,2026-05-31T21:00:00,2026-04-06T21:00:00,2026-05-31T21:00:00
53b58d12-b241-4a09-8e24-61b0b5d89784,b197a060-ad07-4f9b-a70d-d822f75ac25c,e73582e2-ad23-4a03-a155-39d42014b356,disfuncion_ejecutiva,"[""microacciones"", ""una sola indicación"", ""anticipación""]","[""gritar"", ""muchas instrucciones"", ""demasiado ruido"", ""corregir en el pico""]",0.28,2,2026-05-30T03:00:00,2026-05-02T03:00:00,2026-05-30T03:00:00
3e77d6d4-d906-4481-bdac-c3b27145dab6,b197a060-ad07-4f9b-a70d-d822f75ac25c,e73582e2-ad23-4a03-a155-39d42014b356,crisis_activa,"[""microacciones"", ""bajar luces"", ""menos palabras"", ""dar tiempo""]","[""presión escolar"", ""preguntar demasiado"", ""muchas instrucciones"", ""pantallas tarde""]",0.56,9,2026-05-29T22:34:00,2026-04-24T22:34:00,2026-05-29T22:34:00
2667b67a-0734-48fd-9779-760b70da3216,b197a060-ad07-4f9b-a70d-d822f75ac25c,e73582e2-ad23-4a03-a155-39d42014b356,sueno_regulacion,"[""una sola indicación"", ""validación"", ""menos ruido""]","[""presión escolar"", ""pantallas tarde"", ""apurar demasiado"", ""forzar explicación""]",0.28,2,2026-05-27T15:34:00,2026-04-09T15:34:00,2026-05-27T15:34:00
22fcfc9f-1871-4592-8984-cbd00365e201,b197a060-ad07-4f9b-a70d-d822f75ac25c,e73582e2-ad23-4a03-a155-39d42014b356,apoyo_general,"[""validación"", ""anticipación"", ""mismo cierre"", ""menos palabras""]","[""preguntar demasiado"", ""presión escolar"", ""muchas instrucciones"", ""cambio brusco""]",0.4,5,2026-05-31T21:00:00,2026-05-05T21:00:00,2026-05-31T21:00:00
bbdd96e7-a39b-4adf-b3c9-3862c32c7af6,af7388af-cf32-46d5-9074-f11c578b2dd3,456699b3-e25d-4ae7-9e4d-3a060d4d2898,apoyo_general,"[""menos palabras"", ""validación"", ""mismo cierre"", ""anticipación""]","[""forzar explicación"", ""muchas instrucciones"", ""apurar demasiado"", ""pantallas tarde""]",0.44,6,2026-05-31T21:00:00,2026-04-03T21:00:00,2026-05-31T21:00:00
20ade042-40f4-423d-87ed-98c39cfaff14,af7388af-cf32-46d5-9074-f11c578b2dd3,456699b3-e25d-4ae7-9e4d-3a060d4d2898,disfuncion_ejecutiva,"[""mismo cierre"", ""menos ruido"", ""dar tiempo"", ""pausa breve""]","[""corregir en el pico"", ""preguntar demasiado"", ""gritar"", ""pantallas tarde""]",0.28,2,2026-05-27T15:41:00,2026-03-10T15:41:00,2026-05-27T15:41:00
de95aa44-50e8-43ed-836e-a859731820d8,af7388af-cf32-46d5-9074-f11c578b2dd3,456699b3-e25d-4ae7-9e4d-3a060d4d2898,sobrecarga_cuidador,"[""mismo cierre"", ""menos palabras""]","[""muchas instrucciones"", ""cambio brusco"", ""corregir en el pico"", ""apurar demasiado""]",0.36,4,2026-05-31T21:00:00,2026-04-14T21:00:00,2026-05-31T21:00:00
d404f260-fa22-4d48-80a0-e1864774f267,af7388af-cf32-46d5-9074-f11c578b2dd3,456699b3-e25d-4ae7-9e4d-3a060d4d2898,sueno_regulacion,"[""bajar luces"", ""anticipación""]","[""presión escolar"", ""forzar explicación"", ""pantallas tarde""]",0.28,2,2026-05-27T21:00:00,2026-05-03T21:00:00,2026-05-27T21:00:00
95407328-7019-49bd-a51d-e38cf0b19782,af7388af-cf32-46d5-9074-f11c578b2dd3,456699b3-e25d-4ae7-9e4d-3a060d4d2898,crisis_activa,"[""bajar luces"", ""una sola indicación"", ""pausa breve"", ""validación""]","[""corregir en el pico"", ""demasiado ruido"", ""pantallas tarde"", ""cambio brusco""]",0.52,8,2026-05-31T21:00:00,2026-05-08T21:00:00,2026-05-31T21:00:00
2e7da678-08be-4c63-a29e-8e0bd790dfc2,af7388af-cf32-46d5-9074-f11c578b2dd3,456699b3-e25d-4ae7-9e4d-3a060d4d2898,sobrecarga_sensorial,[],"[""apurar demasiado""]",0.24,1,2026-05-31T21:00:00,2026-05-08T21:00:00,2026-05-31T21:00:00
5cb5c7a4-1aa3-457a-ae0d-be7a39f4aa23,640a32a0-9ec2-4649-aefc-30e6b627bd41,5b6e5f39-2c62-4c3e-83f9-445f29528d75,sobrecarga_sensorial,"[""mismo cierre"", ""dar tiempo"", ""bajar luces"", ""pausa breve""]","[""corregir en el pico"", ""preguntar demasiado"", ""gritar"", ""presión escolar""]",0.32,3,2026-05-30T22:00:00,2026-03-22T22:00:00,2026-05-30T22:00:00
63348350-c233-4431-a998-e61045ba76de,640a32a0-9ec2-4649-aefc-30e6b627bd41,5b6e5f39-2c62-4c3e-83f9-445f29528d75,apoyo_general,"[""bajar luces"", ""pausa breve"", ""anticipación"", ""menos ruido""]","[""presión escolar"", ""apurar demasiado"", ""pantallas tarde"", ""forzar explicación""]",0.52,8,2026-05-29T01:00:00,2026-04-18T01:00:00,2026-05-29T01:00:00
0ae09d1e-f502-4509-ac58-5b06534cf0fc,640a32a0-9ec2-4649-aefc-30e6b627bd41,5b6e5f39-2c62-4c3e-83f9-445f29528d75,disfuncion_ejecutiva,"[""una sola indicación"", ""dar tiempo"", ""menos ruido""]","[""preguntar demasiado"", ""forzar explicación"", ""gritar""]",0.32,3,2026-05-31T21:00:00,2026-03-13T21:00:00,2026-05-31T21:00:00
93698b09-4af4-4e9a-b4b3-b4a92340f017,640a32a0-9ec2-4649-aefc-30e6b627bd41,5b6e5f39-2c62-4c3e-83f9-445f29528d75,sueno_regulacion,"[""pausa breve"", ""mismo cierre"", ""anticipación""]","[""cambio brusco"", ""apurar demasiado"", ""corregir en el pico"", ""pantallas tarde""]",0.28,2,2026-05-31T21:00:00,2026-04-17T21:00:00,2026-05-31T21:00:00
c5755a4f-39f3-4746-8426-47cbeaf2602d,640a32a0-9ec2-4649-aefc-30e6b627bd41,5b6e5f39-2c62-4c3e-83f9-445f29528d75,transicion_rigidez,"[""microacciones""]","[""preguntar demasiado"", ""cambio brusco""]",0.24,1,2026-05-26T06:54:00,2026-04-28T06:54:00,2026-05-26T06:54:00
4c2a74b4-e1c0-4c1e-861f-d13d9d6c9da7,640a32a0-9ec2-4649-aefc-30e6b627bd41,5b6e5f39-2c62-4c3e-83f9-445f29528d75,crisis_activa,"[""menos ruido"", ""mismo cierre"", ""menos palabras"", ""pausa breve""]","[""preguntar demasiado"", ""corregir en el pico"", ""cambio brusco"", ""presión escolar""]",0.4,5,2026-05-31T15:54:00,2026-05-11T15:54:00,2026-05-31T15:54:00
d9edd1c2-386f-4262-9b81-466d57bfedc6,640a32a0-9ec2-4649-aefc-30e6b627bd41,5b6e5f39-2c62-4c3e-83f9-445f29528d75,sobrecarga_cuidador,"[""microacciones"", ""una sola indicación""]","[""corregir en el pico"", ""apurar demasiado""]",0.24,1,2026-05-26T21:00:00,2026-04-05T21:00:00,2026-05-26T21:00:00
0be019b0-494d-4cbb-bf8f-b74033e4faad,af1839cd-c731-46fe-ab8e-37f48fca6fcf,d9f9ee5f-ddb6-496f-b936-d7cd9b78f331,transicion_rigidez,"[""menos ruido"", ""mismo cierre"", ""menos palabras"", ""anticipación""]","[""apurar demasiado"", ""muchas instrucciones"", ""pantallas tarde"", ""corregir en el pico""]",0.32,3,2026-05-31T21:00:00,2026-04-14T21:00:00,2026-05-31T21:00:00
d8281c8f-f2eb-4738-b6ee-de2b2967d5e1,af1839cd-c731-46fe-ab8e-37f48fca6fcf,d9f9ee5f-ddb6-496f-b936-d7cd9b78f331,disfuncion_ejecutiva,"[""anticipación"", ""menos ruido"", ""pausa breve""]","[""muchas instrucciones"", ""pantallas tarde"", ""apurar demasiado""]",0.28,2,2026-05-30T22:00:00,2026-04-07T22:00:00,2026-05-30T22:00:00
c2ca54eb-1550-4abb-b6ed-39c71951f5ca,af1839cd-c731-46fe-ab8e-37f48fca6fcf,d9f9ee5f-ddb6-496f-b936-d7cd9b78f331,sobrecarga_cuidador,"[""anticipación"", ""bajar luces"", ""dar tiempo"", ""una sola indicación""]","[""preguntar demasiado"", ""pantallas tarde"", ""presión escolar"", ""muchas instrucciones""]",0.36,4,2026-05-28T21:00:00,2026-04-12T21:00:00,2026-05-28T21:00:00
53fdd211-a8df-4289-aa09-91dd895499b6,af1839cd-c731-46fe-ab8e-37f48fca6fcf,d9f9ee5f-ddb6-496f-b936-d7cd9b78f331,crisis_activa,"[""microacciones"", ""anticipación"", ""menos palabras"", ""bajar luces""]","[""cambio brusco"", ""presión escolar"", ""pantallas tarde"", ""demasiado ruido""]",0.4,5,2026-05-29T21:00:00,2026-04-29T21:00:00,2026-05-29T21:00:00
32b9a3a5-dcd3-425a-8275-938f9013a3d9,af1839cd-c731-46fe-ab8e-37f48fca6fcf,d9f9ee5f-ddb6-496f-b936-d7cd9b78f331,sobrecarga_sensorial,"[""dar tiempo"", ""bajar luces"", ""pausa breve"", ""menos palabras""]","[""corregir en el pico"", ""demasiado ruido"", ""cambio brusco"", ""forzar explicación""]",0.36,4,2026-05-31T21:00:00,2026-03-26T21:00:00,2026-05-31T21:00:00
1942333b-fa6b-4b3c-98d2-03385bed9130,af1839cd-c731-46fe-ab8e-37f48fca6fcf,d9f9ee5f-ddb6-496f-b936-d7cd9b78f331,apoyo_general,"[""anticipación"", ""bajar luces"", ""menos ruido"", ""validación""]","[""muchas instrucciones"", ""forzar explicación"", ""demasiado ruido"", ""apurar demasiado""]",0.32,3,2026-05-30T21:00:00,2026-04-24T21:00:00,2026-05-30T21:00:00
9b6be2d6-5312-44c2-b1c0-1f51ec14308f,af1839cd-c731-46fe-ab8e-37f48fca6fcf,d9f9ee5f-ddb6-496f-b936-d7cd9b78f331,sueno_regulacion,[],"[""corregir en el pico"", ""presión escolar"", ""apurar demasiado"", ""muchas instrucciones""]",0.28,2,2026-05-31T21:00:00,2026-04-21T21:00:00,2026-05-31T21:00:00
50deca90-addf-4ac8-9af1-311760e2b934,67824c90-7666-4827-ae22-08871117756b,496b803b-6887-4d2b-85cb-bd940a913f0a,sobrecarga_cuidador,"[""dar tiempo"", ""menos palabras"", ""anticipación"", ""pausa breve""]","[""gritar"", ""corregir en el pico"", ""presión escolar"", ""pantallas tarde""]",0.36,4,2026-05-27T21:00:00,2026-05-07T21:00:00,2026-05-27T21:00:00
f7c94425-76cd-40b1-b44c-f38080292f6f,67824c90-7666-4827-ae22-08871117756b,496b803b-6887-4d2b-85cb-bd940a913f0a,sueno_regulacion,[],"[""forzar explicación"", ""demasiado ruido"", ""apurar demasiado"", ""gritar""]",0.28,2,2026-05-31T21:00:00,2026-05-08T21:00:00,2026-05-31T21:00:00
0b38cef2-ef14-4952-9ed5-58ef138c6ec3,67824c90-7666-4827-ae22-08871117756b,496b803b-6887-4d2b-85cb-bd940a913f0a,crisis_activa,"[""dar tiempo"", ""anticipación"", ""validación"", ""microacciones""]","[""preguntar demasiado"", ""cambio brusco"", ""demasiado ruido"", ""forzar explicación""]",0.32,3,2026-05-31T21:00:00,2026-04-09T21:00:00,2026-05-31T21:00:00
75adc0c7-80f0-4e49-b1b6-21b306b11790,67824c90-7666-4827-ae22-08871117756b,496b803b-6887-4d2b-85cb-bd940a913f0a,transicion_rigidez,"[""pausa breve"", ""una sola indicación"", ""anticipación"", ""microacciones""]","[""presión escolar"", ""apurar demasiado"", ""pantallas tarde"", ""demasiado ruido""]",0.28,2,2026-05-27T21:00:00,2026-04-02T21:00:00,2026-05-27T21:00:00
61585c2f-5405-4e8c-a732-b6c2169f35a8,67824c90-7666-4827-ae22-08871117756b,496b803b-6887-4d2b-85cb-bd940a913f0a,disfuncion_ejecutiva,"[""dar tiempo"", ""una sola indicación"", ""menos palabras"", ""bajar luces""]","[""presión escolar"", ""pantallas tarde"", ""forzar explicación"", ""demasiado ruido""]",0.32,3,2026-05-29T21:00:00,2026-04-21T21:00:00,2026-05-29T21:00:00
b65cc27a-0a12-45a7-991a-40e2e088762c,67824c90-7666-4827-ae22-08871117756b,496b803b-6887-4d2b-85cb-bd940a913f0a,sobrecarga_sensorial,"[""una sola indicación"", ""microacciones"", ""menos palabras"", ""bajar luces""]","[""preguntar demasiado"", ""presión escolar"", ""gritar"", ""forzar explicación""]",0.32,3,2026-05-31T17:51:00,2026-03-23T17:51:00,2026-05-31T17:51:00
316cbca7-f63e-49ed-9659-bd55d8cbaecb,67824c90-7666-4827-ae22-08871117756b,496b803b-6887-4d2b-85cb-bd940a913f0a,apoyo_general,"[""anticipación"", ""bajar luces"", ""una sola indicación"", ""dar tiempo""]","[""presión escolar"", ""cambio brusco"", ""pantallas tarde"", ""forzar explicación""]",0.44,6,2026-05-31T01:00:00,2026-04-29T01:00:00,2026-05-31T01:00:00
9ecc7790-73bc-44c7-b13c-f43882a341b5,ec43e719-9d34-490b-a2e0-c9d09ac4f6d1,827779cc-e14f-4b3c-8094-2a3d6285787f,apoyo_general,"[""dar tiempo"", ""mismo cierre"", ""menos ruido"", ""pausa breve""]","[""gritar"", ""pantallas tarde"", ""apurar demasiado"", ""preguntar demasiado""]",0.4,5,2026-05-29T21:00:00,2026-03-30T21:00:00,2026-05-29T21:00:00
527f8238-5f16-416e-8e88-ad3a8f9bef39,ec43e719-9d34-490b-a2e0-c9d09ac4f6d1,827779cc-e14f-4b3c-8094-2a3d6285787f,crisis_activa,"[""menos palabras"", ""pausa breve"", ""menos ruido"", ""mismo cierre""]","[""corregir en el pico"", ""pantallas tarde"", ""presión escolar"", ""cambio brusco""]",0.36,4,2026-05-31T02:39:00,2026-04-30T02:39:00,2026-05-31T02:39:00
c9050ea9-cedd-4fc8-9326-bed7b64e4c14,ec43e719-9d34-490b-a2e0-c9d09ac4f6d1,827779cc-e14f-4b3c-8094-2a3d6285787f,sobrecarga_sensorial,"[""bajar luces"", ""validación"", ""menos ruido"", ""mismo cierre""]","[""demasiado ruido"", ""cambio brusco"", ""gritar"", ""preguntar demasiado""]",0.44,6,2026-05-31T21:00:00,2026-04-29T21:00:00,2026-05-31T21:00:00
d2250da3-9c2e-4636-88a3-07e91f298597,ec43e719-9d34-490b-a2e0-c9d09ac4f6d1,827779cc-e14f-4b3c-8094-2a3d6285787f,disfuncion_ejecutiva,"[""anticipación"", ""dar tiempo"", ""microacciones""]","[""pantallas tarde"", ""corregir en el pico"", ""demasiado ruido"", ""cambio brusco""]",0.28,2,2026-05-27T21:00:00,2026-03-23T21:00:00,2026-05-27T21:00:00
ceda1df3-92ee-45f9-9ac9-53e3bb9fab40,ec43e719-9d34-490b-a2e0-c9d09ac4f6d1,827779cc-e14f-4b3c-8094-2a3d6285787f,sobrecarga_cuidador,"[""una sola indicación"", ""pausa breve"", ""bajar luces"", ""microacciones""]","[""demasiado ruido"", ""gritar"", ""preguntar demasiado"", ""forzar explicación""]",0.36,4,2026-05-31T00:00:00,2026-04-14T00:00:00,2026-05-31T00:00:00
ada5a5db-4038-4199-8bbd-30b2b1b40c82,ec43e719-9d34-490b-a2e0-c9d09ac4f6d1,827779cc-e14f-4b3c-8094-2a3d6285787f,sueno_regulacion,"[""anticipación"", ""una sola indicación"", ""dar tiempo""]","[""muchas instrucciones"", ""apurar demasiado"", ""pantallas tarde""]",0.28,2,2026-05-31T21:00:00,2026-04-05T21:00:00,2026-05-31T21:00:00
2ba380d8-500a-4f0f-b403-b320031d0d1d,118e117b-54ea-4d19-879b-1254fafb11aa,a7105be4-28ae-4b64-bc17-4b6691b16a29,transicion_rigidez,"[""anticipación"", ""menos ruido"", ""pausa breve"", ""mismo cierre""]","[""cambio brusco"", ""apurar demasiado"", ""forzar explicación"", ""preguntar demasiado""]",0.4,5,2026-05-31T21:00:00,2026-04-21T21:00:00,2026-05-31T21:00:00
45bd9539-0a24-41c8-9e14-7618ef41290c,118e117b-54ea-4d19-879b-1254fafb11aa,a7105be4-28ae-4b64-bc17-4b6691b16a29,sobrecarga_sensorial,"[""una sola indicación"", ""mismo cierre"", ""menos palabras"", ""validación""]","[""corregir en el pico"", ""demasiado ruido"", ""pantallas tarde"", ""cambio brusco""]",0.36,4,2026-05-31T21:00:00,2026-03-31T21:00:00,2026-05-31T21:00:00
55bbc99e-4eac-4adf-a0cb-147d95ee231b,118e117b-54ea-4d19-879b-1254fafb11aa,a7105be4-28ae-4b64-bc17-4b6691b16a29,disfuncion_ejecutiva,"[""bajar luces"", ""mismo cierre""]","[""pantallas tarde"", ""demasiado ruido"", ""muchas instrucciones"", ""cambio brusco""]",0.28,2,2026-05-26T21:00:00,2026-04-23T21:00:00,2026-05-26T21:00:00
07295b27-2145-46cd-bfe3-13c4fba29392,118e117b-54ea-4d19-879b-1254fafb11aa,a7105be4-28ae-4b64-bc17-4b6691b16a29,sueno_regulacion,"[""una sola indicación"", ""anticipación"", ""microacciones""]","[""pantallas tarde"", ""apurar demasiado""]",0.24,1,2026-04-25T20:58:00,2026-04-05T20:58:00,2026-04-25T20:58:00
ac255cc7-6f20-4600-9397-1d3c2d763213,118e117b-54ea-4d19-879b-1254fafb11aa,a7105be4-28ae-4b64-bc17-4b6691b16a29,crisis_activa,"[""pausa breve"", ""una sola indicación"", ""menos ruido"", ""anticipación""]","[""forzar explicación"", ""presión escolar"", ""corregir en el pico"", ""muchas instrucciones""]",0.4,5,2026-05-31T21:00:00,2026-04-26T21:00:00,2026-05-31T21:00:00
5611795a-4c89-4929-bba5-5b0ad91cf8c2,118e117b-54ea-4d19-879b-1254fafb11aa,a7105be4-28ae-4b64-bc17-4b6691b16a29,sobrecarga_cuidador,"[""menos ruido"", ""anticipación"", ""mismo cierre"", ""pausa breve""]","[""corregir en el pico"", ""cambio brusco"", ""pantallas tarde"", ""muchas instrucciones""]",0.32,3,2026-05-29T21:00:00,2026-04-22T21:00:00,2026-05-29T21:00:00
7a16ac22-d852-45e5-8daa-93fdce07836d,118e117b-54ea-4d19-879b-1254fafb11aa,a7105be4-28ae-4b64-bc17-4b6691b16a29,apoyo_general,"[""menos palabras"", ""pausa breve"", ""microacciones"", ""bajar luces""]","[""pantallas tarde"", ""forzar explicación"", ""preguntar demasiado"", ""cambio brusco""]",0.32,3,2026-05-29T21:00:00,2026-04-05T21:00:00,2026-05-29T21:00:00
75939b36-e19a-4dd5-a1bf-d1979d51882d,4fb78ecd-3f6c-487d-8b97-186ffb11122a,615f956a-c2af-4250-bb0b-5c7754e01ea0,transicion_rigidez,"[""pausa breve"", ""mismo cierre""]","[""cambio brusco"", ""apurar demasiado"", ""pantallas tarde""]",0.24,1,2026-03-15T10:38:00,2025-12-31T10:38:00,2026-03-15T10:38:00
84b937f1-dd35-4f8a-8010-429555f517ff,4fb78ecd-3f6c-487d-8b97-186ffb11122a,615f956a-c2af-4250-bb0b-5c7754e01ea0,disfuncion_ejecutiva,"[""validación"", ""dar tiempo""]","[""apurar demasiado"", ""muchas instrucciones"", ""demasiado ruido"", ""pantallas tarde""]",0.28,2,2026-04-21T12:49:00,2026-02-19T12:49:00,2026-04-21T12:49:00
5dc31c20-d83a-4b35-b6c5-a41399b8a99c,4fb78ecd-3f6c-487d-8b97-186ffb11122a,615f956a-c2af-4250-bb0b-5c7754e01ea0,crisis_activa,"[""dar tiempo"", ""menos ruido"", ""microacciones"", ""anticipación""]","[""forzar explicación"", ""cambio brusco"", ""corregir en el pico"", ""muchas instrucciones""]",0.48,7,2026-05-31T03:00:00,2026-04-26T03:00:00,2026-05-31T03:00:00
ffce01ed-5424-4371-bf70-075be3bccaa1,4fb78ecd-3f6c-487d-8b97-186ffb11122a,615f956a-c2af-4250-bb0b-5c7754e01ea0,apoyo_general,"[""mismo cierre"", ""dar tiempo"", ""microacciones""]","[""preguntar demasiado"", ""pantallas tarde"", ""gritar"", ""demasiado ruido""]",0.36,4,2026-05-31T21:00:00,2026-05-05T21:00:00,2026-05-31T21:00:00
02885d83-cad8-4606-90e1-ca186904c74e,4fb78ecd-3f6c-487d-8b97-186ffb11122a,615f956a-c2af-4250-bb0b-5c7754e01ea0,sobrecarga_cuidador,"[""microacciones"", ""menos ruido"", ""una sola indicación"", ""pausa breve""]","[""gritar"", ""pantallas tarde"", ""preguntar demasiado"", ""muchas instrucciones""]",0.4,5,2026-05-30T21:00:00,2026-05-10T21:00:00,2026-05-30T21:00:00
3ed703c9-c18b-441d-8777-74f663413aa8,4fb78ecd-3f6c-487d-8b97-186ffb11122a,615f956a-c2af-4250-bb0b-5c7754e01ea0,sobrecarga_sensorial,"[""mismo cierre"", ""menos palabras"", ""bajar luces"", ""pausa breve""]","[""pantallas tarde"", ""preguntar demasiado"", ""presión escolar"", ""forzar explicación""]",0.32,3,2026-05-29T15:36:00,2026-04-15T15:36:00,2026-05-29T15:36:00
f4b49f64-474e-4fae-b837-90ec3f041886,4fb78ecd-3f6c-487d-8b97-186ffb11122a,615f956a-c2af-4250-bb0b-5c7754e01ea0,sueno_regulacion,"[""mismo cierre"", ""bajar luces""]","[""forzar explicación"", ""preguntar demasiado""]",0.24,1,2026-05-27T21:00:00,2026-04-04T21:00:00,2026-05-27T21:00:00
37bfa2a8-8113-4e6f-8a28-3fc02087457c,f65216e5-a793-4049-ac78-132bf1c66aa9,d7fbf05c-a99c-4289-9e40-c8baca486e9e,sobrecarga_cuidador,"[""menos palabras""]","[""demasiado ruido"", ""cambio brusco"", ""forzar explicación""]",0.24,1,2026-05-22T13:45:00,2026-04-12T13:45:00,2026-05-22T13:45:00
f3af1307-0e34-4b15-8913-ee9a605fc3bc,f65216e5-a793-4049-ac78-132bf1c66aa9,d7fbf05c-a99c-4289-9e40-c8baca486e9e,apoyo_general,"[""validación"", ""microacciones"", ""una sola indicación"", ""dar tiempo""]","[""apurar demasiado"", ""gritar"", ""pantallas tarde"", ""presión escolar""]",0.48,7,2026-05-31T21:00:00,2026-04-22T21:00:00,2026-05-31T21:00:00
ff91e82f-a9bf-4399-9545-1f3dd4b4d370,f65216e5-a793-4049-ac78-132bf1c66aa9,d7fbf05c-a99c-4289-9e40-c8baca486e9e,sueno_regulacion,"[""dar tiempo"", ""pausa breve""]","[""pantallas tarde"", ""corregir en el pico"", ""apurar demasiado"", ""cambio brusco""]",0.36,4,2026-05-31T06:00:00,2026-04-22T06:00:00,2026-05-31T06:00:00
ed2d4b26-f446-4df9-a670-04c88a904ed4,f65216e5-a793-4049-ac78-132bf1c66aa9,d7fbf05c-a99c-4289-9e40-c8baca486e9e,sobrecarga_sensorial,"[""microacciones"", ""anticipación"", ""menos ruido"", ""pausa breve""]","[""preguntar demasiado"", ""forzar explicación"", ""gritar"", ""cambio brusco""]",0.32,3,2026-05-31T21:00:00,2026-03-28T21:00:00,2026-05-31T21:00:00
ff256718-d3b4-460a-bb95-9d6ec31950c1,f65216e5-a793-4049-ac78-132bf1c66aa9,d7fbf05c-a99c-4289-9e40-c8baca486e9e,crisis_activa,"[""mismo cierre"", ""dar tiempo"", ""microacciones"", ""pausa breve""]","[""forzar explicación"", ""apurar demasiado"", ""pantallas tarde"", ""preguntar demasiado""]",0.36,4,2026-05-31T00:00:00,2026-05-11T00:00:00,2026-05-31T00:00:00
37c6be6f-2bdc-45e5-b16e-0f5de51b06a0,f65216e5-a793-4049-ac78-132bf1c66aa9,d7fbf05c-a99c-4289-9e40-c8baca486e9e,disfuncion_ejecutiva,"[""microacciones"", ""mismo cierre""]","[""forzar explicación"", ""gritar"", ""pantallas tarde""]",0.28,2,2026-05-30T05:00:00,2026-04-30T05:00:00,2026-05-30T05:00:00
c498a3a6-199a-477e-b3b5-b8fa00695a34,f65216e5-a793-4049-ac78-132bf1c66aa9,d7fbf05c-a99c-4289-9e40-c8baca486e9e,transicion_rigidez,"[""una sola indicación"", ""menos palabras""]","[""presión escolar"", ""muchas instrucciones""]",0.28,2,2026-05-31T01:00:00,2026-03-25T01:00:00,2026-05-31T01:00:00
337e25e0-1441-41b3-a7aa-9ef71853be1e,6de7afcf-3f18-4f11-94d1-55afc0aeefba,cbe32f90-e670-4f47-be07-1f581b613d94,apoyo_general,"[""dar tiempo"", ""una sola indicación"", ""pausa breve"", ""anticipación""]","[""muchas instrucciones"", ""pantallas tarde"", ""cambio brusco"", ""presión escolar""]",0.68,12,2026-05-31T11:06:00,2026-05-08T11:06:00,2026-05-31T11:06:00
c6c30409-a53b-4b4a-83db-be8b497f4c7c,6de7afcf-3f18-4f11-94d1-55afc0aeefba,cbe32f90-e670-4f47-be07-1f581b613d94,disfuncion_ejecutiva,"[""menos ruido"", ""bajar luces"", ""validación""]","[""pantallas tarde""]",0.24,1,2026-03-29T11:12:00,2026-01-17T11:12:00,2026-03-29T11:12:00
abcc832f-e1f5-4594-94a6-f269a5eca7e4,6de7afcf-3f18-4f11-94d1-55afc0aeefba,cbe32f90-e670-4f47-be07-1f581b613d94,sueno_regulacion,"[""microacciones"", ""bajar luces"", ""menos ruido"", ""pausa breve""]","[""muchas instrucciones"", ""preguntar demasiado"", ""pantallas tarde"", ""cambio brusco""]",0.28,2,2026-05-15T15:06:00,2026-02-24T15:06:00,2026-05-15T15:06:00
3d7c5a76-2e63-4c0c-9067-c6d9c55c381e,6de7afcf-3f18-4f11-94d1-55afc0aeefba,cbe32f90-e670-4f47-be07-1f581b613d94,crisis_activa,"[""bajar luces""]","[""preguntar demasiado"", ""apurar demasiado""]",0.24,1,2026-04-30T21:06:00,2026-03-17T21:06:00,2026-04-30T21:06:00
a6818697-fc86-486b-944c-9aeae4c1a737,6de7afcf-3f18-4f11-94d1-55afc0aeefba,cbe32f90-e670-4f47-be07-1f581b613d94,sobrecarga_cuidador,"[""validación"", ""anticipación"", ""menos palabras"", ""pausa breve""]","[""pantallas tarde"", ""apurar demasiado"", ""corregir en el pico"", ""demasiado ruido""]",0.32,3,2026-05-29T21:00:00,2026-03-27T21:00:00,2026-05-29T21:00:00
7331ead9-2190-4621-a6fd-5905d4813dbd,6de7afcf-3f18-4f11-94d1-55afc0aeefba,cbe32f90-e670-4f47-be07-1f581b613d94,sobrecarga_sensorial,"[""mismo cierre"", ""una sola indicación"", ""menos ruido"", ""validación""]","[""apurar demasiado"", ""demasiado ruido"", ""preguntar demasiado"", ""corregir en el pico""]",0.28,2,2026-05-24T05:06:00,2026-04-20T05:06:00,2026-05-24T05:06:00
f5391ba2-2043-471f-b918-a60d257e81ac,6de7afcf-3f18-4f11-94d1-55afc0aeefba,cbe32f90-e670-4f47-be07-1f581b613d94,transicion_rigidez,"[""anticipación"", ""bajar luces"", ""pausa breve"", ""dar tiempo""]","[""preguntar demasiado"", ""cambio brusco"", ""forzar explicación"", ""pantallas tarde""]",0.28,2,2026-05-30T21:00:00,2026-05-02T21:00:00,2026-05-30T21:00:00
9470c198-17bf-415f-ac91-ac751f6e5c35,9ed61181-3d24-491e-8138-116b695b34ba,6b6c4d78-4b6d-4732-b73b-e3a9c4d3c7c7,crisis_activa,"[""una sola indicación"", ""menos palabras"", ""dar tiempo"", ""anticipación""]","[""pantallas tarde"", ""corregir en el pico"", ""demasiado ruido"", ""cambio brusco""]",0.4,5,2026-05-28T11:16:00,2026-05-02T11:16:00,2026-05-28T11:16:00
911cd285-3cc3-4ba4-a24b-cbadc3d67109,9ed61181-3d24-491e-8138-116b695b34ba,6b6c4d78-4b6d-4732-b73b-e3a9c4d3c7c7,apoyo_general,"[""validación"", ""microacciones"", ""menos ruido"", ""una sola indicación""]","[""gritar"", ""pantallas tarde"", ""muchas instrucciones"", ""demasiado ruido""]",0.44,6,2026-05-31T21:00:00,2026-04-10T21:00:00,2026-05-31T21:00:00
d2259c92-59d4-4264-adea-b0a3b664a4c6,9ed61181-3d24-491e-8138-116b695b34ba,6b6c4d78-4b6d-4732-b73b-e3a9c4d3c7c7,sobrecarga_sensorial,"[""microacciones"", ""una sola indicación"", ""dar tiempo"", ""menos palabras""]","[""pantallas tarde"", ""preguntar demasiado"", ""cambio brusco"", ""gritar""]",0.28,2,2026-05-22T07:16:00,2026-04-03T07:16:00,2026-05-22T07:16:00
9cfb1689-1cd3-4a7d-ac1f-f0f809663d43,9ed61181-3d24-491e-8138-116b695b34ba,6b6c4d78-4b6d-4732-b73b-e3a9c4d3c7c7,sueno_regulacion,"[""menos ruido"", ""validación""]","[""corregir en el pico"", ""forzar explicación"", ""pantallas tarde"", ""apurar demasiado""]",0.32,3,2026-05-28T21:00:00,2026-03-10T21:00:00,2026-05-28T21:00:00
da994acd-956a-4cb4-a968-cede1e4173da,9ed61181-3d24-491e-8138-116b695b34ba,6b6c4d78-4b6d-4732-b73b-e3a9c4d3c7c7,disfuncion_ejecutiva,"[""microacciones"", ""pausa breve"", ""mismo cierre""]","[""pantallas tarde"", ""cambio brusco"", ""demasiado ruido"", ""muchas instrucciones""]",0.32,3,2026-05-29T22:31:00,2026-05-07T22:31:00,2026-05-29T22:31:00
ea6f6755-fbf9-40c8-b59a-b5ddb8b85663,9ed61181-3d24-491e-8138-116b695b34ba,6b6c4d78-4b6d-4732-b73b-e3a9c4d3c7c7,sobrecarga_cuidador,"[""pausa breve"", ""validación"", ""dar tiempo"", ""mismo cierre""]","[""cambio brusco"", ""forzar explicación""]",0.28,2,2026-05-31T02:31:00,2026-03-20T02:31:00,2026-05-31T02:31:00
5070e3b7-676b-4a4d-8b14-1fc73b5e78ca,9ed61181-3d24-491e-8138-116b695b34ba,6b6c4d78-4b6d-4732-b73b-e3a9c4d3c7c7,transicion_rigidez,"[""validación"", ""dar tiempo"", ""anticipación"", ""pausa breve""]","[""corregir en el pico"", ""gritar"", ""presión escolar"", ""preguntar demasiado""]",0.28,2,2026-05-29T21:00:00,2026-04-07T21:00:00,2026-05-29T21:00:00
124ae139-b687-4a8e-95b2-e29abb712dda,233606d0-5b54-4710-a599-50e8f6190bea,80f473e9-607a-4bc2-8ccf-542a863032de,apoyo_general,"[""pausa breve"", ""microacciones"", ""menos ruido"", ""menos palabras""]","[""demasiado ruido"", ""muchas instrucciones"", ""forzar explicación"", ""gritar""]",0.52,8,2026-05-30T21:00:00,2026-05-07T21:00:00,2026-05-30T21:00:00
64b1d4e7-a99a-4cc6-887b-3f62ab15f6fd,233606d0-5b54-4710-a599-50e8f6190bea,80f473e9-607a-4bc2-8ccf-542a863032de,disfuncion_ejecutiva,"[""bajar luces"", ""menos palabras"", ""mismo cierre"", ""validación""]","[""apurar demasiado"", ""corregir en el pico"", ""cambio brusco"", ""preguntar demasiado""]",0.44,6,2026-05-30T23:00:00,2026-04-02T23:00:00,2026-05-30T23:00:00
d5314946-bf67-4fb7-bac4-a8b728d6b4c9,233606d0-5b54-4710-a599-50e8f6190bea,80f473e9-607a-4bc2-8ccf-542a863032de,transicion_rigidez,"[""pausa breve"", ""validación"", ""bajar luces""]","[""preguntar demasiado"", ""cambio brusco"", ""corregir en el pico"", ""forzar explicación""]",0.32,3,2026-05-30T21:00:00,2026-04-21T21:00:00,2026-05-30T21:00:00
04124b59-bef0-432a-af22-85a39ae344bb,233606d0-5b54-4710-a599-50e8f6190bea,80f473e9-607a-4bc2-8ccf-542a863032de,sobrecarga_sensorial,"[""anticipación"", ""pausa breve"", ""bajar luces"", ""mismo cierre""]","[""presión escolar"", ""preguntar demasiado"", ""pantallas tarde"", ""corregir en el pico""]",0.32,3,2026-05-28T21:00:00,2026-04-07T21:00:00,2026-05-28T21:00:00
35014106-67e2-4efa-800b-91b235711469,233606d0-5b54-4710-a599-50e8f6190bea,80f473e9-607a-4bc2-8ccf-542a863032de,sueno_regulacion,"[""anticipación"", ""menos ruido""]","[""cambio brusco"", ""demasiado ruido"", ""presión escolar""]",0.24,1,2026-05-31T10:41:00,2026-04-19T10:41:00,2026-05-31T10:41:00
c0444ac5-dac3-49a7-98cc-8d941b3b3982,233606d0-5b54-4710-a599-50e8f6190bea,80f473e9-607a-4bc2-8ccf-542a863032de,sobrecarga_cuidador,"[""dar tiempo"", ""microacciones""]","[""apurar demasiado"", ""forzar explicación"", ""gritar""]",0.24,1,2026-05-30T21:00:00,2026-04-25T21:00:00,2026-05-30T21:00:00
724c7a80-8b8f-4382-86f8-aa9362c720da,233606d0-5b54-4710-a599-50e8f6190bea,80f473e9-607a-4bc2-8ccf-542a863032de,crisis_activa,"[""mismo cierre"", ""validación"", ""dar tiempo""]","[""preguntar demasiado"", ""forzar explicación"", ""presión escolar""]",0.24,1,2026-05-29T21:00:00,2026-03-15T21:00:00,2026-05-29T21:00:00
b57c6348-8642-42ac-8ef1-b3e2e85aa1a1,dbbc5520-d492-49cb-aee2-e33d1f3acd31,9d28a664-dcef-4d1d-bde0-bca9b4ed1815,sobrecarga_sensorial,"[""pausa breve"", ""dar tiempo"", ""menos palabras"", ""una sola indicación""]","[""corregir en el pico"", ""forzar explicación"", ""preguntar demasiado"", ""demasiado ruido""]",0.32,3,2026-05-29T23:00:00,2026-03-21T23:00:00,2026-05-29T23:00:00
4ae8dd8f-d1da-4b25-bfa0-6885eb7d2f91,dbbc5520-d492-49cb-aee2-e33d1f3acd31,9d28a664-dcef-4d1d-bde0-bca9b4ed1815,crisis_activa,"[""anticipación"", ""menos palabras"", ""mismo cierre"", ""una sola indicación""]","[""preguntar demasiado"", ""presión escolar"", ""corregir en el pico"", ""demasiado ruido""]",0.48,7,2026-05-30T00:00:00,2026-03-17T00:00:00,2026-05-30T00:00:00
367a87aa-f12e-4b25-94c8-136f26bb38ee,dbbc5520-d492-49cb-aee2-e33d1f3acd31,9d28a664-dcef-4d1d-bde0-bca9b4ed1815,disfuncion_ejecutiva,"[""bajar luces"", ""anticipación"", ""dar tiempo"", ""mismo cierre""]","[""corregir en el pico"", ""gritar"", ""forzar explicación"", ""pantallas tarde""]",0.32,3,2026-05-28T03:00:00,2026-03-11T03:00:00,2026-05-28T03:00:00
98d3358d-5b1c-4dd0-9894-e0e689793a6f,dbbc5520-d492-49cb-aee2-e33d1f3acd31,9d28a664-dcef-4d1d-bde0-bca9b4ed1815,apoyo_general,"[""bajar luces"", ""microacciones"", ""anticipación"", ""menos ruido""]","[""cambio brusco"", ""presión escolar"", ""demasiado ruido"", ""pantallas tarde""]",0.36,4,2026-05-30T21:00:00,2026-05-08T21:00:00,2026-05-30T21:00:00
82a93ee3-48da-402d-bd46-873e00923466,dbbc5520-d492-49cb-aee2-e33d1f3acd31,9d28a664-dcef-4d1d-bde0-bca9b4ed1815,sueno_regulacion,"[""mismo cierre"", ""una sola indicación"", ""validación"", ""menos palabras""]","[""forzar explicación"", ""muchas instrucciones"", ""gritar"", ""presión escolar""]",0.36,4,2026-05-30T21:00:00,2026-03-21T21:00:00,2026-05-30T21:00:00
6bd84b3e-9d98-4ee8-8afc-8d4686341d6e,dbbc5520-d492-49cb-aee2-e33d1f3acd31,9d28a664-dcef-4d1d-bde0-bca9b4ed1815,transicion_rigidez,"[""dar tiempo"", ""menos ruido"", ""una sola indicación"", ""mismo cierre""]","[""pantallas tarde"", ""demasiado ruido""]",0.28,2,2026-05-31T05:00:00,2026-03-29T05:00:00,2026-05-31T05:00:00
b0bd5155-8df1-45de-88a2-8f1145fc9b86,1c1bd122-e450-4702-bd7e-20c8ebc3cb30,49dfdb1f-6c86-4153-bc80-53568e703a2e,crisis_activa,"[""una sola indicación"", ""microacciones"", ""menos ruido"", ""menos palabras""]","[""gritar"", ""presión escolar"", ""apurar demasiado"", ""demasiado ruido""]",0.48,7,2026-05-31T21:00:00,2026-04-23T21:00:00,2026-05-31T21:00:00
79f200c1-523b-47d0-9065-e5814a69646d,1c1bd122-e450-4702-bd7e-20c8ebc3cb30,49dfdb1f-6c86-4153-bc80-53568e703a2e,disfuncion_ejecutiva,"[""pausa breve"", ""microacciones"", ""mismo cierre"", ""anticipación""]","[""presión escolar"", ""forzar explicación"", ""corregir en el pico"", ""gritar""]",0.28,2,2026-05-28T21:00:00,2026-04-24T21:00:00,2026-05-28T21:00:00
fe8a69b7-2144-45cc-ae99-ef2579bd225f,1c1bd122-e450-4702-bd7e-20c8ebc3cb30,49dfdb1f-6c86-4153-bc80-53568e703a2e,sobrecarga_sensorial,"[""bajar luces"", ""validación"", ""menos ruido"", ""anticipación""]","[""corregir en el pico"", ""preguntar demasiado"", ""cambio brusco""]",0.28,2,2026-05-26T18:26:00,2026-04-17T18:26:00,2026-05-26T18:26:00
d14c567e-52bd-4abc-921c-ffc5cb1c43b7,1c1bd122-e450-4702-bd7e-20c8ebc3cb30,49dfdb1f-6c86-4153-bc80-53568e703a2e,sobrecarga_cuidador,"[""una sola indicación"", ""menos palabras"", ""validación"", ""dar tiempo""]","[""corregir en el pico"", ""pantallas tarde"", ""cambio brusco"", ""apurar demasiado""]",0.32,3,2026-05-27T21:00:00,2026-04-03T21:00:00,2026-05-27T21:00:00
30db8a5d-72b3-4c5f-b5d3-9ff602238490,1c1bd122-e450-4702-bd7e-20c8ebc3cb30,49dfdb1f-6c86-4153-bc80-53568e703a2e,apoyo_general,"[""bajar luces"", ""menos ruido"", ""dar tiempo"", ""pausa breve""]","[""muchas instrucciones"", ""presión escolar"", ""forzar explicación"", ""cambio brusco""]",0.4,5,2026-05-31T21:00:00,2026-05-04T21:00:00,2026-05-31T21:00:00
f5fa94d3-38ad-4fbc-83aa-18299eca027c,1c1bd122-e450-4702-bd7e-20c8ebc3cb30,49dfdb1f-6c86-4153-bc80-53568e703a2e,sueno_regulacion,"[""anticipación"", ""menos ruido"", ""menos palabras"", ""mismo cierre""]","[""presión escolar"", ""gritar"", ""preguntar demasiado"", ""corregir en el pico""]",0.32,3,2026-05-30T21:00:00,2026-04-02T21:00:00,2026-05-30T21:00:00
10d58451-f525-4e6d-9c49-a149518b38bf,1c1bd122-e450-4702-bd7e-20c8ebc3cb30,49dfdb1f-6c86-4153-bc80-53568e703a2e,transicion_rigidez,"[""menos palabras""]","[""corregir en el pico"", ""presión escolar""]",0.24,1,2026-05-30T21:00:00,2026-04-29T21:00:00,2026-05-30T21:00:00
ab741217-4a54-44cf-82db-efb6b23fd993,b725812f-efaf-4221-a1c9-77b3ae848ba4,8046678c-8447-44b6-85ab-9da99159ae10,sueno_regulacion,"[""validación"", ""anticipación"", ""menos palabras"", ""microacciones""]","[""cambio brusco"", ""corregir en el pico"", ""forzar explicación"", ""pantallas tarde""]",0.28,2,2026-05-31T03:00:00,2026-03-16T03:00:00,2026-05-31T03:00:00
eab667ef-2e08-4cd3-a185-7ef4e9d75a63,b725812f-efaf-4221-a1c9-77b3ae848ba4,8046678c-8447-44b6-85ab-9da99159ae10,crisis_activa,"[""menos ruido"", ""menos palabras""]","[""corregir en el pico"", ""pantallas tarde"", ""muchas instrucciones"", ""gritar""]",0.32,3,2026-05-18T01:27:00,2026-04-23T01:27:00,2026-05-18T01:27:00
60b3fbaa-37f1-4b85-acca-418ad07eb2bf,b725812f-efaf-4221-a1c9-77b3ae848ba4,8046678c-8447-44b6-85ab-9da99159ae10,apoyo_general,"[""una sola indicación"", ""dar tiempo"", ""menos palabras"", ""microacciones""]","[""demasiado ruido"", ""forzar explicación"", ""pantallas tarde"", ""preguntar demasiado""]",0.48,7,2026-05-31T20:29:00,2026-05-07T20:29:00,2026-05-31T20:29:00
b8a39fbe-9b24-4b21-972a-39189f7b95e4,b725812f-efaf-4221-a1c9-77b3ae848ba4,8046678c-8447-44b6-85ab-9da99159ae10,disfuncion_ejecutiva,"[""validación"", ""dar tiempo"", ""pausa breve"", ""anticipación""]","[""corregir en el pico"", ""pantallas tarde"", ""demasiado ruido"", ""presión escolar""]",0.36,4,2026-05-31T19:42:00,2026-04-28T19:42:00,2026-05-31T19:42:00
271ac4ae-07c8-46ef-8e61-bc45472282d0,b725812f-efaf-4221-a1c9-77b3ae848ba4,8046678c-8447-44b6-85ab-9da99159ae10,sobrecarga_sensorial,"[""dar tiempo"", ""anticipación"", ""microacciones"", ""pausa breve""]","[""apurar demasiado"", ""presión escolar"", ""cambio brusco"", ""corregir en el pico""]",0.4,5,2026-05-31T21:00:00,2026-04-07T21:00:00,2026-05-31T21:00:00
1e29df78-800b-4b39-8feb-99c25200f69c,b725812f-efaf-4221-a1c9-77b3ae848ba4,8046678c-8447-44b6-85ab-9da99159ae10,transicion_rigidez,"[""validación"", ""una sola indicación"", ""menos ruido""]","[""demasiado ruido""]",0.24,1,2026-05-28T21:00:00,2026-04-07T21:00:00,2026-05-28T21:00:00
bbc3d7ec-136c-476d-9f1c-4a2b2b7345fb,b725812f-efaf-4221-a1c9-77b3ae848ba4,8046678c-8447-44b6-85ab-9da99159ae10,sobrecarga_cuidador,"[""una sola indicación""]","[""corregir en el pico""]",0.24,1,2026-05-30T22:00:00,2026-04-14T22:00:00,2026-05-30T22:00:00
775ab2eb-8108-42fa-a292-18c433a648f1,ae18da88-c7da-4e72-a331-844ad52c56e0,af8b8294-88fa-4296-82d9-c88402b5a547,sobrecarga_cuidador,"[""microacciones"", ""menos ruido"", ""menos palabras"", ""bajar luces""]","[""gritar"", ""corregir en el pico"", ""cambio brusco"", ""muchas instrucciones""]",0.36,4,2026-05-30T21:00:00,2026-03-28T21:00:00,2026-05-30T21:00:00
0dafec80-8b02-4eac-998d-09bf1aec93ae,ae18da88-c7da-4e72-a331-844ad52c56e0,af8b8294-88fa-4296-82d9-c88402b5a547,apoyo_general,"[""dar tiempo"", ""validación"", ""bajar luces"", ""microacciones""]","[""demasiado ruido"", ""forzar explicación"", ""presión escolar"", ""apurar demasiado""]",0.32,3,2026-05-30T21:00:00,2026-04-23T21:00:00,2026-05-30T21:00:00
4840c711-be7a-461d-9016-49b3c87ee4f9,ae18da88-c7da-4e72-a331-844ad52c56e0,af8b8294-88fa-4296-82d9-c88402b5a547,sobrecarga_sensorial,"[""validación"", ""una sola indicación"", ""mismo cierre"", ""menos ruido""]","[""apurar demasiado"", ""cambio brusco"", ""presión escolar"", ""gritar""]",0.32,3,2026-05-29T21:00:00,2026-05-09T21:00:00,2026-05-29T21:00:00
d00caf80-b9d9-4ab7-b9e9-29a5cc36f97f,ae18da88-c7da-4e72-a331-844ad52c56e0,af8b8294-88fa-4296-82d9-c88402b5a547,disfuncion_ejecutiva,"[""una sola indicación"", ""bajar luces"", ""anticipación"", ""dar tiempo""]","[""preguntar demasiado"", ""demasiado ruido"", ""muchas instrucciones"", ""apurar demasiado""]",0.4,5,2026-05-31T05:00:00,2026-04-25T05:00:00,2026-05-31T05:00:00
6ee25d83-e88f-4226-b334-55b489b279ae,ae18da88-c7da-4e72-a331-844ad52c56e0,af8b8294-88fa-4296-82d9-c88402b5a547,transicion_rigidez,"[""validación"", ""bajar luces"", ""microacciones"", ""anticipación""]","[""presión escolar"", ""preguntar demasiado"", ""corregir en el pico"", ""forzar explicación""]",0.32,3,2026-05-30T21:00:00,2026-04-11T21:00:00,2026-05-30T21:00:00
7a594d5d-bffd-4438-9d4f-e9cb383186a9,ae18da88-c7da-4e72-a331-844ad52c56e0,af8b8294-88fa-4296-82d9-c88402b5a547,crisis_activa,"[""anticipación"", ""dar tiempo"", ""menos ruido"", ""mismo cierre""]","[""forzar explicación"", ""preguntar demasiado"", ""apurar demasiado"", ""presión escolar""]",0.36,4,2026-05-31T01:00:00,2026-04-16T01:00:00,2026-05-31T01:00:00
e33db9d7-8f66-4d77-b246-d480b513dd26,ae18da88-c7da-4e72-a331-844ad52c56e0,af8b8294-88fa-4296-82d9-c88402b5a547,sueno_regulacion,"[""menos palabras"", ""dar tiempo"", ""microacciones""]","[""presión escolar""]",0.24,1,2026-05-29T02:00:00,2026-03-30T02:00:00,2026-05-29T02:00:00
59e7761a-2ebe-4e1a-af1d-0906d33e63b8,88a41a66-4c0b-498a-aec4-5fe747327b8f,4922bbad-f3f9-4750-a04b-14fb1f49541a,crisis_activa,"[""microacciones"", ""una sola indicación"", ""validación"", ""anticipación""]","[""gritar"", ""apurar demasiado"", ""forzar explicación"", ""presión escolar""]",0.4,5,2026-05-31T21:00:00,2026-04-11T21:00:00,2026-05-31T21:00:00
ee0d4656-c17f-4c0a-8f03-f3112dc16acd,88a41a66-4c0b-498a-aec4-5fe747327b8f,4922bbad-f3f9-4750-a04b-14fb1f49541a,disfuncion_ejecutiva,"[""bajar luces"", ""validación"", ""pausa breve"", ""mismo cierre""]","[""presión escolar"", ""gritar"", ""muchas instrucciones"", ""apurar demasiado""]",0.36,4,2026-05-30T02:00:00,2026-04-14T02:00:00,2026-05-30T02:00:00
44046b31-85e1-4bf2-a1dc-d3cf470c9276,88a41a66-4c0b-498a-aec4-5fe747327b8f,4922bbad-f3f9-4750-a04b-14fb1f49541a,sobrecarga_cuidador,"[""anticipación"", ""menos palabras"", ""menos ruido"", ""pausa breve""]","[""cambio brusco"", ""pantallas tarde"", ""forzar explicación"", ""demasiado ruido""]",0.36,4,2026-05-31T21:00:00,2026-04-02T21:00:00,2026-05-31T21:00:00
568c8f38-3975-43ad-813c-ba272db6da8d,88a41a66-4c0b-498a-aec4-5fe747327b8f,4922bbad-f3f9-4750-a04b-14fb1f49541a,transicion_rigidez,"[""bajar luces"", ""una sola indicación"", ""menos ruido"", ""microacciones""]","[""pantallas tarde"", ""gritar"", ""preguntar demasiado"", ""presión escolar""]",0.4,5,2026-05-28T21:00:00,2026-03-19T21:00:00,2026-05-28T21:00:00
7c9eeb56-ba38-44d4-a3cd-17f566e15f69,88a41a66-4c0b-498a-aec4-5fe747327b8f,4922bbad-f3f9-4750-a04b-14fb1f49541a,sobrecarga_sensorial,"[""bajar luces"", ""dar tiempo"", ""menos ruido"", ""pausa breve""]","[""gritar"", ""forzar explicación"", ""cambio brusco""]",0.28,2,2026-05-27T21:00:00,2026-03-31T21:00:00,2026-05-27T21:00:00
02dd9930-5b51-4ebc-bbee-c748b1c8d96c,88a41a66-4c0b-498a-aec4-5fe747327b8f,4922bbad-f3f9-4750-a04b-14fb1f49541a,apoyo_general,"[""menos palabras"", ""menos ruido"", ""una sola indicación"", ""mismo cierre""]","[""pantallas tarde"", ""demasiado ruido"", ""preguntar demasiado"", ""apurar demasiado""]",0.32,3,2026-05-30T21:00:00,2026-05-02T21:00:00,2026-05-30T21:00:00
bc312cc0-9efd-4b91-a23a-38bd2dbda97e,bbdc6e82-c96f-4323-84cf-ba5468547c07,0634a88f-0343-4fd7-9984-83d976a4c274,sueno_regulacion,"[""pausa breve"", ""menos ruido"", ""menos palabras"", ""microacciones""]","[""preguntar demasiado"", ""presión escolar"", ""forzar explicación"", ""apurar demasiado""]",0.36,4,2026-05-31T21:00:00,2026-03-18T21:00:00,2026-05-31T21:00:00
e5242a1b-b5b5-41fd-a3c4-8bccbcc2dcb5,bbdc6e82-c96f-4323-84cf-ba5468547c07,0634a88f-0343-4fd7-9984-83d976a4c274,crisis_activa,"[""microacciones"", ""menos palabras"", ""una sola indicación"", ""dar tiempo""]","[""muchas instrucciones"", ""apurar demasiado"", ""corregir en el pico"", ""preguntar demasiado""]",0.4,5,2026-05-30T21:00:00,2026-04-14T21:00:00,2026-05-30T21:00:00
555e0c14-57c7-4738-ae43-b11ed0a90d77,bbdc6e82-c96f-4323-84cf-ba5468547c07,0634a88f-0343-4fd7-9984-83d976a4c274,disfuncion_ejecutiva,"[""validación"", ""pausa breve"", ""una sola indicación"", ""dar tiempo""]","[""muchas instrucciones"", ""preguntar demasiado"", ""apurar demasiado"", ""forzar explicación""]",0.32,3,2026-04-23T17:55:00,2026-02-08T17:55:00,2026-04-23T17:55:00
2fbc3408-dba3-43fa-b928-823609b9d252,bbdc6e82-c96f-4323-84cf-ba5468547c07,0634a88f-0343-4fd7-9984-83d976a4c274,sobrecarga_sensorial,"[""dar tiempo"", ""anticipación"", ""menos palabras"", ""microacciones""]","[""forzar explicación"", ""cambio brusco"", ""gritar"", ""corregir en el pico""]",0.36,4,2026-05-31T02:00:00,2026-03-14T02:00:00,2026-05-31T02:00:00
67b34582-1f51-4958-9d8b-e0020b1134ec,bbdc6e82-c96f-4323-84cf-ba5468547c07,0634a88f-0343-4fd7-9984-83d976a4c274,apoyo_general,"[""menos ruido"", ""mismo cierre"", ""pausa breve"", ""bajar luces""]","[""pantallas tarde"", ""corregir en el pico"", ""presión escolar"", ""muchas instrucciones""]",0.28,2,2026-05-19T13:16:00,2026-03-08T13:16:00,2026-05-19T13:16:00
d4ffad7b-7850-4e96-abbc-9fa370eea492,bbdc6e82-c96f-4323-84cf-ba5468547c07,0634a88f-0343-4fd7-9984-83d976a4c274,transicion_rigidez,"[""menos ruido"", ""microacciones"", ""pausa breve"", ""menos palabras""]","[""cambio brusco"", ""pantallas tarde"", ""apurar demasiado"", ""forzar explicación""]",0.4,5,2026-05-31T21:00:00,2026-03-16T21:00:00,2026-05-31T21:00:00
cc39138d-fcf1-414d-9c72-78e1b963e68c,e7f7306f-ee7a-475a-98b2-7237d089f915,283f7b7b-75da-4506-a0c8-401aee979bb8,sobrecarga_sensorial,"[""una sola indicación"", ""dar tiempo"", ""anticipación"", ""bajar luces""]","[""apurar demasiado"", ""muchas instrucciones"", ""presión escolar"", ""demasiado ruido""]",0.32,3,2026-05-30T22:34:00,2026-04-02T22:34:00,2026-05-30T22:34:00
01b9f776-824a-404c-87c4-b5f332d593fb,e7f7306f-ee7a-475a-98b2-7237d089f915,283f7b7b-75da-4506-a0c8-401aee979bb8,sobrecarga_cuidador,"[""menos ruido"", ""menos palabras"", ""pausa breve"", ""dar tiempo""]","[""muchas instrucciones"", ""gritar"", ""forzar explicación"", ""preguntar demasiado""]",0.4,5,2026-05-31T21:00:00,2026-05-06T21:00:00,2026-05-31T21:00:00
dd4c94bf-8855-45f5-a096-bea2ce6a490c,e7f7306f-ee7a-475a-98b2-7237d089f915,283f7b7b-75da-4506-a0c8-401aee979bb8,crisis_activa,"[""bajar luces"", ""mismo cierre"", ""dar tiempo"", ""anticipación""]","[""corregir en el pico"", ""gritar"", ""preguntar demasiado"", ""apurar demasiado""]",0.36,4,2026-05-28T21:00:00,2026-04-07T21:00:00,2026-05-28T21:00:00
ab5a77de-0426-4caa-b5f7-d07407e82b17,e7f7306f-ee7a-475a-98b2-7237d089f915,283f7b7b-75da-4506-a0c8-401aee979bb8,apoyo_general,"[""pausa breve"", ""menos ruido"", ""validación"", ""menos palabras""]","[""cambio brusco"", ""presión escolar"", ""demasiado ruido"", ""apurar demasiado""]",0.4,5,2026-05-30T21:00:00,2026-03-11T21:00:00,2026-05-30T21:00:00
ec586a01-7d8f-4506-80a9-a82b175e6f69,e7f7306f-ee7a-475a-98b2-7237d089f915,283f7b7b-75da-4506-a0c8-401aee979bb8,sueno_regulacion,"[""anticipación"", ""pausa breve"", ""validación"", ""una sola indicación""]","[""demasiado ruido"", ""presión escolar"", ""muchas instrucciones"", ""pantallas tarde""]",0.32,3,2026-05-31T07:00:00,2026-04-28T07:00:00,2026-05-31T07:00:00
d8d7cf35-5497-4f44-8ce7-ea1663041a0d,e7f7306f-ee7a-475a-98b2-7237d089f915,283f7b7b-75da-4506-a0c8-401aee979bb8,disfuncion_ejecutiva,"[""microacciones"", ""anticipación"", ""menos palabras"", ""menos ruido""]","[""pantallas tarde"", ""preguntar demasiado"", ""cambio brusco"", ""apurar demasiado""]",0.32,3,2026-05-29T01:00:00,2026-03-27T01:00:00,2026-05-29T01:00:00
9f8dec04-ea30-4e06-97db-5fe83f72616f,421c9053-ff4a-48bb-8980-6b97ffc74c1c,49a7f135-718b-48ed-a99e-784c114474ea,apoyo_general,"[""microacciones"", ""mismo cierre"", ""dar tiempo"", ""validación""]","[""corregir en el pico"", ""preguntar demasiado"", ""forzar explicación"", ""muchas instrucciones""]",0.4,5,2026-05-30T21:00:00,2026-03-24T21:00:00,2026-05-30T21:00:00
1fd39486-3bc9-4fe0-8b40-aa1e5e795c4c,421c9053-ff4a-48bb-8980-6b97ffc74c1c,49a7f135-718b-48ed-a99e-784c114474ea,sobrecarga_sensorial,"[""una sola indicación"", ""dar tiempo"", ""microacciones"", ""bajar luces""]","[""corregir en el pico"", ""preguntar demasiado"", ""forzar explicación"", ""cambio brusco""]",0.32,3,2026-05-26T21:00:00,2026-03-29T21:00:00,2026-05-26T21:00:00
eed643bb-9e94-4621-b156-4b1c03242d65,421c9053-ff4a-48bb-8980-6b97ffc74c1c,49a7f135-718b-48ed-a99e-784c114474ea,sobrecarga_cuidador,"[""menos ruido"", ""validación"", ""una sola indicación"", ""microacciones""]","[""corregir en el pico"", ""presión escolar"", ""cambio brusco"", ""demasiado ruido""]",0.4,5,2026-05-31T00:00:00,2026-04-08T00:00:00,2026-05-31T00:00:00
8a404986-5387-43c2-a5a3-fcbdcc64840d,421c9053-ff4a-48bb-8980-6b97ffc74c1c,49a7f135-718b-48ed-a99e-784c114474ea,sueno_regulacion,"[""bajar luces"", ""mismo cierre"", ""anticipación"", ""una sola indicación""]","[""forzar explicación"", ""demasiado ruido"", ""muchas instrucciones"", ""pantallas tarde""]",0.32,3,2026-05-29T21:00:00,2026-04-24T21:00:00,2026-05-29T21:00:00
b26e543e-40ea-46d1-8ccd-56e77634028c,421c9053-ff4a-48bb-8980-6b97ffc74c1c,49a7f135-718b-48ed-a99e-784c114474ea,crisis_activa,"[""una sola indicación"", ""pausa breve"", ""validación"", ""dar tiempo""]","[""gritar"", ""demasiado ruido"", ""corregir en el pico"", ""forzar explicación""]",0.28,2,2026-05-30T02:00:00,2026-04-20T02:00:00,2026-05-30T02:00:00
381f1ddd-e6bb-4e78-a53a-621c1d000f5f,421c9053-ff4a-48bb-8980-6b97ffc74c1c,49a7f135-718b-48ed-a99e-784c114474ea,transicion_rigidez,"[""menos palabras"", ""menos ruido""]","[""cambio brusco"", ""muchas instrucciones"", ""corregir en el pico""]",0.28,2,2026-05-29T21:00:00,2026-04-18T21:00:00,2026-05-29T21:00:00
eaa76b62-b65d-4ec7-bb09-423210c694b7,421c9053-ff4a-48bb-8980-6b97ffc74c1c,49a7f135-718b-48ed-a99e-784c114474ea,disfuncion_ejecutiva,"[""menos palabras"", ""microacciones"", ""una sola indicación"", ""bajar luces""]","[""gritar"", ""apurar demasiado"", ""muchas instrucciones"", ""demasiado ruido""]",0.32,3,2026-05-30T21:00:00,2026-03-26T21:00:00,2026-05-30T21:00:00
5b715f68-bbde-4c01-8a32-e63bdb06e021,174070a1-b993-450c-b8b6-564bd0b8aaa9,eb33458b-c037-4ddb-b549-91ef1fc774dc,sobrecarga_sensorial,"[""pausa breve"", ""menos ruido"", ""menos palabras"", ""dar tiempo""]","[""preguntar demasiado"", ""apurar demasiado""]",0.28,2,2026-05-30T21:00:00,2026-04-10T21:00:00,2026-05-30T21:00:00
93853033-78ee-4c08-a04d-2a1f5a9af325,174070a1-b993-450c-b8b6-564bd0b8aaa9,eb33458b-c037-4ddb-b549-91ef1fc774dc,crisis_activa,"[""dar tiempo"", ""pausa breve"", ""microacciones"", ""una sola indicación""]","[""cambio brusco"", ""presión escolar"", ""corregir en el pico"", ""muchas instrucciones""]",0.44,6,2026-05-30T21:00:00,2026-04-30T21:00:00,2026-05-30T21:00:00
f8707422-7f44-4305-a773-30d3ce10c79c,174070a1-b993-450c-b8b6-564bd0b8aaa9,eb33458b-c037-4ddb-b549-91ef1fc774dc,sueno_regulacion,"[""validación"", ""menos ruido"", ""dar tiempo"", ""mismo cierre""]","[""pantallas tarde"", ""forzar explicación"", ""cambio brusco"", ""gritar""]",0.32,3,2026-05-27T22:00:00,2026-03-20T22:00:00,2026-05-27T22:00:00
8cc7ebe0-0a9f-48fb-b99b-bfb3d1639964,174070a1-b993-450c-b8b6-564bd0b8aaa9,eb33458b-c037-4ddb-b549-91ef1fc774dc,disfuncion_ejecutiva,"[""microacciones"", ""mismo cierre"", ""dar tiempo""]","[""corregir en el pico"", ""presión escolar""]",0.28,2,2026-05-31T21:00:00,2026-05-05T21:00:00,2026-05-31T21:00:00
c2643ad3-f19c-450a-b06e-fb03bc2a1791,174070a1-b993-450c-b8b6-564bd0b8aaa9,eb33458b-c037-4ddb-b549-91ef1fc774dc,sobrecarga_cuidador,"[""anticipación"", ""menos palabras"", ""mismo cierre""]","[""demasiado ruido"", ""preguntar demasiado"", ""gritar"", ""cambio brusco""]",0.32,3,2026-05-31T21:00:00,2026-03-26T21:00:00,2026-05-31T21:00:00
fb1ca443-2225-4d48-ae28-1e492fc798d9,174070a1-b993-450c-b8b6-564bd0b8aaa9,eb33458b-c037-4ddb-b549-91ef1fc774dc,transicion_rigidez,"[""microacciones"", ""anticipación"", ""una sola indicación"", ""menos ruido""]","[""pantallas tarde"", ""gritar"", ""muchas instrucciones"", ""demasiado ruido""]",0.36,4,2026-05-30T21:00:00,2026-04-17T21:00:00,2026-05-30T21:00:00
91efe2cb-0184-4f37-9c69-3ba76fc001a3,174070a1-b993-450c-b8b6-564bd0b8aaa9,eb33458b-c037-4ddb-b549-91ef1fc774dc,apoyo_general,"[""una sola indicación"", ""menos ruido"", ""validación"", ""mismo cierre""]","[""apurar demasiado"", ""corregir en el pico"", ""preguntar demasiado"", ""muchas instrucciones""]",0.32,3,2026-05-31T21:00:00,2026-04-21T21:00:00,2026-05-31T21:00:00
f1148ad5-518e-4cd4-8ab0-24726b8c198a,2472bc7c-4de5-4c93-9881-47f8a8f3a5df,28890895-3a7a-4197-afc9-59d6645f1008,disfuncion_ejecutiva,"[""bajar luces"", ""validación"", ""menos palabras"", ""microacciones""]","[""apurar demasiado"", ""pantallas tarde"", ""gritar""]",0.28,2,2026-05-30T21:00:00,2026-04-21T21:00:00,2026-05-30T21:00:00
dd295cc8-c541-4061-9a54-2ed011cf0ecb,2472bc7c-4de5-4c93-9881-47f8a8f3a5df,28890895-3a7a-4197-afc9-59d6645f1008,crisis_activa,"[""menos palabras"", ""dar tiempo"", ""una sola indicación""]","[""forzar explicación"", ""apurar demasiado"", ""muchas instrucciones"", ""presión escolar""]",0.28,2,2026-05-26T21:00:00,2026-04-03T21:00:00,2026-05-26T21:00:00
41ee5d13-12b7-44d1-bf18-8b45cd648870,2472bc7c-4de5-4c93-9881-47f8a8f3a5df,28890895-3a7a-4197-afc9-59d6645f1008,apoyo_general,"[""menos ruido"", ""validación"", ""una sola indicación"", ""microacciones""]","[""apurar demasiado"", ""pantallas tarde"", ""preguntar demasiado"", ""demasiado ruido""]",0.32,3,2026-05-27T21:00:00,2026-04-23T21:00:00,2026-05-27T21:00:00
9c4006a3-1e70-4c31-b0dc-bb4331e233e5,2472bc7c-4de5-4c93-9881-47f8a8f3a5df,28890895-3a7a-4197-afc9-59d6645f1008,transicion_rigidez,"[""una sola indicación"", ""microacciones"", ""dar tiempo"", ""validación""]","[""cambio brusco"", ""presión escolar"", ""corregir en el pico"", ""preguntar demasiado""]",0.44,6,2026-05-31T21:00:00,2026-04-13T21:00:00,2026-05-31T21:00:00
441851e1-e5aa-4c1f-b2da-2f727d875c95,2472bc7c-4de5-4c93-9881-47f8a8f3a5df,28890895-3a7a-4197-afc9-59d6645f1008,sobrecarga_cuidador,"[""bajar luces"", ""pausa breve"", ""mismo cierre"", ""dar tiempo""]","[""presión escolar"", ""demasiado ruido"", ""pantallas tarde"", ""cambio brusco""]",0.44,6,2026-05-31T21:00:00,2026-04-04T21:00:00,2026-05-31T21:00:00
a0557bfe-afc7-4600-a896-78a08cf784f7,2472bc7c-4de5-4c93-9881-47f8a8f3a5df,28890895-3a7a-4197-afc9-59d6645f1008,sueno_regulacion,"[""dar tiempo"", ""anticipación"", ""microacciones"", ""menos palabras""]","[""muchas instrucciones"", ""forzar explicación"", ""demasiado ruido"", ""pantallas tarde""]",0.32,3,2026-05-31T21:00:00,2026-04-19T21:00:00,2026-05-31T21:00:00
61e0abe9-fd05-4997-9113-2a971b97f2b2,2472bc7c-4de5-4c93-9881-47f8a8f3a5df,28890895-3a7a-4197-afc9-59d6645f1008,sobrecarga_sensorial,"[""microacciones"", ""una sola indicación""]","[""apurar demasiado"", ""gritar"", ""presión escolar""]",0.24,1,2026-05-31T21:00:00,2026-04-01T21:00:00,2026-05-31T21:00:00
d192f915-ac67-4978-853b-e0802cb9d312,9c567733-1364-4260-80d0-cbeb74300353,3bc9f409-8ad3-4dc9-8745-2e94f64804ab,crisis_activa,"[""menos ruido"", ""mismo cierre"", ""menos palabras"", ""microacciones""]","[""apurar demasiado"", ""gritar"", ""forzar explicación"", ""pantallas tarde""]",0.36,4,2026-05-29T21:00:00,2026-04-10T21:00:00,2026-05-29T21:00:00
9011d6ad-e279-4284-948e-5ead5e8b82d4,9c567733-1364-4260-80d0-cbeb74300353,3bc9f409-8ad3-4dc9-8745-2e94f64804ab,sobrecarga_cuidador,"[""microacciones"", ""dar tiempo"", ""menos palabras"", ""pausa breve""]","[""presión escolar"", ""cambio brusco"", ""muchas instrucciones"", ""demasiado ruido""]",0.44,6,2026-05-31T01:00:00,2026-05-10T01:00:00,2026-05-31T01:00:00
3a89bb8e-de17-4ae6-a1e6-6dd376f102cd,9c567733-1364-4260-80d0-cbeb74300353,3bc9f409-8ad3-4dc9-8745-2e94f64804ab,sobrecarga_sensorial,"[""menos palabras"", ""pausa breve"", ""dar tiempo"", ""mismo cierre""]","[""forzar explicación"", ""preguntar demasiado"", ""demasiado ruido"", ""cambio brusco""]",0.32,3,2026-05-17T09:01:00,2026-04-17T09:01:00,2026-05-17T09:01:00
c91d536a-1d8b-426d-8e87-60e04a95c4b1,9c567733-1364-4260-80d0-cbeb74300353,3bc9f409-8ad3-4dc9-8745-2e94f64804ab,apoyo_general,"[""microacciones"", ""menos palabras"", ""una sola indicación"", ""mismo cierre""]","[""gritar"", ""demasiado ruido"", ""muchas instrucciones"", ""preguntar demasiado""]",0.48,7,2026-05-31T21:00:00,2026-04-23T21:00:00,2026-05-31T21:00:00
5c88602f-79dd-43f3-9ddc-c4536a53c3f3,9c567733-1364-4260-80d0-cbeb74300353,3bc9f409-8ad3-4dc9-8745-2e94f64804ab,disfuncion_ejecutiva,"[""menos palabras"", ""mismo cierre""]","[""preguntar demasiado""]",0.24,1,2026-05-29T12:12:00,2026-04-02T12:12:00,2026-05-29T12:12:00
b3ee948d-52fd-436b-a49b-de37705fa34a,9c567733-1364-4260-80d0-cbeb74300353,3bc9f409-8ad3-4dc9-8745-2e94f64804ab,transicion_rigidez,"[""mismo cierre"", ""dar tiempo"", ""pausa breve""]","[""muchas instrucciones"", ""corregir en el pico"", ""pantallas tarde"", ""forzar explicación""]",0.28,2,2026-05-31T02:00:00,2026-03-12T02:00:00,2026-05-31T02:00:00
eafd7905-a5a0-493d-a872-ae81bab4408b,43aac72d-6f79-4194-9aaa-e577a4d51504,e5c4360a-2180-4430-8043-b0154986f0bf,sobrecarga_cuidador,"[""microacciones"", ""menos palabras"", ""validación"", ""dar tiempo""]","[""demasiado ruido"", ""cambio brusco""]",0.28,2,2026-05-30T01:00:00,2026-04-21T01:00:00,2026-05-30T01:00:00
17111e95-ff69-4116-8f02-d99f19a9814d,43aac72d-6f79-4194-9aaa-e577a4d51504,e5c4360a-2180-4430-8043-b0154986f0bf,crisis_activa,"[""menos palabras"", ""pausa breve"", ""validación"", ""dar tiempo""]","[""demasiado ruido"", ""forzar explicación"", ""pantallas tarde"", ""muchas instrucciones""]",0.4,5,2026-05-31T21:00:00,2026-03-23T21:00:00,2026-05-31T21:00:00
5b11f0a2-342e-45c6-b112-d03b08d67d15,43aac72d-6f79-4194-9aaa-e577a4d51504,e5c4360a-2180-4430-8043-b0154986f0bf,disfuncion_ejecutiva,"[""menos ruido"", ""una sola indicación"", ""pausa breve"", ""validación""]","[""presión escolar"", ""pantallas tarde"", ""apurar demasiado"", ""demasiado ruido""]",0.36,4,2026-05-31T21:00:00,2026-05-07T21:00:00,2026-05-31T21:00:00
a8334d39-2a6d-4b85-8a89-effa815d9c26,43aac72d-6f79-4194-9aaa-e577a4d51504,e5c4360a-2180-4430-8043-b0154986f0bf,sueno_regulacion,"[""dar tiempo"", ""validación"", ""una sola indicación""]","[""demasiado ruido"", ""corregir en el pico"", ""apurar demasiado"", ""muchas instrucciones""]",0.28,2,2026-05-27T21:00:00,2026-03-13T21:00:00,2026-05-27T21:00:00
8c9d7c28-dcd9-4b50-89d4-f412ac5d67e2,43aac72d-6f79-4194-9aaa-e577a4d51504,e5c4360a-2180-4430-8043-b0154986f0bf,apoyo_general,"[""menos ruido"", ""una sola indicación"", ""menos palabras"", ""dar tiempo""]","[""muchas instrucciones"", ""pantallas tarde"", ""presión escolar"", ""demasiado ruido""]",0.44,6,2026-05-29T21:00:00,2026-04-15T21:00:00,2026-05-29T21:00:00
9555547f-e317-448a-97f3-b153d1a30bee,43aac72d-6f79-4194-9aaa-e577a4d51504,e5c4360a-2180-4430-8043-b0154986f0bf,sobrecarga_sensorial,"[""menos palabras"", ""mismo cierre"", ""pausa breve"", ""microacciones""]","[""presión escolar"", ""cambio brusco"", ""muchas instrucciones""]",0.28,2,2026-05-29T16:27:00,2026-04-01T16:27:00,2026-05-29T16:27:00
3a701eb9-467b-4a9b-8d70-582982d118a9,43aac72d-6f79-4194-9aaa-e577a4d51504,e5c4360a-2180-4430-8043-b0154986f0bf,transicion_rigidez,"[""pausa breve"", ""validación"", ""menos ruido"", ""bajar luces""]","[""demasiado ruido"", ""preguntar demasiado"", ""presión escolar"", ""forzar explicación""]",0.28,2,2026-05-30T21:00:00,2026-05-02T21:00:00,2026-05-30T21:00:00
39c3e170-41b6-4c4e-a343-b5a7a1e34fc5,28b2e675-056e-4641-905e-ff58e87ae9a7,2eeb7b96-d177-4620-abd6-76ca220ef059,transicion_rigidez,"[""una sola indicación"", ""anticipación""]","[""corregir en el pico"", ""apurar demasiado""]",0.28,2,2026-05-31T00:00:00,2026-04-28T00:00:00,2026-05-31T00:00:00
f3b83637-b916-4935-86b7-9d946839ab8c,28b2e675-056e-4641-905e-ff58e87ae9a7,2eeb7b96-d177-4620-abd6-76ca220ef059,apoyo_general,"[""menos palabras"", ""una sola indicación"", ""mismo cierre"", ""menos ruido""]","[""presión escolar"", ""muchas instrucciones"", ""cambio brusco"", ""preguntar demasiado""]",0.44,6,2026-05-31T21:00:00,2026-05-08T21:00:00,2026-05-31T21:00:00
6301ce35-4db0-4e42-96b4-233a62b4e78e,28b2e675-056e-4641-905e-ff58e87ae9a7,2eeb7b96-d177-4620-abd6-76ca220ef059,sobrecarga_cuidador,"[""microacciones"", ""bajar luces"", ""menos palabras"", ""validación""]","[""corregir en el pico"", ""muchas instrucciones"", ""presión escolar"", ""apurar demasiado""]",0.4,5,2026-05-28T23:00:00,2026-04-21T23:00:00,2026-05-28T23:00:00
f2c3c89f-9ca1-4150-a7ee-cf465301056f,28b2e675-056e-4641-905e-ff58e87ae9a7,2eeb7b96-d177-4620-abd6-76ca220ef059,sobrecarga_sensorial,"[""microacciones"", ""una sola indicación"", ""bajar luces"", ""dar tiempo""]","[""corregir en el pico"", ""presión escolar"", ""apurar demasiado"", ""forzar explicación""]",0.32,3,2026-05-31T21:00:00,2026-05-11T21:00:00,2026-05-31T21:00:00
d7b3006a-eebc-4065-9d8d-09b929ec0230,28b2e675-056e-4641-905e-ff58e87ae9a7,2eeb7b96-d177-4620-abd6-76ca220ef059,crisis_activa,"[""bajar luces"", ""menos ruido""]","[""pantallas tarde"", ""corregir en el pico""]",0.24,1,2026-05-30T06:51:00,2026-04-14T06:51:00,2026-05-30T06:51:00
5a99cb79-fec6-488e-976c-efc255fd4291,28b2e675-056e-4641-905e-ff58e87ae9a7,2eeb7b96-d177-4620-abd6-76ca220ef059,disfuncion_ejecutiva,"[""pausa breve"", ""menos palabras"", ""microacciones"", ""bajar luces""]","[""apurar demasiado"", ""corregir en el pico"", ""gritar""]",0.32,3,2026-05-31T02:00:00,2026-04-07T02:00:00,2026-05-31T02:00:00
a48cf1a0-832d-4b30-b563-7faa6f1e0be0,28b2e675-056e-4641-905e-ff58e87ae9a7,2eeb7b96-d177-4620-abd6-76ca220ef059,sueno_regulacion,"[""microacciones"", ""menos ruido"", ""validación"", ""pausa breve""]","[""pantallas tarde"", ""forzar explicación"", ""preguntar demasiado"", ""apurar demasiado""]",0.32,3,2026-05-31T21:00:00,2026-04-27T21:00:00,2026-05-31T21:00:00
45d4c0a7-2b4c-4c5e-8b71-9a3a2aab41ec,8eb78eb1-2c51-42fb-8109-782d19d43d14,032dcd07-c73f-450e-b4f5-f05f9c87151c,sobrecarga_cuidador,"[""anticipación"", ""validación"", ""bajar luces""]","[""cambio brusco"", ""demasiado ruido"", ""pantallas tarde"", ""preguntar demasiado""]",0.32,3,2026-05-30T23:00:00,2026-03-11T23:00:00,2026-05-30T23:00:00
13d55030-102a-4e6e-ad3a-8bffd2d152b5,8eb78eb1-2c51-42fb-8109-782d19d43d14,032dcd07-c73f-450e-b4f5-f05f9c87151c,disfuncion_ejecutiva,"[""menos ruido"", ""validación"", ""pausa breve"", ""dar tiempo""]","[""presión escolar"", ""gritar"", ""forzar explicación"", ""demasiado ruido""]",0.4,5,2026-05-29T21:00:00,2026-03-13T21:00:00,2026-05-29T21:00:00
c8b02ec1-a690-4a16-b8a5-e2eb66184315,8eb78eb1-2c51-42fb-8109-782d19d43d14,032dcd07-c73f-450e-b4f5-f05f9c87151c,sobrecarga_sensorial,"[""menos ruido"", ""pausa breve"", ""microacciones"", ""anticipación""]","[""forzar explicación"", ""pantallas tarde"", ""apurar demasiado"", ""muchas instrucciones""]",0.4,5,2026-05-31T21:00:00,2026-04-25T21:00:00,2026-05-31T21:00:00
9bfe3a20-a8cf-4b55-9054-1e1f14407beb,8eb78eb1-2c51-42fb-8109-782d19d43d14,032dcd07-c73f-450e-b4f5-f05f9c87151c,sueno_regulacion,"[""validación"", ""menos palabras"", ""una sola indicación"", ""anticipación""]","[""apurar demasiado"", ""muchas instrucciones"", ""demasiado ruido"", ""cambio brusco""]",0.32,3,2026-05-31T14:15:00,2026-04-12T14:15:00,2026-05-31T14:15:00
eca8b671-161c-4092-b90b-1dc12e414747,8eb78eb1-2c51-42fb-8109-782d19d43d14,032dcd07-c73f-450e-b4f5-f05f9c87151c,transicion_rigidez,"[""anticipación"", ""una sola indicación""]","[""forzar explicación""]",0.24,1,2026-05-30T21:00:00,2026-04-09T21:00:00,2026-05-30T21:00:00
9719dd2f-b484-453c-8e90-8f1b01459a7c,8eb78eb1-2c51-42fb-8109-782d19d43d14,032dcd07-c73f-450e-b4f5-f05f9c87151c,crisis_activa,"[""mismo cierre"", ""validación"", ""menos palabras""]","[""gritar"", ""pantallas tarde"", ""muchas instrucciones"", ""apurar demasiado""]",0.28,2,2026-05-31T21:00:00,2026-04-09T21:00:00,2026-05-31T21:00:00
c85d6fce-0319-4867-a3bc-2400ae9cf125,8eb78eb1-2c51-42fb-8109-782d19d43d14,032dcd07-c73f-450e-b4f5-f05f9c87151c,apoyo_general,"[""una sola indicación"", ""pausa breve"", ""menos palabras""]","[""cambio brusco"", ""apurar demasiado"", ""presión escolar"", ""preguntar demasiado""]",0.36,4,2026-05-31T00:00:00,2026-03-30T00:00:00,2026-05-31T00:00:00
f8383549-9965-4f5b-ada8-e733c90b7e66,c25019f3-1716-4483-b2e2-aa2c237ba3c6,79220627-d31a-46e2-9fbf-c26b331c83ea,transicion_rigidez,"[""menos palabras"", ""anticipación"", ""microacciones""]","[""preguntar demasiado"", ""pantallas tarde"", ""apurar demasiado"", ""forzar explicación""]",0.28,2,2026-05-31T02:00:00,2026-03-30T02:00:00,2026-05-31T02:00:00
168a3792-289a-4ee1-ab82-81740a23b678,c25019f3-1716-4483-b2e2-aa2c237ba3c6,79220627-d31a-46e2-9fbf-c26b331c83ea,sobrecarga_cuidador,"[""menos palabras"", ""anticipación"", ""una sola indicación"", ""mismo cierre""]","[""forzar explicación"", ""apurar demasiado"", ""muchas instrucciones""]",0.32,3,2026-05-30T22:00:00,2026-04-30T22:00:00,2026-05-30T22:00:00
cb6a8f1b-762b-48cd-a437-ee6288b0c4c6,c25019f3-1716-4483-b2e2-aa2c237ba3c6,79220627-d31a-46e2-9fbf-c26b331c83ea,apoyo_general,"[""validación"", ""menos palabras"", ""mismo cierre"", ""microacciones""]","[""demasiado ruido"", ""corregir en el pico"", ""preguntar demasiado"", ""cambio brusco""]",0.36,4,2026-05-31T07:46:00,2026-04-14T07:46:00,2026-05-31T07:46:00
5aed8edf-e720-44d8-bfd7-bef943dc3806,c25019f3-1716-4483-b2e2-aa2c237ba3c6,79220627-d31a-46e2-9fbf-c26b331c83ea,sueno_regulacion,"[""dar tiempo"", ""pausa breve"", ""mismo cierre"", ""menos ruido""]","[""apurar demasiado"", ""corregir en el pico"", ""cambio brusco"", ""pantallas tarde""]",0.36,4,2026-05-31T21:00:00,2026-05-01T21:00:00,2026-05-31T21:00:00
e3f8a0bc-09f1-4ab6-9333-1171ef24b5d3,c25019f3-1716-4483-b2e2-aa2c237ba3c6,79220627-d31a-46e2-9fbf-c26b331c83ea,crisis_activa,"[""dar tiempo"", ""una sola indicación"", ""microacciones"", ""mismo cierre""]","[""pantallas tarde"", ""gritar"", ""demasiado ruido"", ""corregir en el pico""]",0.48,7,2026-05-31T01:00:00,2026-03-14T01:00:00,2026-05-31T01:00:00
457eec61-ab5a-414b-af48-7fa24cbee4bb,c25019f3-1716-4483-b2e2-aa2c237ba3c6,79220627-d31a-46e2-9fbf-c26b331c83ea,sobrecarga_sensorial,"[""una sola indicación"", ""microacciones""]","[""corregir en el pico"", ""forzar explicación"", ""apurar demasiado"", ""demasiado ruido""]",0.28,2,2026-05-30T22:00:00,2026-04-01T22:00:00,2026-05-30T22:00:00
353579ef-175f-48ac-986e-6d28975e186d,c25019f3-1716-4483-b2e2-aa2c237ba3c6,79220627-d31a-46e2-9fbf-c26b331c83ea,disfuncion_ejecutiva,"[""pausa breve""]","[""preguntar demasiado"", ""corregir en el pico""]",0.24,1,2026-05-28T21:00:00,2026-04-27T21:00:00,2026-05-28T21:00:00
88f28b82-87da-4f71-8382-484b9891e581,d90744ce-8978-418d-889d-31e4cdd05fb4,0b2d6f23-271e-4476-9bfc-357b3f168ab1,sueno_regulacion,"[""pausa breve"", ""dar tiempo"", ""menos palabras"", ""anticipación""]","[""apurar demasiado"", ""cambio brusco"", ""preguntar demasiado"", ""pantallas tarde""]",0.36,4,2026-05-29T21:00:00,2026-03-22T21:00:00,2026-05-29T21:00:00
df0a7857-7bb0-40a1-97a7-c18c733b2208,d90744ce-8978-418d-889d-31e4cdd05fb4,0b2d6f23-271e-4476-9bfc-357b3f168ab1,sobrecarga_sensorial,"[""microacciones"", ""bajar luces"", ""dar tiempo"", ""pausa breve""]","[""cambio brusco"", ""presión escolar"", ""muchas instrucciones"", ""pantallas tarde""]",0.44,6,2026-05-30T01:07:00,2026-05-03T01:07:00,2026-05-30T01:07:00
78cc03ea-a855-4fb0-ba53-59f91af72157,d90744ce-8978-418d-889d-31e4cdd05fb4,0b2d6f23-271e-4476-9bfc-357b3f168ab1,apoyo_general,"[""pausa breve"", ""microacciones"", ""una sola indicación"", ""dar tiempo""]","[""cambio brusco"", ""corregir en el pico"", ""presión escolar"", ""preguntar demasiado""]",0.36,4,2026-05-30T21:00:00,2026-03-23T21:00:00,2026-05-30T21:00:00
db995c7e-1f43-43a3-95a4-97167c9811ad,d90744ce-8978-418d-889d-31e4cdd05fb4,0b2d6f23-271e-4476-9bfc-357b3f168ab1,disfuncion_ejecutiva,"[""microacciones"", ""validación"", ""una sola indicación"", ""mismo cierre""]","[""presión escolar"", ""gritar"", ""forzar explicación"", ""corregir en el pico""]",0.32,3,2026-05-30T21:00:00,2026-04-14T21:00:00,2026-05-30T21:00:00
768f1ab7-639f-4c86-834a-27c8e2aada99,d90744ce-8978-418d-889d-31e4cdd05fb4,0b2d6f23-271e-4476-9bfc-357b3f168ab1,crisis_activa,"[""validación"", ""anticipación"", ""microacciones"", ""menos palabras""]","[""gritar"", ""preguntar demasiado"", ""pantallas tarde"", ""apurar demasiado""]",0.36,4,2026-05-31T21:00:00,2026-03-25T21:00:00,2026-05-31T21:00:00
1aa93c73-d847-4bf1-90d7-72e021265c3e,d90744ce-8978-418d-889d-31e4cdd05fb4,0b2d6f23-271e-4476-9bfc-357b3f168ab1,sobrecarga_cuidador,"[""dar tiempo""]","[""muchas instrucciones"", ""presión escolar"", ""preguntar demasiado"", ""apurar demasiado""]",0.28,2,2026-05-16T18:57:00,2026-03-10T18:57:00,2026-05-16T18:57:00
fbcc209b-0fb1-4c69-b22e-2d659919136d,7acdf96d-f0d6-47ef-a652-2296f18b05b7,922468b5-6a8d-4041-9001-775efa08c69d,sobrecarga_sensorial,"[""pausa breve"", ""menos ruido""]","[""demasiado ruido"", ""muchas instrucciones"", ""preguntar demasiado""]",0.32,3,2026-05-31T21:00:00,2026-03-23T21:00:00,2026-05-31T21:00:00
9f7471f9-5db1-4451-ae61-90b2c1a1783a,7acdf96d-f0d6-47ef-a652-2296f18b05b7,922468b5-6a8d-4041-9001-775efa08c69d,crisis_activa,"[""bajar luces"", ""validación"", ""menos ruido"", ""menos palabras""]","[""presión escolar"", ""pantallas tarde"", ""preguntar demasiado"", ""demasiado ruido""]",0.48,7,2026-05-31T21:00:00,2026-05-11T21:00:00,2026-05-31T21:00:00
40dbe8e2-03cb-49fb-bed2-315c9a49d462,7acdf96d-f0d6-47ef-a652-2296f18b05b7,922468b5-6a8d-4041-9001-775efa08c69d,transicion_rigidez,"[""anticipación"", ""bajar luces"", ""dar tiempo"", ""una sola indicación""]","[""pantallas tarde"", ""preguntar demasiado"", ""corregir en el pico"", ""cambio brusco""]",0.32,3,2026-05-27T21:00:00,2026-04-11T21:00:00,2026-05-27T21:00:00
8157e8cc-3a5a-4f49-9b37-55304e175aa6,7acdf96d-f0d6-47ef-a652-2296f18b05b7,922468b5-6a8d-4041-9001-775efa08c69d,apoyo_general,"[""menos ruido"", ""validación"", ""pausa breve"", ""bajar luces""]","[""cambio brusco"", ""forzar explicación"", ""muchas instrucciones"", ""gritar""]",0.32,3,2026-05-24T12:53:00,2026-03-22T12:53:00,2026-05-24T12:53:00
073d0fd1-af08-4693-ac29-1206735c2480,7acdf96d-f0d6-47ef-a652-2296f18b05b7,922468b5-6a8d-4041-9001-775efa08c69d,disfuncion_ejecutiva,"[""pausa breve"", ""dar tiempo"", ""bajar luces"", ""menos ruido""]","[""gritar"", ""demasiado ruido"", ""apurar demasiado"", ""corregir en el pico""]",0.36,4,2026-05-31T16:53:00,2026-03-17T16:53:00,2026-05-31T16:53:00
128afc6e-f744-4ec9-a177-655b726f603f,7acdf96d-f0d6-47ef-a652-2296f18b05b7,922468b5-6a8d-4041-9001-775efa08c69d,sueno_regulacion,"[""dar tiempo"", ""una sola indicación"", ""mismo cierre""]","[""gritar""]",0.24,1,2026-05-30T21:00:00,2026-04-11T21:00:00,2026-05-30T21:00:00
93819691-9f42-44e4-9852-7533427bbf11,7acdf96d-f0d6-47ef-a652-2296f18b05b7,922468b5-6a8d-4041-9001-775efa08c69d,sobrecarga_cuidador,"[""anticipación"", ""dar tiempo"", ""menos ruido""]","[""forzar explicación"", ""demasiado ruido"", ""gritar"", ""preguntar demasiado""]",0.28,2,2026-05-31T21:00:00,2026-05-01T21:00:00,2026-05-31T21:00:00
8006ac01-6bcd-4e1b-815b-996c368047f6,ecc7fd0f-c099-4120-83f8-b48c4d1e8a4e,0380aa17-34c0-4d89-abcf-644fa184d7bc,crisis_activa,"[""bajar luces"", ""una sola indicación"", ""menos palabras"", ""anticipación""]","[""preguntar demasiado"", ""presión escolar"", ""gritar"", ""cambio brusco""]",0.4,5,2026-05-31T21:00:00,2026-04-21T21:00:00,2026-05-31T21:00:00
96eee7d4-87d2-433c-b7e3-d0d73f8a0dcf,ecc7fd0f-c099-4120-83f8-b48c4d1e8a4e,0380aa17-34c0-4d89-abcf-644fa184d7bc,sobrecarga_cuidador,"[""anticipación"", ""menos ruido"", ""bajar luces"", ""una sola indicación""]","[""apurar demasiado"", ""preguntar demasiado"", ""forzar explicación"", ""cambio brusco""]",0.44,6,2026-05-31T21:00:00,2026-03-21T21:00:00,2026-05-31T21:00:00
1106fd17-240e-4ed2-bf66-f196180cfe5e,ecc7fd0f-c099-4120-83f8-b48c4d1e8a4e,0380aa17-34c0-4d89-abcf-644fa184d7bc,sobrecarga_sensorial,"[""menos palabras"", ""microacciones"", ""anticipación"", ""validación""]","[""presión escolar"", ""muchas instrucciones"", ""gritar"", ""demasiado ruido""]",0.4,5,2026-05-30T00:00:00,2026-04-14T00:00:00,2026-05-30T00:00:00
daa2acce-8dc2-48d6-b9bf-ed6e6fd686f6,ecc7fd0f-c099-4120-83f8-b48c4d1e8a4e,0380aa17-34c0-4d89-abcf-644fa184d7bc,disfuncion_ejecutiva,"[""anticipación"", ""pausa breve"", ""menos palabras"", ""bajar luces""]","[""forzar explicación"", ""corregir en el pico"", ""muchas instrucciones"", ""pantallas tarde""]",0.32,3,2026-05-31T21:00:00,2026-05-03T21:00:00,2026-05-31T21:00:00
b3f4c3f2-649e-4a53-b1d4-f87f5530ce3c,ecc7fd0f-c099-4120-83f8-b48c4d1e8a4e,0380aa17-34c0-4d89-abcf-644fa184d7bc,apoyo_general,"[""bajar luces"", ""anticipación"", ""mismo cierre"", ""pausa breve""]","[""presión escolar"", ""demasiado ruido"", ""apurar demasiado""]",0.32,3,2026-05-31T03:00:00,2026-04-16T03:00:00,2026-05-31T03:00:00
39ba1c45-d4e9-4713-8495-399e15769610,ecc7fd0f-c099-4120-83f8-b48c4d1e8a4e,0380aa17-34c0-4d89-abcf-644fa184d7bc,sueno_regulacion,"[""dar tiempo"", ""menos palabras""]","[""muchas instrucciones""]",0.24,1,2026-05-26T21:00:00,2026-04-05T21:00:00,2026-05-26T21:00:00
cd6ca875-7a27-4105-9d08-f2f7da7fd4a5,14028473-68cf-4e2a-9a07-f0d594a5792b,245bdc34-54f7-4f1e-9f89-03367c2bfa9b,disfuncion_ejecutiva,"[""microacciones"", ""pausa breve"", ""dar tiempo"", ""menos ruido""]","[""preguntar demasiado"", ""muchas instrucciones"", ""gritar"", ""apurar demasiado""]",0.44,6,2026-05-31T21:00:00,2026-05-07T21:00:00,2026-05-31T21:00:00
1aec60ea-fcc0-4640-afa0-c1466285b339,14028473-68cf-4e2a-9a07-f0d594a5792b,245bdc34-54f7-4f1e-9f89-03367c2bfa9b,sobrecarga_cuidador,"[""dar tiempo"", ""bajar luces"", ""validación"", ""menos ruido""]","[""presión escolar"", ""gritar"", ""pantallas tarde"", ""corregir en el pico""]",0.32,3,2026-05-30T21:00:00,2026-05-07T21:00:00,2026-05-30T21:00:00
1490f82b-719d-4c7e-8995-f785a7a53560,14028473-68cf-4e2a-9a07-f0d594a5792b,245bdc34-54f7-4f1e-9f89-03367c2bfa9b,apoyo_general,"[""bajar luces"", ""menos ruido"", ""mismo cierre""]","[""apurar demasiado"", ""demasiado ruido"", ""cambio brusco"", ""pantallas tarde""]",0.36,4,2026-05-30T21:00:00,2026-03-23T21:00:00,2026-05-30T21:00:00
da37e0a6-4513-4aab-b303-6bdb842464d8,14028473-68cf-4e2a-9a07-f0d594a5792b,245bdc34-54f7-4f1e-9f89-03367c2bfa9b,sobrecarga_sensorial,"[""menos palabras""]","[""preguntar demasiado"", ""pantallas tarde"", ""demasiado ruido"", ""presión escolar""]",0.28,2,2026-05-30T21:00:00,2026-03-24T21:00:00,2026-05-30T21:00:00
41c5aa8e-82d1-47b8-8c4f-cd7708d54add,14028473-68cf-4e2a-9a07-f0d594a5792b,245bdc34-54f7-4f1e-9f89-03367c2bfa9b,crisis_activa,"[""menos ruido"", ""validación"", ""bajar luces"", ""menos palabras""]","[""presión escolar"", ""demasiado ruido"", ""apurar demasiado"", ""cambio brusco""]",0.36,4,2026-05-30T21:00:00,2026-04-16T21:00:00,2026-05-30T21:00:00
4f51a4b6-f946-4bd9-9d81-e36ed120cf9d,14028473-68cf-4e2a-9a07-f0d594a5792b,245bdc34-54f7-4f1e-9f89-03367c2bfa9b,transicion_rigidez,"[""mismo cierre"", ""anticipación"", ""menos ruido"", ""dar tiempo""]","[""cambio brusco"", ""preguntar demasiado"", ""presión escolar"", ""pantallas tarde""]",0.32,3,2026-05-31T21:00:00,2026-03-13T21:00:00,2026-05-31T21:00:00
617c9208-64fa-40ca-acb7-f095ec34598d,14028473-68cf-4e2a-9a07-f0d594a5792b,245bdc34-54f7-4f1e-9f89-03367c2bfa9b,sueno_regulacion,"[""mismo cierre"", ""menos palabras""]","[""corregir en el pico"", ""preguntar demasiado"", ""apurar demasiado""]",0.24,1,2026-05-29T21:00:00,2026-04-02T21:00:00,2026-05-29T21:00:00
bb44802f-7bbf-4bf6-90e2-193abeb87a14,fc1cd7da-cf3e-47fc-8d1e-eff3df3eacce,415d7458-8b39-48ae-ac48-a50cb73d23c8,sueno_regulacion,"[""menos palabras"", ""microacciones"", ""dar tiempo"", ""anticipación""]","[""preguntar demasiado"", ""apurar demasiado"", ""forzar explicación"", ""gritar""]",0.32,3,2026-05-31T00:00:00,2026-03-17T00:00:00,2026-05-31T00:00:00
6d4008e6-9cf2-4f6c-92fb-efa122b141ad,fc1cd7da-cf3e-47fc-8d1e-eff3df3eacce,415d7458-8b39-48ae-ac48-a50cb73d23c8,sobrecarga_sensorial,"[""menos palabras"", ""anticipación"", ""bajar luces"", ""una sola indicación""]","[""corregir en el pico"", ""forzar explicación"", ""cambio brusco"", ""demasiado ruido""]",0.4,5,2026-05-28T21:00:00,2026-04-06T21:00:00,2026-05-28T21:00:00
ca039fd5-9a04-45d5-bdb2-0442bd08c733,fc1cd7da-cf3e-47fc-8d1e-eff3df3eacce,415d7458-8b39-48ae-ac48-a50cb73d23c8,apoyo_general,"[""microacciones"", ""menos ruido"", ""pausa breve"", ""dar tiempo""]","[""demasiado ruido"", ""muchas instrucciones"", ""pantallas tarde"", ""forzar explicación""]",0.4,5,2026-05-30T02:19:00,2026-03-12T02:19:00,2026-05-30T02:19:00
3854f9a6-fe59-4e10-bc28-a549ace3f6e3,fc1cd7da-cf3e-47fc-8d1e-eff3df3eacce,415d7458-8b39-48ae-ac48-a50cb73d23c8,disfuncion_ejecutiva,"[""anticipación"", ""mismo cierre"", ""validación"", ""microacciones""]","[""corregir en el pico"", ""preguntar demasiado"", ""demasiado ruido"", ""forzar explicación""]",0.32,3,2026-05-31T06:19:00,2026-03-15T06:19:00,2026-05-31T06:19:00
f3a5cc23-0151-49ed-a4f7-6a6956f7c4e4,fc1cd7da-cf3e-47fc-8d1e-eff3df3eacce,415d7458-8b39-48ae-ac48-a50cb73d23c8,sobrecarga_cuidador,"[""una sola indicación"", ""bajar luces"", ""anticipación""]","[""gritar"", ""forzar explicación"", ""pantallas tarde"", ""apurar demasiado""]",0.32,3,2026-05-30T21:00:00,2026-03-31T21:00:00,2026-05-30T21:00:00
169d7d39-0689-414d-b0eb-c05305ff93e7,fc1cd7da-cf3e-47fc-8d1e-eff3df3eacce,415d7458-8b39-48ae-ac48-a50cb73d23c8,crisis_activa,"[""menos palabras"", ""validación"", ""una sola indicación"", ""mismo cierre""]","[""muchas instrucciones"", ""pantallas tarde"", ""preguntar demasiado"", ""presión escolar""]",0.32,3,2026-05-31T21:00:00,2026-03-16T21:00:00,2026-05-31T21:00:00
a118bc5b-cfad-41e1-8246-a2124c8552f4,fc1cd7da-cf3e-47fc-8d1e-eff3df3eacce,415d7458-8b39-48ae-ac48-a50cb73d23c8,transicion_rigidez,[],"[""muchas instrucciones""]",0.24,1,2026-05-31T21:00:00,2026-03-12T21:00:00,2026-05-31T21:00:00
fe9f3050-2c5b-43b6-8e72-12c4166ed0d4,2b782017-90d8-4c42-9b89-53ecf7c53148,0bafec73-2550-48e8-9349-c16b3a2eeb9b,sobrecarga_sensorial,"[""menos ruido"", ""microacciones"", ""anticipación"", ""validación""]","[""pantallas tarde"", ""forzar explicación"", ""cambio brusco"", ""muchas instrucciones""]",0.36,4,2026-05-31T06:00:00,2026-04-19T06:00:00,2026-05-31T06:00:00
eafec0df-8c84-45e1-b33f-7fa49cba1116,2b782017-90d8-4c42-9b89-53ecf7c53148,0bafec73-2550-48e8-9349-c16b3a2eeb9b,sobrecarga_cuidador,"[""menos palabras"", ""bajar luces"", ""una sola indicación"", ""anticipación""]","[""preguntar demasiado"", ""gritar"", ""pantallas tarde"", ""corregir en el pico""]",0.44,6,2026-05-30T21:00:00,2026-04-02T21:00:00,2026-05-30T21:00:00
37b3e804-b002-44a7-869c-2635d4e128ba,2b782017-90d8-4c42-9b89-53ecf7c53148,0bafec73-2550-48e8-9349-c16b3a2eeb9b,apoyo_general,"[""microacciones"", ""una sola indicación"", ""anticipación""]","[""cambio brusco"", ""preguntar demasiado"", ""demasiado ruido"", ""pantallas tarde""]",0.36,4,2026-05-31T14:48:00,2026-04-06T14:48:00,2026-05-31T14:48:00
58a8dfeb-6b64-404a-9410-01f378921f61,2b782017-90d8-4c42-9b89-53ecf7c53148,0bafec73-2550-48e8-9349-c16b3a2eeb9b,sueno_regulacion,"[""anticipación"", ""menos ruido"", ""bajar luces"", ""validación""]","[""pantallas tarde"", ""preguntar demasiado""]",0.28,2,2026-05-30T21:00:00,2026-04-27T21:00:00,2026-05-30T21:00:00
6c0626bf-8497-494f-a389-548b791cf67d,2b782017-90d8-4c42-9b89-53ecf7c53148,0bafec73-2550-48e8-9349-c16b3a2eeb9b,crisis_activa,"[""pausa breve"", ""menos ruido"", ""microacciones"", ""mismo cierre""]","[""pantallas tarde"", ""muchas instrucciones"", ""preguntar demasiado"", ""forzar explicación""]",0.36,4,2026-05-31T21:00:00,2026-04-23T21:00:00,2026-05-31T21:00:00
490054bb-2d40-4068-aba8-4c8ebf508173,2b782017-90d8-4c42-9b89-53ecf7c53148,0bafec73-2550-48e8-9349-c16b3a2eeb9b,disfuncion_ejecutiva,"[""mismo cierre"", ""menos ruido"", ""bajar luces""]","[""forzar explicación"", ""corregir en el pico"", ""demasiado ruido"", ""muchas instrucciones""]",0.32,3,2026-05-29T21:00:00,2026-04-20T21:00:00,2026-05-29T21:00:00
740d8d1e-e533-421d-be51-2025e9cfcfcb,9f49af09-ba5f-46d6-8282-3883ebff3f28,640d5c9c-4c0d-40b2-9240-7ef8be5346dc,sobrecarga_sensorial,"[""menos ruido"", ""bajar luces"", ""pausa breve"", ""dar tiempo""]","[""cambio brusco"", ""pantallas tarde"", ""forzar explicación"", ""gritar""]",0.36,4,2026-05-31T04:00:00,2026-04-04T04:00:00,2026-05-31T04:00:00
e296ebd2-be48-4ca9-8754-1af804273f02,9f49af09-ba5f-46d6-8282-3883ebff3f28,640d5c9c-4c0d-40b2-9240-7ef8be5346dc,transicion_rigidez,"[""microacciones"", ""anticipación"", ""validación"", ""mismo cierre""]","[""gritar"", ""apurar demasiado"", ""muchas instrucciones"", ""forzar explicación""]",0.52,8,2026-05-31T21:00:00,2026-04-09T21:00:00,2026-05-31T21:00:00
e9485d7e-1250-4e72-8bb7-370edc9379e8,9f49af09-ba5f-46d6-8282-3883ebff3f28,640d5c9c-4c0d-40b2-9240-7ef8be5346dc,crisis_activa,"[""bajar luces"", ""mismo cierre"", ""menos palabras"", ""una sola indicación""]","[""cambio brusco"", ""preguntar demasiado"", ""apurar demasiado"", ""forzar explicación""]",0.4,5,2026-05-31T21:00:00,2026-03-23T21:00:00,2026-05-31T21:00:00
c44440da-473d-4c31-b915-dbadcb8dee0f,9f49af09-ba5f-46d6-8282-3883ebff3f28,640d5c9c-4c0d-40b2-9240-7ef8be5346dc,apoyo_general,"[""mismo cierre"", ""anticipación"", ""bajar luces"", ""dar tiempo""]","[""preguntar demasiado"", ""muchas instrucciones"", ""apurar demasiado"", ""pantallas tarde""]",0.4,5,2026-05-28T22:00:00,2026-04-30T22:00:00,2026-05-28T22:00:00
7458cad2-dc6d-4cbd-8eda-73a5bc3f4ef2,9f49af09-ba5f-46d6-8282-3883ebff3f28,640d5c9c-4c0d-40b2-9240-7ef8be5346dc,sobrecarga_cuidador,"[""microacciones"", ""anticipación""]","[""demasiado ruido"", ""cambio brusco"", ""preguntar demasiado""]",0.24,1,2026-05-26T21:00:00,2026-03-29T21:00:00,2026-05-26T21:00:00
6d7b9e5e-52b0-4b52-ab16-904d8111fd5b,a4fdf2be-40ef-4074-977b-551a82a4099c,00f57023-b3a1-4d62-9c9f-21b573e778e0,crisis_activa,"[""una sola indicación"", ""menos palabras"", ""validación""]","[""forzar explicación"", ""preguntar demasiado"", ""gritar"", ""muchas instrucciones""]",0.4,5,2026-05-31T03:00:00,2026-03-26T03:00:00,2026-05-31T03:00:00
6e93a950-1fe1-45a8-8de2-4858233083b3,a4fdf2be-40ef-4074-977b-551a82a4099c,00f57023-b3a1-4d62-9c9f-21b573e778e0,apoyo_general,"[""pausa breve"", ""dar tiempo"", ""bajar luces"", ""una sola indicación""]","[""demasiado ruido"", ""corregir en el pico"", ""apurar demasiado"", ""pantallas tarde""]",0.36,4,2026-05-31T21:00:00,2026-04-06T21:00:00,2026-05-31T21:00:00
7b0d46d5-3aac-422b-bdc3-0666ba7c48c6,a4fdf2be-40ef-4074-977b-551a82a4099c,00f57023-b3a1-4d62-9c9f-21b573e778e0,sobrecarga_sensorial,"[""pausa breve"", ""anticipación"", ""validación""]","[""cambio brusco"", ""preguntar demasiado"", ""corregir en el pico"", ""apurar demasiado""]",0.32,3,2026-05-29T02:00:00,2026-04-25T02:00:00,2026-05-29T02:00:00
2dae161a-d3d2-4429-a2c6-4526724c151f,a4fdf2be-40ef-4074-977b-551a82a4099c,00f57023-b3a1-4d62-9c9f-21b573e778e0,transicion_rigidez,"[""microacciones"", ""mismo cierre"", ""menos palabras"", ""dar tiempo""]","[""demasiado ruido"", ""apurar demasiado"", ""gritar"", ""corregir en el pico""]",0.32,3,2026-05-22T20:06:00,2026-04-15T20:06:00,2026-05-22T20:06:00
b9720abb-8b5c-446d-a430-80ee55c4dc70,a4fdf2be-40ef-4074-977b-551a82a4099c,00f57023-b3a1-4d62-9c9f-21b573e778e0,sobrecarga_cuidador,"[""anticipación"", ""menos palabras"", ""mismo cierre"", ""dar tiempo""]","[""forzar explicación"", ""corregir en el pico"", ""muchas instrucciones"", ""presión escolar""]",0.36,4,2026-05-31T21:00:00,2026-04-19T21:00:00,2026-05-31T21:00:00
f07dbb70-93c4-429b-afc5-63c3b3889c73,a4fdf2be-40ef-4074-977b-551a82a4099c,00f57023-b3a1-4d62-9c9f-21b573e778e0,disfuncion_ejecutiva,"[""pausa breve"", ""una sola indicación"", ""anticipación"", ""bajar luces""]","[""muchas instrucciones"", ""apurar demasiado"", ""cambio brusco"", ""gritar""]",0.32,3,2026-05-30T21:00:00,2026-04-28T21:00:00,2026-05-30T21:00:00
b958f542-a8de-4658-addb-85d6ecd471b0,a4fdf2be-40ef-4074-977b-551a82a4099c,00f57023-b3a1-4d62-9c9f-21b573e778e0,sueno_regulacion,"[""anticipación"", ""microacciones"", ""validación""]","[""demasiado ruido"", ""corregir en el pico"", ""presión escolar""]",0.24,1,2026-05-31T21:00:00,2026-04-11T21:00:00,2026-05-31T21:00:00
b5d5c3d2-7438-4a0d-b740-5350d24024b0,6fc2a463-0e65-44c9-9355-acb82f03e7f3,089532d8-883b-418b-93d5-da57fa4842c2,disfuncion_ejecutiva,"[""anticipación"", ""menos ruido"", ""validación"", ""menos palabras""]","[""apurar demasiado"", ""muchas instrucciones"", ""forzar explicación"", ""gritar""]",0.4,5,2026-05-31T21:00:00,2026-03-20T21:00:00,2026-05-31T21:00:00
f4ed8548-e6cb-4f5b-8aba-f7fc39d9f2eb,6fc2a463-0e65-44c9-9355-acb82f03e7f3,089532d8-883b-418b-93d5-da57fa4842c2,crisis_activa,"[""mismo cierre"", ""menos ruido"", ""una sola indicación"", ""menos palabras""]","[""pantallas tarde"", ""presión escolar"", ""gritar""]",0.28,2,2026-05-28T00:00:00,2026-05-07T00:00:00,2026-05-28T00:00:00
f7e6f3fc-91a7-4215-9eae-a8bf1261acae,6fc2a463-0e65-44c9-9355-acb82f03e7f3,089532d8-883b-418b-93d5-da57fa4842c2,sobrecarga_cuidador,"[""microacciones"", ""bajar luces"", ""dar tiempo"", ""validación""]","[""pantallas tarde"", ""demasiado ruido"", ""muchas instrucciones"", ""presión escolar""]",0.44,6,2026-05-31T21:00:00,2026-04-27T21:00:00,2026-05-31T21:00:00
3195f694-69ac-46eb-9573-88e4b933e6d5,6fc2a463-0e65-44c9-9355-acb82f03e7f3,089532d8-883b-418b-93d5-da57fa4842c2,sobrecarga_sensorial,"[""una sola indicación"", ""mismo cierre"", ""menos ruido""]","[""gritar"", ""muchas instrucciones"", ""forzar explicación"", ""preguntar demasiado""]",0.32,3,2026-05-30T21:00:00,2026-03-12T21:00:00,2026-05-30T21:00:00
65c7ac55-51d4-4ecd-b45c-09fc7cde69ee,6fc2a463-0e65-44c9-9355-acb82f03e7f3,089532d8-883b-418b-93d5-da57fa4842c2,sueno_regulacion,"[""anticipación"", ""una sola indicación""]","[""cambio brusco"", ""corregir en el pico""]",0.24,1,2026-05-30T16:07:00,2026-04-15T16:07:00,2026-05-30T16:07:00
944610ae-dc07-439d-be66-aeae1c23c764,6fc2a463-0e65-44c9-9355-acb82f03e7f3,089532d8-883b-418b-93d5-da57fa4842c2,apoyo_general,"[""una sola indicación"", ""menos ruido"", ""anticipación"", ""bajar luces""]","[""pantallas tarde"", ""gritar"", ""demasiado ruido"", ""cambio brusco""]",0.4,5,2026-05-31T21:00:00,2026-04-06T21:00:00,2026-05-31T21:00:00
9e126d0a-8955-42ff-bf58-31036778cb32,6fc2a463-0e65-44c9-9355-acb82f03e7f3,089532d8-883b-418b-93d5-da57fa4842c2,transicion_rigidez,"[""mismo cierre"", ""menos ruido""]","[""cambio brusco"", ""demasiado ruido""]",0.24,1,2026-05-26T21:00:00,2026-05-06T21:00:00,2026-05-26T21:00:00
1baab26e-7e97-4c42-9f7e-c6720803e248,e53c06a6-7e9a-47a2-8ec0-f52fb15355c4,c158bad4-ed70-4292-a781-8cc9442f7c41,apoyo_general,"[""dar tiempo"", ""anticipación"", ""pausa breve"", ""menos palabras""]","[""demasiado ruido"", ""gritar"", ""pantallas tarde""]",0.32,3,2026-05-31T21:00:00,2026-03-17T21:00:00,2026-05-31T21:00:00
ccb04422-38d1-4870-a860-9e9bbe7ebad6,e53c06a6-7e9a-47a2-8ec0-f52fb15355c4,c158bad4-ed70-4292-a781-8cc9442f7c41,crisis_activa,"[""microacciones"", ""menos palabras"", ""validación"", ""mismo cierre""]","[""forzar explicación"", ""apurar demasiado"", ""corregir en el pico"", ""pantallas tarde""]",0.4,5,2026-05-30T21:00:00,2026-04-09T21:00:00,2026-05-30T21:00:00
ad3f4cff-c258-429e-ad5c-4609acd40545,e53c06a6-7e9a-47a2-8ec0-f52fb15355c4,c158bad4-ed70-4292-a781-8cc9442f7c41,sobrecarga_sensorial,"[""mismo cierre"", ""microacciones"", ""menos ruido"", ""bajar luces""]","[""preguntar demasiado"", ""muchas instrucciones"", ""pantallas tarde"", ""demasiado ruido""]",0.4,5,2026-05-30T03:00:00,2026-04-10T03:00:00,2026-05-30T03:00:00
0e583f58-6fd4-4aa4-9ecc-f7d8cb342e58,e53c06a6-7e9a-47a2-8ec0-f52fb15355c4,c158bad4-ed70-4292-a781-8cc9442f7c41,sobrecarga_cuidador,"[""menos palabras"", ""menos ruido"", ""microacciones""]","[""pantallas tarde"", ""gritar"", ""corregir en el pico"", ""muchas instrucciones""]",0.28,2,2026-05-14T19:26:00,2026-03-07T19:26:00,2026-05-14T19:26:00
f6c7f6c0-e366-4a26-af11-2c6afd641fa6,e53c06a6-7e9a-47a2-8ec0-f52fb15355c4,c158bad4-ed70-4292-a781-8cc9442f7c41,sueno_regulacion,"[""dar tiempo"", ""una sola indicación"", ""pausa breve""]","[""cambio brusco"", ""gritar"", ""demasiado ruido"", ""apurar demasiado""]",0.32,3,2026-05-30T21:00:00,2026-04-26T21:00:00,2026-05-30T21:00:00
27a20743-5d01-4a99-80b0-bc6d79253cff,e53c06a6-7e9a-47a2-8ec0-f52fb15355c4,c158bad4-ed70-4292-a781-8cc9442f7c41,disfuncion_ejecutiva,"[""dar tiempo"", ""menos ruido"", ""microacciones"", ""pausa breve""]","[""pantallas tarde"", ""demasiado ruido"", ""forzar explicación"", ""preguntar demasiado""]",0.4,5,2026-05-28T21:00:00,2026-04-26T21:00:00,2026-05-28T21:00:00
a6090172-6876-4bcb-a318-459961e6a003,0e5bdd1d-eabe-40e8-aeed-08f55db16a62,e74cf013-3ab7-49ae-aeee-8034ec96ecc2,sobrecarga_sensorial,"[""microacciones"", ""dar tiempo"", ""anticipación""]","[""muchas instrucciones"", ""apurar demasiado"", ""forzar explicación"", ""preguntar demasiado""]",0.28,2,2026-05-31T21:00:00,2026-05-08T21:00:00,2026-05-31T21:00:00
4a60d575-94dc-4e43-822a-53e4b3dea9a9,0e5bdd1d-eabe-40e8-aeed-08f55db16a62,e74cf013-3ab7-49ae-aeee-8034ec96ecc2,disfuncion_ejecutiva,"[""microacciones"", ""validación"", ""pausa breve"", ""bajar luces""]","[""demasiado ruido"", ""muchas instrucciones"", ""corregir en el pico""]",0.36,4,2026-05-30T21:00:00,2026-04-14T21:00:00,2026-05-30T21:00:00
e8adecb3-04b3-41ce-9e90-2002f2e86c65,0e5bdd1d-eabe-40e8-aeed-08f55db16a62,e74cf013-3ab7-49ae-aeee-8034ec96ecc2,apoyo_general,"[""mismo cierre"", ""anticipación"", ""validación"", ""microacciones""]","[""apurar demasiado"", ""pantallas tarde"", ""gritar"", ""corregir en el pico""]",0.32,3,2026-05-30T21:00:00,2026-04-10T21:00:00,2026-05-30T21:00:00
9bd949f2-9455-4c88-8540-81a6c5112636,0e5bdd1d-eabe-40e8-aeed-08f55db16a62,e74cf013-3ab7-49ae-aeee-8034ec96ecc2,sobrecarga_cuidador,"[""validación"", ""microacciones"", ""anticipación"", ""mismo cierre""]","[""gritar"", ""forzar explicación"", ""presión escolar"", ""cambio brusco""]",0.36,4,2026-05-31T03:00:00,2026-05-06T03:00:00,2026-05-31T03:00:00
69aae07f-dcbd-482a-a76b-b2eab57d4165,0e5bdd1d-eabe-40e8-aeed-08f55db16a62,e74cf013-3ab7-49ae-aeee-8034ec96ecc2,transicion_rigidez,"[""menos ruido"", ""pausa breve"", ""una sola indicación"", ""bajar luces""]","[""gritar"", ""demasiado ruido"", ""muchas instrucciones""]",0.36,4,2026-05-31T21:00:00,2026-04-05T21:00:00,2026-05-31T21:00:00
cabc089b-8ba0-4efd-8f31-23d1af74cfa9,0e5bdd1d-eabe-40e8-aeed-08f55db16a62,e74cf013-3ab7-49ae-aeee-8034ec96ecc2,crisis_activa,"[""validación"", ""menos ruido"", ""una sola indicación"", ""bajar luces""]","[""corregir en el pico"", ""preguntar demasiado"", ""gritar"", ""apurar demasiado""]",0.36,4,2026-05-31T21:00:00,2026-05-08T21:00:00,2026-05-31T21:00:00
57707159-9f97-473a-8733-8cebfb6f75ac,0e5bdd1d-eabe-40e8-aeed-08f55db16a62,e74cf013-3ab7-49ae-aeee-8034ec96ecc2,sueno_regulacion,"[""mismo cierre"", ""bajar luces"", ""pausa breve"", ""una sola indicación""]","[""muchas instrucciones"", ""demasiado ruido"", ""forzar explicación"", ""gritar""]",0.28,2,2026-05-30T21:00:00,2026-04-21T21:00:00,2026-05-30T21:00:00
e04badd5-d17d-4b48-b443-c5f751a44ba3,fbcc318b-408e-4cc2-bc63-6f92202c5966,2082e5f0-9e3a-4f4e-b938-098513018afb,crisis_activa,"[""pausa breve"", ""validación"", ""bajar luces"", ""anticipación""]","[""demasiado ruido"", ""muchas instrucciones"", ""presión escolar"", ""cambio brusco""]",0.36,4,2026-05-31T03:00:00,2026-03-23T03:00:00,2026-05-31T03:00:00
04a3d9d8-aa1e-44b3-8ee3-29e09e6f5ed7,fbcc318b-408e-4cc2-bc63-6f92202c5966,2082e5f0-9e3a-4f4e-b938-098513018afb,sobrecarga_cuidador,"[""anticipación"", ""dar tiempo"", ""validación"", ""microacciones""]","[""muchas instrucciones"", ""apurar demasiado"", ""gritar"", ""forzar explicación""]",0.44,6,2026-05-30T21:00:00,2026-03-13T21:00:00,2026-05-30T21:00:00
3e7a148b-9cc7-4307-883f-b65d70a36646,fbcc318b-408e-4cc2-bc63-6f92202c5966,2082e5f0-9e3a-4f4e-b938-098513018afb,apoyo_general,"[""dar tiempo"", ""anticipación"", ""bajar luces"", ""pausa breve""]","[""preguntar demasiado"", ""cambio brusco"", ""gritar"", ""corregir en el pico""]",0.4,5,2026-05-31T21:00:00,2026-03-19T21:00:00,2026-05-31T21:00:00
d95d49a1-96da-418f-acd0-abd0462b6cb7,fbcc318b-408e-4cc2-bc63-6f92202c5966,2082e5f0-9e3a-4f4e-b938-098513018afb,disfuncion_ejecutiva,"[""dar tiempo"", ""anticipación"", ""una sola indicación""]","[""apurar demasiado"", ""gritar"", ""muchas instrucciones""]",0.28,2,2026-05-29T16:46:00,2026-04-15T16:46:00,2026-05-29T16:46:00
af2777d5-b066-44e4-8571-57ac6af10c1e,fbcc318b-408e-4cc2-bc63-6f92202c5966,2082e5f0-9e3a-4f4e-b938-098513018afb,sueno_regulacion,"[""menos ruido"", ""dar tiempo"", ""pausa breve"", ""anticipación""]","[""pantallas tarde"", ""muchas instrucciones"", ""forzar explicación"", ""demasiado ruido""]",0.28,2,2026-05-31T21:00:00,2026-03-31T21:00:00,2026-05-31T21:00:00
353a1886-c12b-45dd-83d4-23b92df0f315,fbcc318b-408e-4cc2-bc63-6f92202c5966,2082e5f0-9e3a-4f4e-b938-098513018afb,sobrecarga_sensorial,"[""microacciones"", ""menos ruido"", ""menos palabras"", ""validación""]","[""presión escolar"", ""corregir en el pico"", ""pantallas tarde""]",0.32,3,2026-05-30T21:00:00,2026-03-13T21:00:00,2026-05-30T21:00:00
019cba67-5dd0-40a3-ac2b-6eca10fddcde,fbcc318b-408e-4cc2-bc63-6f92202c5966,2082e5f0-9e3a-4f4e-b938-098513018afb,transicion_rigidez,"[""bajar luces"", ""menos ruido"", ""menos palabras""]","[""apurar demasiado"", ""cambio brusco""]",0.24,1,2026-05-30T21:00:00,2026-03-22T21:00:00,2026-05-30T21:00:00
ece1db71-96c7-445d-bdad-f5eb183d6d40,1ebf5f08-9f01-4a3b-8d4a-f204822391a3,dc94adbe-fc39-4f96-80c3-b7ed90826ba0,sobrecarga_cuidador,"[""menos ruido"", ""anticipación"", ""microacciones"", ""mismo cierre""]","[""cambio brusco"", ""apurar demasiado"", ""pantallas tarde"", ""muchas instrucciones""]",0.36,4,2026-05-30T21:00:00,2026-03-21T21:00:00,2026-05-30T21:00:00
48f54345-6262-4478-ad52-cc56c9eb9c2c,1ebf5f08-9f01-4a3b-8d4a-f204822391a3,dc94adbe-fc39-4f96-80c3-b7ed90826ba0,apoyo_general,"[""menos ruido"", ""una sola indicación"", ""mismo cierre"", ""menos palabras""]","[""demasiado ruido"", ""pantallas tarde"", ""gritar"", ""apurar demasiado""]",0.36,4,2026-05-29T21:00:00,2026-04-06T21:00:00,2026-05-29T21:00:00
e683b714-a9ab-484c-88a7-6253ca23783c,1ebf5f08-9f01-4a3b-8d4a-f204822391a3,dc94adbe-fc39-4f96-80c3-b7ed90826ba0,sueno_regulacion,"[""menos ruido"", ""anticipación"", ""menos palabras"", ""mismo cierre""]","[""gritar"", ""demasiado ruido"", ""preguntar demasiado"", ""cambio brusco""]",0.36,4,2026-05-31T21:00:00,2026-04-29T21:00:00,2026-05-31T21:00:00
572bdb04-17bb-4f7e-8405-03c8b83eeef1,1ebf5f08-9f01-4a3b-8d4a-f204822391a3,dc94adbe-fc39-4f96-80c3-b7ed90826ba0,disfuncion_ejecutiva,"[""mismo cierre"", ""una sola indicación"", ""bajar luces"", ""validación""]","[""presión escolar"", ""gritar"", ""preguntar demasiado"", ""muchas instrucciones""]",0.36,4,2026-05-28T18:14:00,2026-03-18T18:14:00,2026-05-28T18:14:00
06780cc1-029f-426a-82aa-a19233d3a720,1ebf5f08-9f01-4a3b-8d4a-f204822391a3,dc94adbe-fc39-4f96-80c3-b7ed90826ba0,crisis_activa,"[""microacciones"", ""mismo cierre"", ""menos palabras"", ""dar tiempo""]","[""forzar explicación"", ""cambio brusco"", ""gritar"", ""pantallas tarde""]",0.4,5,2026-05-31T15:26:00,2026-04-03T15:26:00,2026-05-31T15:26:00
f0d5c92e-1da9-4e96-8f4c-ecb2551b31fe,1ebf5f08-9f01-4a3b-8d4a-f204822391a3,dc94adbe-fc39-4f96-80c3-b7ed90826ba0,sobrecarga_sensorial,"[""una sola indicación"", ""validación""]","[""preguntar demasiado"", ""pantallas tarde"", ""corregir en el pico""]",0.24,1,2026-05-27T21:00:00,2026-03-28T21:00:00,2026-05-27T21:00:00
7efbb311-d734-45c8-ae6a-98af9340832e,1ebf5f08-9f01-4a3b-8d4a-f204822391a3,dc94adbe-fc39-4f96-80c3-b7ed90826ba0,transicion_rigidez,"[""dar tiempo"", ""validación""]","[""pantallas tarde""]",0.24,1,2026-05-28T21:00:00,2026-04-01T21:00:00,2026-05-28T21:00:00
d8309530-4042-488d-9fc7-2480b7c144e6,5b4e80aa-994f-4fe8-91db-b442768dc08f,6472b608-cca5-4456-a325-f099b35cd0a8,sueno_regulacion,"[""pausa breve"", ""menos ruido"", ""una sola indicación"", ""anticipación""]","[""presión escolar"", ""apurar demasiado"", ""corregir en el pico"", ""demasiado ruido""]",0.4,5,2026-05-30T21:00:00,2026-03-23T21:00:00,2026-05-30T21:00:00
44de182b-e62e-4640-84b9-7ba2b48e57b4,5b4e80aa-994f-4fe8-91db-b442768dc08f,6472b608-cca5-4456-a325-f099b35cd0a8,transicion_rigidez,"[""pausa breve"", ""dar tiempo"", ""validación"", ""una sola indicación""]","[""demasiado ruido"", ""preguntar demasiado"", ""gritar"", ""cambio brusco""]",0.36,4,2026-05-27T21:00:00,2026-03-15T21:00:00,2026-05-27T21:00:00
0f02ec67-0e2d-4a4a-9c9b-a8302149de05,5b4e80aa-994f-4fe8-91db-b442768dc08f,6472b608-cca5-4456-a325-f099b35cd0a8,sobrecarga_cuidador,"[""microacciones""]","[""presión escolar"", ""preguntar demasiado""]",0.24,1,2026-05-02T10:38:00,2026-03-02T10:38:00,2026-05-02T10:38:00
1d068d4d-8a66-496a-bf2e-8e3ab9f4b5a7,5b4e80aa-994f-4fe8-91db-b442768dc08f,6472b608-cca5-4456-a325-f099b35cd0a8,disfuncion_ejecutiva,"[""microacciones"", ""una sola indicación"", ""bajar luces"", ""mismo cierre""]","[""corregir en el pico"", ""presión escolar"", ""preguntar demasiado"", ""apurar demasiado""]",0.36,4,2026-05-30T21:00:00,2026-04-06T21:00:00,2026-05-30T21:00:00
44ba73bb-3cd5-44f8-868f-6d7650324e43,5b4e80aa-994f-4fe8-91db-b442768dc08f,6472b608-cca5-4456-a325-f099b35cd0a8,crisis_activa,"[""una sola indicación"", ""validación"", ""anticipación"", ""dar tiempo""]","[""preguntar demasiado"", ""presión escolar"", ""demasiado ruido"", ""forzar explicación""]",0.32,3,2026-05-29T21:00:00,2026-03-18T21:00:00,2026-05-29T21:00:00
3387dbb0-84f6-4223-8f92-40b5d05444ef,5b4e80aa-994f-4fe8-91db-b442768dc08f,6472b608-cca5-4456-a325-f099b35cd0a8,sobrecarga_sensorial,"[""menos palabras"", ""pausa breve"", ""microacciones""]","[""muchas instrucciones"", ""forzar explicación"", ""presión escolar"", ""apurar demasiado""]",0.28,2,2026-05-31T02:00:00,2026-03-22T02:00:00,2026-05-31T02:00:00
a19f13ca-fd4e-4856-a948-5b028c3e3c5f,5b4e80aa-994f-4fe8-91db-b442768dc08f,6472b608-cca5-4456-a325-f099b35cd0a8,apoyo_general,"[""pausa breve"", ""bajar luces"", ""menos palabras"", ""dar tiempo""]","[""demasiado ruido"", ""muchas instrucciones"", ""pantallas tarde"", ""gritar""]",0.36,4,2026-05-31T21:00:00,2026-05-05T21:00:00,2026-05-31T21:00:00
996db09a-99ee-4718-b51c-4448d07cde1e,1bdc9c33-f5b7-4049-af7d-aec73656c9cd,a0c01555-de92-487d-a0ed-21dacf3bad75,sueno_regulacion,"[""una sola indicación"", ""microacciones"", ""dar tiempo"", ""bajar luces""]","[""demasiado ruido"", ""presión escolar"", ""gritar"", ""apurar demasiado""]",0.28,2,2026-05-28T21:00:00,2026-03-13T21:00:00,2026-05-28T21:00:00
4a0f12a5-e06f-48a5-88f0-0b51404fcebc,1bdc9c33-f5b7-4049-af7d-aec73656c9cd,a0c01555-de92-487d-a0ed-21dacf3bad75,sobrecarga_sensorial,"[""bajar luces"", ""pausa breve"", ""mismo cierre"", ""microacciones""]","[""gritar"", ""apurar demasiado"", ""presión escolar"", ""forzar explicación""]",0.44,6,2026-05-29T21:00:00,2026-04-30T21:00:00,2026-05-29T21:00:00
8a5f836a-816a-4374-a6a9-9adf0ec91de5,1bdc9c33-f5b7-4049-af7d-aec73656c9cd,a0c01555-de92-487d-a0ed-21dacf3bad75,apoyo_general,"[""validación"", ""una sola indicación"", ""bajar luces"", ""microacciones""]","[""gritar"", ""apurar demasiado"", ""preguntar demasiado"", ""muchas instrucciones""]",0.48,7,2026-05-31T07:00:00,2026-03-17T07:00:00,2026-05-31T07:00:00
13165218-a8c5-4c46-9859-2b1be80f09b2,1bdc9c33-f5b7-4049-af7d-aec73656c9cd,a0c01555-de92-487d-a0ed-21dacf3bad75,sobrecarga_cuidador,"[""bajar luces"", ""anticipación"", ""validación"", ""menos palabras""]","[""preguntar demasiado"", ""presión escolar"", ""apurar demasiado"", ""cambio brusco""]",0.36,4,2026-05-30T21:00:00,2026-03-15T21:00:00,2026-05-30T21:00:00
1c365d76-4839-4605-b988-cfa64aee292e,1bdc9c33-f5b7-4049-af7d-aec73656c9cd,a0c01555-de92-487d-a0ed-21dacf3bad75,crisis_activa,"[""anticipación"", ""mismo cierre"", ""dar tiempo"", ""menos ruido""]","[""apurar demasiado"", ""presión escolar"", ""forzar explicación"", ""muchas instrucciones""]",0.32,3,2026-05-30T23:00:00,2026-04-08T23:00:00,2026-05-30T23:00:00
71dc4870-4636-4a6e-9555-1a7a9fb0ac5d,1bdc9c33-f5b7-4049-af7d-aec73656c9cd,a0c01555-de92-487d-a0ed-21dacf3bad75,disfuncion_ejecutiva,"[""bajar luces"", ""dar tiempo""]","[""forzar explicación"", ""cambio brusco""]",0.24,1,2026-05-27T21:00:00,2026-04-19T21:00:00,2026-05-27T21:00:00
e54b9a89-4cb0-4f46-8b60-5cfad0f9c510,a4860531-7601-4490-9c85-a6d114f09a01,771241a3-2b12-4784-a5ff-5edaad57c137,apoyo_general,"[""menos ruido"", ""bajar luces"", ""anticipación"", ""una sola indicación""]","[""forzar explicación"", ""presión escolar"", ""corregir en el pico"", ""pantallas tarde""]",0.36,4,2026-05-26T05:07:00,2026-04-10T05:07:00,2026-05-26T05:07:00
41d4c7e5-53f7-4c5e-af7e-393fe93f75e0,a4860531-7601-4490-9c85-a6d114f09a01,771241a3-2b12-4784-a5ff-5edaad57c137,transicion_rigidez,"[""mismo cierre"", ""microacciones""]","[""cambio brusco""]",0.28,2,2026-02-26T19:27:00,2026-01-02T19:27:00,2026-02-26T19:27:00
62b76669-a581-441b-9d55-ed501517a1cb,a4860531-7601-4490-9c85-a6d114f09a01,771241a3-2b12-4784-a5ff-5edaad57c137,sobrecarga_sensorial,"[""validación"", ""bajar luces"", ""pausa breve"", ""mismo cierre""]","[""apurar demasiado"", ""corregir en el pico"", ""preguntar demasiado"", ""pantallas tarde""]",0.36,4,2026-05-30T21:00:00,2026-04-13T21:00:00,2026-05-30T21:00:00
05b2c682-9452-4a44-8a2d-2fe1c8693e86,a4860531-7601-4490-9c85-a6d114f09a01,771241a3-2b12-4784-a5ff-5edaad57c137,crisis_activa,"[""mismo cierre"", ""pausa breve"", ""menos ruido"", ""una sola indicación""]","[""forzar explicación"", ""pantallas tarde"", ""muchas instrucciones"", ""presión escolar""]",0.4,5,2026-05-31T07:07:00,2026-04-13T07:07:00,2026-05-31T07:07:00
88952321-5bb6-47f8-acaa-7b89d828967b,a4860531-7601-4490-9c85-a6d114f09a01,771241a3-2b12-4784-a5ff-5edaad57c137,sobrecarga_cuidador,"[""menos palabras"", ""mismo cierre"", ""bajar luces"", ""pausa breve""]","[""corregir en el pico"", ""demasiado ruido"", ""cambio brusco"", ""muchas instrucciones""]",0.36,4,2026-05-29T21:00:00,2026-04-29T21:00:00,2026-05-29T21:00:00
6bac1ae5-0d16-47f9-a88a-a9053e7f7e11,a4860531-7601-4490-9c85-a6d114f09a01,771241a3-2b12-4784-a5ff-5edaad57c137,sueno_regulacion,"[""microacciones"", ""pausa breve"", ""menos ruido""]","[""demasiado ruido"", ""preguntar demasiado"", ""pantallas tarde""]",0.32,3,2026-05-30T02:00:00,2026-04-22T02:00:00,2026-05-30T02:00:00
a7aa4567-274f-4721-a018-7860e7bfa88a,a4860531-7601-4490-9c85-a6d114f09a01,771241a3-2b12-4784-a5ff-5edaad57c137,disfuncion_ejecutiva,"[""anticipación"", ""una sola indicación"", ""pausa breve""]","[""apurar demasiado""]",0.24,1,2026-05-10T23:07:00,2026-04-20T23:07:00,2026-05-10T23:07:00
23345955-baea-41b0-8794-de96a43c1e3b,f566273e-f83c-40b3-86b9-1f07fefcb42f,a82d1a4c-8982-4435-b0c0-ed749655e442,transicion_rigidez,"[""anticipación"", ""menos palabras"", ""menos ruido"", ""dar tiempo""]","[""demasiado ruido"", ""apurar demasiado"", ""gritar"", ""muchas instrucciones""]",0.32,3,2026-05-30T03:00:00,2026-04-20T03:00:00,2026-05-30T03:00:00
b8f1e2a6-6e36-4347-9d34-cc9c91919e90,f566273e-f83c-40b3-86b9-1f07fefcb42f,a82d1a4c-8982-4435-b0c0-ed749655e442,crisis_activa,"[""mismo cierre"", ""bajar luces"", ""dar tiempo"", ""una sola indicación""]","[""corregir en el pico"", ""preguntar demasiado""]",0.32,3,2026-05-30T00:00:00,2026-03-25T00:00:00,2026-05-30T00:00:00
72bf43de-f88c-4e6c-86be-c92eb0629186,f566273e-f83c-40b3-86b9-1f07fefcb42f,a82d1a4c-8982-4435-b0c0-ed749655e442,apoyo_general,"[""microacciones"", ""menos ruido"", ""pausa breve"", ""anticipación""]","[""muchas instrucciones"", ""gritar"", ""preguntar demasiado"", ""presión escolar""]",0.56,9,2026-05-31T21:00:00,2026-03-30T21:00:00,2026-05-31T21:00:00
f0300442-0c08-4f81-a730-0320d71aaaa5,f566273e-f83c-40b3-86b9-1f07fefcb42f,a82d1a4c-8982-4435-b0c0-ed749655e442,sobrecarga_cuidador,"[""menos ruido"", ""mismo cierre"", ""bajar luces""]","[""gritar"", ""pantallas tarde"", ""muchas instrucciones""]",0.32,3,2026-05-30T23:00:00,2026-04-29T23:00:00,2026-05-30T23:00:00
514b9512-9a60-4255-aca8-e99aabab179e,f566273e-f83c-40b3-86b9-1f07fefcb42f,a82d1a4c-8982-4435-b0c0-ed749655e442,sobrecarga_sensorial,"[""microacciones""]","[""pantallas tarde"", ""apurar demasiado""]",0.24,1,2026-05-26T21:00:00,2026-04-03T21:00:00,2026-05-26T21:00:00
19953a4d-fc7f-488a-983e-b316e83b2cfc,f566273e-f83c-40b3-86b9-1f07fefcb42f,a82d1a4c-8982-4435-b0c0-ed749655e442,disfuncion_ejecutiva,"[""dar tiempo"", ""bajar luces"", ""menos palabras""]","[""presión escolar"", ""demasiado ruido"", ""corregir en el pico"", ""forzar explicación""]",0.28,2,2026-05-29T21:00:00,2026-04-29T21:00:00,2026-05-29T21:00:00
266dda56-e973-4db7-82a4-b7f8d4905d92,f566273e-f83c-40b3-86b9-1f07fefcb42f,a82d1a4c-8982-4435-b0c0-ed749655e442,sueno_regulacion,"[""una sola indicación"", ""pausa breve"", ""menos ruido""]","[""apurar demasiado"", ""muchas instrucciones"", ""gritar""]",0.28,2,2026-05-31T01:00:00,2026-03-14T01:00:00,2026-05-31T01:00:00
3128f9fc-5fa9-4274-a356-78b45f47386f,da6c7ab8-ebf7-4fb4-87d6-fc12e5d70c52,a2b9778d-26c6-4513-8e6d-e4a91b29b113,crisis_activa,"[""anticipación"", ""microacciones"", ""menos palabras"", ""bajar luces""]","[""presión escolar"", ""apurar demasiado"", ""pantallas tarde"", ""cambio brusco""]",0.4,5,2026-05-30T21:00:00,2026-04-06T21:00:00,2026-05-30T21:00:00
92ed32c9-e180-42ec-b4e4-e3d48cb44556,da6c7ab8-ebf7-4fb4-87d6-fc12e5d70c52,a2b9778d-26c6-4513-8e6d-e4a91b29b113,apoyo_general,"[""validación"", ""bajar luces"", ""menos palabras"", ""mismo cierre""]","[""preguntar demasiado"", ""pantallas tarde"", ""presión escolar"", ""muchas instrucciones""]",0.4,5,2026-05-31T21:00:00,2026-04-25T21:00:00,2026-05-31T21:00:00
f1e131ee-31f6-4536-acf1-2fd715355a38,da6c7ab8-ebf7-4fb4-87d6-fc12e5d70c52,a2b9778d-26c6-4513-8e6d-e4a91b29b113,disfuncion_ejecutiva,"[""bajar luces"", ""pausa breve"", ""menos ruido"", ""dar tiempo""]","[""apurar demasiado"", ""forzar explicación"", ""pantallas tarde"", ""gritar""]",0.36,4,2026-05-31T21:00:00,2026-04-12T21:00:00,2026-05-31T21:00:00
1f99877e-5df4-4cc2-9fd0-96a560954707,da6c7ab8-ebf7-4fb4-87d6-fc12e5d70c52,a2b9778d-26c6-4513-8e6d-e4a91b29b113,transicion_rigidez,"[""menos palabras"", ""mismo cierre"", ""validación""]","[""muchas instrucciones"", ""cambio brusco"", ""forzar explicación"", ""preguntar demasiado""]",0.32,3,2026-05-31T03:00:00,2026-04-06T03:00:00,2026-05-31T03:00:00
920a8210-cd5c-4aa7-bd79-b33b44c2ac36,da6c7ab8-ebf7-4fb4-87d6-fc12e5d70c52,a2b9778d-26c6-4513-8e6d-e4a91b29b113,sobrecarga_sensorial,"[""mismo cierre"", ""microacciones""]","[""corregir en el pico""]",0.24,1,2026-05-30T22:00:00,2026-04-25T22:00:00,2026-05-30T22:00:00
821a1176-c9ce-46f7-a12f-615cf40d2247,da6c7ab8-ebf7-4fb4-87d6-fc12e5d70c52,a2b9778d-26c6-4513-8e6d-e4a91b29b113,sueno_regulacion,"[""menos ruido"", ""menos palabras"", ""bajar luces"", ""pausa breve""]","[""cambio brusco"", ""pantallas tarde"", ""muchas instrucciones"", ""corregir en el pico""]",0.32,3,2026-05-31T21:00:00,2026-04-29T21:00:00,2026-05-31T21:00:00
c6d59dce-f0f0-41fc-a7c3-bf20f94dfc83,da6c7ab8-ebf7-4fb4-87d6-fc12e5d70c52,a2b9778d-26c6-4513-8e6d-e4a91b29b113,sobrecarga_cuidador,"[""anticipación"", ""mismo cierre"", ""microacciones""]","[""apurar demasiado"", ""presión escolar""]",0.28,2,2026-05-31T21:00:00,2026-04-25T21:00:00,2026-05-31T21:00:00
e93d3c3b-52d7-4311-bf36-1d8caa260129,a7eb8db6-ba83-4260-a5a0-2ddecaf68260,8a4fe204-9c81-4b6c-a6c8-e14ed232c1f5,crisis_activa,"[""dar tiempo"", ""una sola indicación"", ""anticipación"", ""pausa breve""]","[""corregir en el pico"", ""cambio brusco"", ""muchas instrucciones"", ""demasiado ruido""]",0.32,3,2026-05-29T03:03:00,2026-04-01T03:03:00,2026-05-29T03:03:00
3d548b16-c9d9-4110-b31a-4125baf46247,a7eb8db6-ba83-4260-a5a0-2ddecaf68260,8a4fe204-9c81-4b6c-a6c8-e14ed232c1f5,sueno_regulacion,"[""una sola indicación"", ""menos ruido""]","[""corregir en el pico"", ""pantallas tarde"", ""demasiado ruido"", ""gritar""]",0.32,3,2026-05-26T21:00:00,2026-04-10T21:00:00,2026-05-26T21:00:00
1708bd85-1b7d-4d77-9171-76b163795795,a7eb8db6-ba83-4260-a5a0-2ddecaf68260,8a4fe204-9c81-4b6c-a6c8-e14ed232c1f5,apoyo_general,"[""menos palabras"", ""una sola indicación"", ""bajar luces"", ""microacciones""]","[""preguntar demasiado"", ""apurar demasiado"", ""forzar explicación"", ""corregir en el pico""]",0.56,9,2026-05-31T21:00:00,2026-05-11T21:00:00,2026-05-31T21:00:00
806bd7f3-06d0-4f7c-8497-06e4144fb6cf,a7eb8db6-ba83-4260-a5a0-2ddecaf68260,8a4fe204-9c81-4b6c-a6c8-e14ed232c1f5,transicion_rigidez,"[""mismo cierre"", ""anticipación"", ""pausa breve"", ""menos palabras""]","[""presión escolar"", ""preguntar demasiado"", ""forzar explicación""]",0.28,2,2026-05-29T01:00:00,2026-05-07T01:00:00,2026-05-29T01:00:00
1f54b6fc-50e3-4a5b-9ad2-6b1e8956ed9b,a7eb8db6-ba83-4260-a5a0-2ddecaf68260,8a4fe204-9c81-4b6c-a6c8-e14ed232c1f5,sobrecarga_cuidador,"[""mismo cierre"", ""una sola indicación""]","[""apurar demasiado""]",0.24,1,2026-05-27T23:03:00,2026-04-21T23:03:00,2026-05-27T23:03:00
03f955aa-5f8f-4144-8902-3ce44cdbc439,a7eb8db6-ba83-4260-a5a0-2ddecaf68260,8a4fe204-9c81-4b6c-a6c8-e14ed232c1f5,sobrecarga_sensorial,"[""dar tiempo"", ""bajar luces"", ""mismo cierre"", ""menos palabras""]","[""gritar"", ""preguntar demasiado"", ""corregir en el pico""]",0.28,2,2026-05-28T21:00:00,2026-05-06T21:00:00,2026-05-28T21:00:00
26fdacca-40e6-4447-8394-1c99feaa06ca,a7eb8db6-ba83-4260-a5a0-2ddecaf68260,8a4fe204-9c81-4b6c-a6c8-e14ed232c1f5,disfuncion_ejecutiva,"[""menos palabras"", ""pausa breve"", ""una sola indicación"", ""menos ruido""]","[""pantallas tarde"", ""apurar demasiado"", ""preguntar demasiado"", ""muchas instrucciones""]",0.32,3,2026-05-29T21:00:00,2026-04-27T21:00:00,2026-05-29T21:00:00
f5c698bb-6cda-43ce-a5e2-5f27087b755e,1249a9c0-e28c-4ad2-9e76-7ac056f658c8,becf7357-95f2-4370-86a3-a9c94b16af99,sueno_regulacion,"[""dar tiempo"", ""menos ruido"", ""validación"", ""mismo cierre""]","[""pantallas tarde"", ""gritar"", ""demasiado ruido"", ""muchas instrucciones""]",0.32,3,2026-05-26T21:00:00,2026-03-12T21:00:00,2026-05-26T21:00:00
51bd6bb4-273d-484b-b18b-06c3c8d30f05,1249a9c0-e28c-4ad2-9e76-7ac056f658c8,becf7357-95f2-4370-86a3-a9c94b16af99,transicion_rigidez,"[""una sola indicación""]","[""pantallas tarde""]",0.24,1,2026-02-26T22:32:00,2025-12-13T22:32:00,2026-02-26T22:32:00
b57b616a-faa1-40f2-86d8-6fdc3b22684b,1249a9c0-e28c-4ad2-9e76-7ac056f658c8,becf7357-95f2-4370-86a3-a9c94b16af99,crisis_activa,"[""pausa breve"", ""bajar luces"", ""menos ruido"", ""dar tiempo""]","[""demasiado ruido"", ""gritar"", ""cambio brusco"", ""forzar explicación""]",0.32,3,2026-05-29T10:52:00,2026-03-15T10:52:00,2026-05-29T10:52:00
b9ecc4cd-22f5-425c-acd7-8109b68b66ce,1249a9c0-e28c-4ad2-9e76-7ac056f658c8,becf7357-95f2-4370-86a3-a9c94b16af99,sobrecarga_sensorial,"[""validación"", ""microacciones"", ""dar tiempo"", ""anticipación""]","[""forzar explicación"", ""preguntar demasiado"", ""demasiado ruido"", ""cambio brusco""]",0.4,5,2026-05-28T21:00:00,2026-04-23T21:00:00,2026-05-28T21:00:00
c13d4226-1c39-40ed-84c7-62c020ce51a8,1249a9c0-e28c-4ad2-9e76-7ac056f658c8,becf7357-95f2-4370-86a3-a9c94b16af99,disfuncion_ejecutiva,"[""microacciones"", ""validación"", ""menos ruido"", ""mismo cierre""]","[""cambio brusco"", ""demasiado ruido"", ""preguntar demasiado"", ""corregir en el pico""]",0.36,4,2026-05-31T04:00:00,2026-04-02T04:00:00,2026-05-31T04:00:00
9013e31d-1d36-4c06-ae3a-121248433727,1249a9c0-e28c-4ad2-9e76-7ac056f658c8,becf7357-95f2-4370-86a3-a9c94b16af99,sobrecarga_cuidador,"[""menos ruido"", ""dar tiempo"", ""microacciones"", ""una sola indicación""]","[""pantallas tarde"", ""gritar"", ""apurar demasiado"", ""demasiado ruido""]",0.32,3,2026-05-30T21:00:00,2026-04-02T21:00:00,2026-05-30T21:00:00
7e71b562-f94d-4d6c-9480-d04919c3509e,1249a9c0-e28c-4ad2-9e76-7ac056f658c8,becf7357-95f2-4370-86a3-a9c94b16af99,apoyo_general,"[""validación"", ""mismo cierre"", ""una sola indicación"", ""microacciones""]","[""forzar explicación"", ""gritar"", ""presión escolar"", ""demasiado ruido""]",0.36,4,2026-05-31T21:00:00,2026-04-23T21:00:00,2026-05-31T21:00:00
41b83f68-d548-44d0-97f3-9f6b43ee56b3,bd5312f4-3bfe-4881-b458-0c90eddbc8fd,7972f859-1772-40eb-8316-d2faeb5edd70,sueno_regulacion,"[""una sola indicación"", ""menos palabras"", ""mismo cierre"", ""dar tiempo""]","[""cambio brusco"", ""apurar demasiado"", ""preguntar demasiado"", ""muchas instrucciones""]",0.4,5,2026-05-31T21:00:00,2026-05-01T21:00:00,2026-05-31T21:00:00
4ffc14a4-176a-47bc-a2a7-b8c4ce259e47,bd5312f4-3bfe-4881-b458-0c90eddbc8fd,7972f859-1772-40eb-8316-d2faeb5edd70,sobrecarga_sensorial,"[""bajar luces"", ""menos ruido""]","[""preguntar demasiado"", ""muchas instrucciones"", ""apurar demasiado""]",0.28,2,2026-05-07T16:41:00,2026-04-17T16:41:00,2026-05-07T16:41:00
63f26a6b-724a-4c28-a0db-1d5b022e1059,bd5312f4-3bfe-4881-b458-0c90eddbc8fd,7972f859-1772-40eb-8316-d2faeb5edd70,transicion_rigidez,"[""anticipación"", ""pausa breve"", ""bajar luces"", ""dar tiempo""]","[""forzar explicación"", ""presión escolar"", ""gritar"", ""preguntar demasiado""]",0.32,3,2026-05-30T21:00:00,2026-04-27T21:00:00,2026-05-30T21:00:00
5d369667-e29c-4093-ac88-6cceb71e19f9,bd5312f4-3bfe-4881-b458-0c90eddbc8fd,7972f859-1772-40eb-8316-d2faeb5edd70,crisis_activa,"[""anticipación"", ""dar tiempo"", ""bajar luces"", ""microacciones""]","[""corregir en el pico"", ""pantallas tarde"", ""demasiado ruido"", ""muchas instrucciones""]",0.4,5,2026-05-30T02:00:00,2026-03-29T02:00:00,2026-05-30T02:00:00
3421435e-5c1f-4402-8717-b22f94b06d54,bd5312f4-3bfe-4881-b458-0c90eddbc8fd,7972f859-1772-40eb-8316-d2faeb5edd70,apoyo_general,"[""menos ruido"", ""una sola indicación"", ""menos palabras"", ""validación""]","[""muchas instrucciones"", ""preguntar demasiado"", ""cambio brusco"", ""corregir en el pico""]",0.32,3,2026-05-27T21:00:00,2026-03-08T21:00:00,2026-05-27T21:00:00
805e87ec-78d5-48c5-a08b-202abd8e2e5b,bd5312f4-3bfe-4881-b458-0c90eddbc8fd,7972f859-1772-40eb-8316-d2faeb5edd70,disfuncion_ejecutiva,"[""menos palabras"", ""microacciones"", ""bajar luces"", ""mismo cierre""]","[""preguntar demasiado"", ""corregir en el pico"", ""cambio brusco"", ""demasiado ruido""]",0.36,4,2026-05-30T21:00:00,2026-03-31T21:00:00,2026-05-30T21:00:00
663c7202-0d29-482d-a30e-f0208295b793,bd5312f4-3bfe-4881-b458-0c90eddbc8fd,7972f859-1772-40eb-8316-d2faeb5edd70,sobrecarga_cuidador,"[""validación""]","[""apurar demasiado"", ""demasiado ruido""]",0.24,1,2026-05-26T21:00:00,2026-03-15T21:00:00,2026-05-26T21:00:00
78826979-288f-4134-a9df-945dfce981e2,c44f22b4-63a7-4060-a21b-82e9ac119271,37ac473f-9e51-44db-8023-8b68cef59f35,sueno_regulacion,"[""bajar luces"", ""dar tiempo"", ""menos ruido"", ""mismo cierre""]","[""forzar explicación"", ""corregir en el pico"", ""gritar"", ""presión escolar""]",0.4,5,2026-05-31T00:00:00,2026-04-02T00:00:00,2026-05-31T00:00:00
dc649def-8413-446c-8603-c915c3b43870,c44f22b4-63a7-4060-a21b-82e9ac119271,37ac473f-9e51-44db-8023-8b68cef59f35,crisis_activa,"[""anticipación"", ""dar tiempo"", ""menos ruido"", ""mismo cierre""]","[""demasiado ruido"", ""preguntar demasiado"", ""pantallas tarde"", ""muchas instrucciones""]",0.44,6,2026-05-31T02:00:00,2026-05-09T02:00:00,2026-05-31T02:00:00
c72b82ad-1ab5-49bf-906c-1091bcbd0e00,c44f22b4-63a7-4060-a21b-82e9ac119271,37ac473f-9e51-44db-8023-8b68cef59f35,sobrecarga_sensorial,"[""menos palabras"", ""anticipación"", ""validación"", ""microacciones""]","[""presión escolar"", ""demasiado ruido"", ""corregir en el pico"", ""preguntar demasiado""]",0.4,5,2026-05-31T05:00:00,2026-03-22T05:00:00,2026-05-31T05:00:00
6d64f436-d2b5-4c4e-a4d9-e73cdba54194,c44f22b4-63a7-4060-a21b-82e9ac119271,37ac473f-9e51-44db-8023-8b68cef59f35,disfuncion_ejecutiva,"[""menos palabras"", ""una sola indicación"", ""anticipación""]","[""demasiado ruido"", ""muchas instrucciones"", ""presión escolar""]",0.28,2,2026-05-31T21:00:00,2026-05-06T21:00:00,2026-05-31T21:00:00
bbcd2798-e511-4089-afac-7ab0ec2c8f95,c44f22b4-63a7-4060-a21b-82e9ac119271,37ac473f-9e51-44db-8023-8b68cef59f35,sobrecarga_cuidador,"[""una sola indicación"", ""anticipación""]","[""demasiado ruido""]",0.24,1,2026-05-22T15:57:00,2026-03-09T15:57:00,2026-05-22T15:57:00
c13ebcae-2320-4aeb-b218-e5691d6671fa,c44f22b4-63a7-4060-a21b-82e9ac119271,37ac473f-9e51-44db-8023-8b68cef59f35,transicion_rigidez,"[""bajar luces"", ""pausa breve"", ""una sola indicación"", ""menos ruido""]","[""cambio brusco"", ""muchas instrucciones""]",0.28,2,2026-05-28T23:00:00,2026-03-28T23:00:00,2026-05-28T23:00:00
e4d1c6b6-ac04-4463-9645-da2574290205,c44f22b4-63a7-4060-a21b-82e9ac119271,37ac473f-9e51-44db-8023-8b68cef59f35,apoyo_general,"[""microacciones"", ""mismo cierre"", ""anticipación""]","[""preguntar demasiado"", ""forzar explicación"", ""apurar demasiado"", ""demasiado ruido""]",0.28,2,2026-05-29T23:00:00,2026-03-11T23:00:00,2026-05-29T23:00:00
def7491c-1777-4d80-9342-29cd68e1532b,8e2df62d-8b5b-4dcc-96af-166c275cbfb9,3b7024b1-4724-4882-a0ba-e883b876fff9,sobrecarga_cuidador,"[""validación"", ""microacciones"", ""bajar luces""]","[""demasiado ruido"", ""muchas instrucciones"", ""corregir en el pico"", ""pantallas tarde""]",0.32,3,2026-05-26T21:00:00,2026-03-24T21:00:00,2026-05-26T21:00:00
af54b270-3c8f-4407-aedf-7f14ee6c9be7,8e2df62d-8b5b-4dcc-96af-166c275cbfb9,3b7024b1-4724-4882-a0ba-e883b876fff9,sueno_regulacion,"[""dar tiempo"", ""microacciones"", ""pausa breve"", ""validación""]","[""pantallas tarde"", ""presión escolar"", ""preguntar demasiado"", ""corregir en el pico""]",0.32,3,2026-05-30T21:00:00,2026-04-11T21:00:00,2026-05-30T21:00:00
406b1fcc-b37d-4314-9069-61c25f9d4a0a,8e2df62d-8b5b-4dcc-96af-166c275cbfb9,3b7024b1-4724-4882-a0ba-e883b876fff9,disfuncion_ejecutiva,"[""mismo cierre""]","[""muchas instrucciones"", ""presión escolar"", ""preguntar demasiado"", ""corregir en el pico""]",0.28,2,2026-05-30T21:00:00,2026-04-22T21:00:00,2026-05-30T21:00:00
402c53cc-3b13-4219-accd-55b33de6f7f9,8e2df62d-8b5b-4dcc-96af-166c275cbfb9,3b7024b1-4724-4882-a0ba-e883b876fff9,transicion_rigidez,"[""menos ruido"", ""mismo cierre"", ""una sola indicación"", ""pausa breve""]","[""preguntar demasiado"", ""gritar"", ""apurar demasiado"", ""muchas instrucciones""]",0.32,3,2026-05-30T21:00:00,2026-04-09T21:00:00,2026-05-30T21:00:00
8f032d9e-4294-4e7a-82db-0a1d19484319,8e2df62d-8b5b-4dcc-96af-166c275cbfb9,3b7024b1-4724-4882-a0ba-e883b876fff9,crisis_activa,"[""una sola indicación"", ""validación"", ""menos ruido"", ""bajar luces""]","[""pantallas tarde"", ""presión escolar"", ""muchas instrucciones"", ""gritar""]",0.36,4,2026-05-31T21:00:00,2026-04-26T21:00:00,2026-05-31T21:00:00
c933852e-bdf7-49ec-b9e2-2c7c609daa80,8e2df62d-8b5b-4dcc-96af-166c275cbfb9,3b7024b1-4724-4882-a0ba-e883b876fff9,sobrecarga_sensorial,"[""dar tiempo"", ""una sola indicación"", ""anticipación"", ""microacciones""]","[""corregir en el pico"", ""gritar"", ""muchas instrucciones"", ""presión escolar""]",0.4,5,2026-05-31T21:00:00,2026-03-19T21:00:00,2026-05-31T21:00:00
bd0708ce-0325-457a-9879-b6f37f1fdd95,8e2df62d-8b5b-4dcc-96af-166c275cbfb9,3b7024b1-4724-4882-a0ba-e883b876fff9,apoyo_general,"[""pausa breve"", ""una sola indicación"", ""validación"", ""microacciones""]","[""corregir en el pico"", ""gritar"", ""pantallas tarde"", ""preguntar demasiado""]",0.32,3,2026-05-30T21:00:00,2026-04-07T21:00:00,2026-05-30T21:00:00
4ba2b62d-b7e6-4784-9049-5e7a6bec4272,597ac3d1-71f2-4d28-99fd-c8425ef1688e,ebc2601e-74af-44c5-9cc8-71442621450c,crisis_activa,"[""menos palabras"", ""mismo cierre"", ""validación"", ""dar tiempo""]","[""preguntar demasiado"", ""cambio brusco"", ""muchas instrucciones""]",0.28,2,2026-03-18T14:54:00,2026-01-01T14:54:00,2026-03-18T14:54:00
612d93f1-1730-4514-98e2-76c70bb87a9c,597ac3d1-71f2-4d28-99fd-c8425ef1688e,ebc2601e-74af-44c5-9cc8-71442621450c,sobrecarga_sensorial,"[""menos palabras"", ""bajar luces"", ""pausa breve"", ""una sola indicación""]","[""presión escolar"", ""cambio brusco"", ""preguntar demasiado"", ""demasiado ruido""]",0.36,4,2026-05-30T21:00:00,2026-04-21T21:00:00,2026-05-30T21:00:00
51bea8f5-0bfe-4707-9e06-567ab768a1e9,597ac3d1-71f2-4d28-99fd-c8425ef1688e,ebc2601e-74af-44c5-9cc8-71442621450c,disfuncion_ejecutiva,"[""validación"", ""mismo cierre""]","[""corregir en el pico"", ""muchas instrucciones"", ""forzar explicación"", ""cambio brusco""]",0.32,3,2026-05-30T21:00:00,2026-03-11T21:00:00,2026-05-30T21:00:00
4264acc3-0a57-4675-a4ec-3dbb65b6910c,597ac3d1-71f2-4d28-99fd-c8425ef1688e,ebc2601e-74af-44c5-9cc8-71442621450c,sobrecarga_cuidador,"[""validación"", ""mismo cierre"", ""pausa breve"", ""anticipación""]","[""forzar explicación"", ""apurar demasiado"", ""muchas instrucciones"", ""presión escolar""]",0.36,4,2026-05-31T21:00:00,2026-03-13T21:00:00,2026-05-31T21:00:00
a0ef6b8e-0053-4682-a9ff-c5da656a8397,597ac3d1-71f2-4d28-99fd-c8425ef1688e,ebc2601e-74af-44c5-9cc8-71442621450c,sueno_regulacion,"[""bajar luces""]","[""demasiado ruido"", ""preguntar demasiado"", ""muchas instrucciones""]",0.28,2,2026-05-31T21:00:00,2026-03-23T21:00:00,2026-05-31T21:00:00
cded9b9c-0a59-4c2c-a1fb-c9c84f7a75f2,597ac3d1-71f2-4d28-99fd-c8425ef1688e,ebc2601e-74af-44c5-9cc8-71442621450c,apoyo_general,"[""pausa breve"", ""validación"", ""menos ruido"", ""una sola indicación""]","[""cambio brusco"", ""corregir en el pico"", ""preguntar demasiado"", ""muchas instrucciones""]",0.4,5,2026-05-31T21:00:00,2026-04-02T21:00:00,2026-05-31T21:00:00
b8136971-fb4c-4141-9481-c5b664e1e4c6,597ac3d1-71f2-4d28-99fd-c8425ef1688e,ebc2601e-74af-44c5-9cc8-71442621450c,transicion_rigidez,"[""anticipación"", ""validación"", ""microacciones"", ""menos ruido""]","[""apurar demasiado"", ""gritar"", ""forzar explicación"", ""corregir en el pico""]",0.32,3,2026-05-31T21:00:00,2026-05-06T21:00:00,2026-05-31T21:00:00
2ff12d8d-ad33-4397-9b44-4a119d88ebea,7f080bb1-4c5f-4d1c-9f8d-f8ef41790fe9,80e2c913-8667-4786-b886-d727c3898c51,crisis_activa,"[""validación"", ""bajar luces"", ""dar tiempo"", ""una sola indicación""]","[""presión escolar"", ""corregir en el pico"", ""preguntar demasiado"", ""forzar explicación""]",0.4,5,2026-05-30T21:00:00,2026-04-28T21:00:00,2026-05-30T21:00:00
a1b57443-dfd6-49b8-83ff-3e5bdff99230,7f080bb1-4c5f-4d1c-9f8d-f8ef41790fe9,80e2c913-8667-4786-b886-d727c3898c51,sueno_regulacion,"[""menos palabras"", ""dar tiempo"", ""mismo cierre"", ""microacciones""]","[""presión escolar"", ""forzar explicación"", ""preguntar demasiado"", ""corregir en el pico""]",0.28,2,2026-05-28T03:00:00,2026-03-10T03:00:00,2026-05-28T03:00:00
e6f62e10-019f-400e-8a0e-5334d1dd5249,7f080bb1-4c5f-4d1c-9f8d-f8ef41790fe9,80e2c913-8667-4786-b886-d727c3898c51,sobrecarga_cuidador,"[""menos palabras"", ""anticipación"", ""una sola indicación""]","[""apurar demasiado"", ""cambio brusco"", ""muchas instrucciones"", ""corregir en el pico""]",0.32,3,2026-05-27T21:00:00,2026-03-14T21:00:00,2026-05-27T21:00:00
6bbca480-c8b0-4760-b940-ad84c7334e2e,7f080bb1-4c5f-4d1c-9f8d-f8ef41790fe9,80e2c913-8667-4786-b886-d727c3898c51,disfuncion_ejecutiva,"[""menos palabras"", ""dar tiempo"", ""bajar luces"", ""anticipación""]","[""pantallas tarde"", ""corregir en el pico"", ""muchas instrucciones"", ""forzar explicación""]",0.32,3,2026-05-29T21:00:00,2026-04-25T21:00:00,2026-05-29T21:00:00
259bbd76-4629-448a-a5bf-4e4871bd62d8,7f080bb1-4c5f-4d1c-9f8d-f8ef41790fe9,80e2c913-8667-4786-b886-d727c3898c51,apoyo_general,"[""bajar luces"", ""menos palabras"", ""anticipación"", ""menos ruido""]","[""pantallas tarde"", ""forzar explicación"", ""presión escolar"", ""gritar""]",0.48,7,2026-05-30T21:00:00,2026-03-30T21:00:00,2026-05-30T21:00:00
d3b4ab3c-d2f6-41f4-b6cc-171f1c5e29c4,7f080bb1-4c5f-4d1c-9f8d-f8ef41790fe9,80e2c913-8667-4786-b886-d727c3898c51,transicion_rigidez,"[""anticipación"", ""validación"", ""una sola indicación"", ""menos ruido""]","[""gritar"", ""presión escolar"", ""pantallas tarde"", ""preguntar demasiado""]",0.32,3,2026-05-30T00:00:00,2026-04-01T00:00:00,2026-05-30T00:00:00
7b4b587e-9b84-4f43-b08f-010d26b92417,289b7718-50d5-4656-ba6f-b176285c755f,fd87adf3-7e92-4f78-996e-9ef41b771bd9,crisis_activa,"[""anticipación"", ""menos ruido"", ""bajar luces"", ""una sola indicación""]","[""corregir en el pico"", ""preguntar demasiado"", ""apurar demasiado"", ""forzar explicación""]",0.4,5,2026-05-30T21:00:00,2026-03-30T21:00:00,2026-05-30T21:00:00
c991a27f-9461-4d4b-9771-aee0605fd5e7,289b7718-50d5-4656-ba6f-b176285c755f,fd87adf3-7e92-4f78-996e-9ef41b771bd9,transicion_rigidez,"[""menos palabras"", ""pausa breve"", ""menos ruido"", ""anticipación""]","[""presión escolar"", ""cambio brusco"", ""pantallas tarde"", ""demasiado ruido""]",0.4,5,2026-05-31T21:00:00,2026-03-31T21:00:00,2026-05-31T21:00:00
7fd252d0-ec82-4dcb-ab3b-65b9f4078bcf,289b7718-50d5-4656-ba6f-b176285c755f,fd87adf3-7e92-4f78-996e-9ef41b771bd9,disfuncion_ejecutiva,"[""validación"", ""menos ruido"", ""mismo cierre""]","[""corregir en el pico"", ""presión escolar"", ""preguntar demasiado"", ""muchas instrucciones""]",0.28,2,2026-05-29T23:00:00,2026-03-21T23:00:00,2026-05-29T23:00:00
db1b2045-004f-4292-891e-977974193be6,289b7718-50d5-4656-ba6f-b176285c755f,fd87adf3-7e92-4f78-996e-9ef41b771bd9,sueno_regulacion,"[""anticipación"", ""microacciones"", ""menos ruido""]","[""forzar explicación"", ""corregir en el pico"", ""apurar demasiado"", ""demasiado ruido""]",0.28,2,2026-05-31T00:00:00,2026-03-20T00:00:00,2026-05-31T00:00:00
70739214-a7e1-41ae-a74f-0a4445c9a444,289b7718-50d5-4656-ba6f-b176285c755f,fd87adf3-7e92-4f78-996e-9ef41b771bd9,sobrecarga_sensorial,"[""menos ruido"", ""una sola indicación"", ""dar tiempo"", ""pausa breve""]","[""apurar demasiado"", ""demasiado ruido"", ""cambio brusco"", ""preguntar demasiado""]",0.4,5,2026-05-31T02:00:00,2026-04-24T02:00:00,2026-05-31T02:00:00
4d8d30cc-c8b4-4975-93c9-b7d35fb69ab4,289b7718-50d5-4656-ba6f-b176285c755f,fd87adf3-7e92-4f78-996e-9ef41b771bd9,apoyo_general,"[""mismo cierre"", ""pausa breve"", ""bajar luces"", ""microacciones""]","[""cambio brusco"", ""demasiado ruido"", ""corregir en el pico"", ""gritar""]",0.32,3,2026-05-31T21:00:00,2026-03-30T21:00:00,2026-05-31T21:00:00
89469432-9637-451a-8d61-70d703c7ef38,289b7718-50d5-4656-ba6f-b176285c755f,fd87adf3-7e92-4f78-996e-9ef41b771bd9,sobrecarga_cuidador,"[""menos ruido"", ""una sola indicación"", ""bajar luces""]","[""corregir en el pico""]",0.24,1,2026-05-31T03:00:00,2026-03-28T03:00:00,2026-05-31T03:00:00
6c2a827c-c472-496f-8c3d-67d864e80a84,97c8ff29-a9d4-4670-a52a-6b2ddc2e0a20,32f21ce3-03ff-463c-9559-cf825a9c0c35,sobrecarga_sensorial,"[""microacciones"", ""anticipación""]","[""preguntar demasiado""]",0.24,1,2026-03-31T13:47:00,2026-02-03T13:47:00,2026-03-31T13:47:00
4f4a6a77-41e4-44f4-8649-7d2069fbc1a3,97c8ff29-a9d4-4670-a52a-6b2ddc2e0a20,32f21ce3-03ff-463c-9559-cf825a9c0c35,transicion_rigidez,"[""una sola indicación""]","[""cambio brusco"", ""forzar explicación"", ""pantallas tarde""]",0.28,2,2026-05-30T23:00:00,2026-04-22T23:00:00,2026-05-30T23:00:00
53e24efc-c1f8-4ae7-9221-fc8389ce6a3c,97c8ff29-a9d4-4670-a52a-6b2ddc2e0a20,32f21ce3-03ff-463c-9559-cf825a9c0c35,sobrecarga_cuidador,"[""bajar luces"", ""validación"", ""menos ruido"", ""dar tiempo""]","[""gritar"", ""forzar explicación"", ""presión escolar"", ""demasiado ruido""]",0.4,5,2026-05-31T03:00:00,2026-03-29T03:00:00,2026-05-31T03:00:00
ae7498b0-764e-45b2-8b8d-4e13e06f96a4,97c8ff29-a9d4-4670-a52a-6b2ddc2e0a20,32f21ce3-03ff-463c-9559-cf825a9c0c35,apoyo_general,"[""validación"", ""anticipación"", ""menos ruido"", ""mismo cierre""]","[""corregir en el pico"", ""cambio brusco"", ""pantallas tarde"", ""forzar explicación""]",0.4,5,2026-05-31T02:45:00,2026-04-10T02:45:00,2026-05-31T02:45:00
72e8e9c3-49b3-4454-b41b-3582a531eb19,97c8ff29-a9d4-4670-a52a-6b2ddc2e0a20,32f21ce3-03ff-463c-9559-cf825a9c0c35,disfuncion_ejecutiva,"[""dar tiempo"", ""bajar luces"", ""validación"", ""una sola indicación""]","[""muchas instrucciones"", ""presión escolar"", ""demasiado ruido"", ""apurar demasiado""]",0.32,3,2026-05-26T21:00:00,2026-05-03T21:00:00,2026-05-26T21:00:00
444d53b0-c932-4ed5-85dd-a94d2ce2c83d,97c8ff29-a9d4-4670-a52a-6b2ddc2e0a20,32f21ce3-03ff-463c-9559-cf825a9c0c35,sueno_regulacion,"[""validación"", ""microacciones"", ""mismo cierre"", ""una sola indicación""]","[""cambio brusco"", ""forzar explicación"", ""preguntar demasiado"", ""corregir en el pico""]",0.28,2,2026-05-30T21:00:00,2026-04-18T21:00:00,2026-05-30T21:00:00
d93a560b-2782-4398-a2c9-6d41b359ce29,97c8ff29-a9d4-4670-a52a-6b2ddc2e0a20,32f21ce3-03ff-463c-9559-cf825a9c0c35,crisis_activa,"[""validación"", ""dar tiempo"", ""mismo cierre"", ""bajar luces""]","[""demasiado ruido"", ""presión escolar"", ""apurar demasiado"", ""pantallas tarde""]",0.4,5,2026-05-30T21:00:00,2026-04-20T21:00:00,2026-05-30T21:00:00
19bdd032-f5cb-4342-ac7f-00b593457284,be696610-6106-4104-86b5-1e60a9b4dd23,a72ad1e2-daa2-4f28-8ae5-82685b91b305,crisis_activa,"[""una sola indicación"", ""anticipación"", ""validación"", ""bajar luces""]","[""pantallas tarde"", ""preguntar demasiado"", ""gritar"", ""muchas instrucciones""]",0.36,4,2026-05-29T00:00:00,2026-04-03T00:00:00,2026-05-29T00:00:00
7ab30e56-7512-4412-a6ad-306d417d1fee,be696610-6106-4104-86b5-1e60a9b4dd23,a72ad1e2-daa2-4f28-8ae5-82685b91b305,sobrecarga_cuidador,"[""validación"", ""anticipación"", ""menos ruido"", ""menos palabras""]","[""forzar explicación"", ""corregir en el pico"", ""muchas instrucciones"", ""gritar""]",0.36,4,2026-05-31T21:00:00,2026-04-28T21:00:00,2026-05-31T21:00:00
4a0f1ebd-9927-4810-bdf6-3ea1abdc32c5,be696610-6106-4104-86b5-1e60a9b4dd23,a72ad1e2-daa2-4f28-8ae5-82685b91b305,apoyo_general,"[""pausa breve"", ""menos ruido"", ""una sola indicación"", ""mismo cierre""]","[""gritar"", ""apurar demasiado"", ""muchas instrucciones"", ""forzar explicación""]",0.44,6,2026-05-28T23:00:00,2026-05-04T23:00:00,2026-05-28T23:00:00
a6da82ac-8b79-4c79-a72c-5a5985a2b62d,be696610-6106-4104-86b5-1e60a9b4dd23,a72ad1e2-daa2-4f28-8ae5-82685b91b305,transicion_rigidez,"[""bajar luces""]","[""cambio brusco"", ""demasiado ruido"", ""muchas instrucciones""]",0.28,2,2026-05-30T01:00:00,2026-03-18T01:00:00,2026-05-30T01:00:00
37198eaa-b1be-46e7-b4d9-3c822162b2d7,be696610-6106-4104-86b5-1e60a9b4dd23,a72ad1e2-daa2-4f28-8ae5-82685b91b305,disfuncion_ejecutiva,"[""menos palabras"", ""bajar luces"", ""una sola indicación"", ""validación""]","[""preguntar demasiado"", ""pantallas tarde"", ""apurar demasiado"", ""demasiado ruido""]",0.32,3,2026-05-29T21:00:00,2026-03-18T21:00:00,2026-05-29T21:00:00
4d0b0f1d-cc56-419b-b4c0-925add277606,be696610-6106-4104-86b5-1e60a9b4dd23,a72ad1e2-daa2-4f28-8ae5-82685b91b305,sobrecarga_sensorial,"[""menos ruido"", ""microacciones"", ""una sola indicación"", ""menos palabras""]","[""gritar"", ""cambio brusco"", ""pantallas tarde""]",0.32,3,2026-05-29T21:00:00,2026-03-16T21:00:00,2026-05-29T21:00:00
773cae9b-55b5-4d6b-8d74-66164197dbe1,be696610-6106-4104-86b5-1e60a9b4dd23,a72ad1e2-daa2-4f28-8ae5-82685b91b305,sueno_regulacion,"[""menos ruido""]","[""cambio brusco"", ""gritar""]",0.24,1,2026-05-31T07:00:00,2026-03-26T07:00:00,2026-05-31T07:00:00
7850b11c-4cda-435a-8e5c-d53d9cf41c47,88163df5-ce67-45d3-bcad-f965197c50ed,5c10f632-9dcc-4670-9ddd-9d01b2519891,crisis_activa,"[""bajar luces"", ""pausa breve"", ""una sola indicación"", ""mismo cierre""]","[""apurar demasiado"", ""preguntar demasiado"", ""presión escolar"", ""gritar""]",0.36,4,2026-05-28T21:00:00,2026-04-16T21:00:00,2026-05-28T21:00:00
32a93c17-6c62-458f-af0f-12e2b7beff90,88163df5-ce67-45d3-bcad-f965197c50ed,5c10f632-9dcc-4670-9ddd-9d01b2519891,apoyo_general,"[""dar tiempo"", ""una sola indicación"", ""menos ruido"", ""mismo cierre""]","[""presión escolar"", ""corregir en el pico"", ""preguntar demasiado"", ""apurar demasiado""]",0.36,4,2026-05-30T00:00:00,2026-04-25T00:00:00,2026-05-30T00:00:00
5268903b-f43a-446e-992e-50a810bf8b4d,88163df5-ce67-45d3-bcad-f965197c50ed,5c10f632-9dcc-4670-9ddd-9d01b2519891,sobrecarga_sensorial,"[""microacciones"", ""validación"", ""bajar luces"", ""dar tiempo""]","[""corregir en el pico"", ""muchas instrucciones"", ""demasiado ruido"", ""forzar explicación""]",0.4,5,2026-05-30T21:00:00,2026-04-17T21:00:00,2026-05-30T21:00:00
0c9f033f-1de9-430e-8647-4a84513002a6,88163df5-ce67-45d3-bcad-f965197c50ed,5c10f632-9dcc-4670-9ddd-9d01b2519891,disfuncion_ejecutiva,"[""menos palabras"", ""dar tiempo"", ""mismo cierre"", ""bajar luces""]","[""forzar explicación"", ""demasiado ruido"", ""presión escolar"", ""pantallas tarde""]",0.32,3,2026-05-28T16:56:00,2026-05-08T16:56:00,2026-05-28T16:56:00
45202f2d-a4c2-4f87-bf95-a55e9cdc6c98,88163df5-ce67-45d3-bcad-f965197c50ed,5c10f632-9dcc-4670-9ddd-9d01b2519891,sueno_regulacion,"[""bajar luces"", ""pausa breve"", ""anticipación"", ""menos ruido""]","[""demasiado ruido"", ""apurar demasiado"", ""gritar"", ""muchas instrucciones""]",0.36,4,2026-05-31T21:00:00,2026-04-12T21:00:00,2026-05-31T21:00:00
68aeaced-360d-41d8-97db-44377078385e,88163df5-ce67-45d3-bcad-f965197c50ed,5c10f632-9dcc-4670-9ddd-9d01b2519891,transicion_rigidez,"[""pausa breve"", ""menos ruido"", ""mismo cierre""]","[""presión escolar"", ""gritar"", ""forzar explicación"", ""pantallas tarde""]",0.32,3,2026-05-29T21:00:00,2026-03-27T21:00:00,2026-05-29T21:00:00
f24e6774-cd4f-4aa5-81da-9fef5c626158,a728d7d8-5d90-4164-a8ef-75ad64528216,9c58f5c0-2dce-48b1-8986-8aca6671139d,disfuncion_ejecutiva,"[""microacciones"", ""bajar luces"", ""una sola indicación"", ""dar tiempo""]","[""corregir en el pico"", ""preguntar demasiado"", ""gritar"", ""presión escolar""]",0.44,6,2026-05-31T06:36:00,2026-04-23T06:36:00,2026-05-31T06:36:00
d2d7abb4-e9f2-43de-8b90-3530eb246b6f,a728d7d8-5d90-4164-a8ef-75ad64528216,9c58f5c0-2dce-48b1-8986-8aca6671139d,sobrecarga_sensorial,"[""dar tiempo"", ""microacciones"", ""menos ruido"", ""validación""]","[""presión escolar"", ""apurar demasiado"", ""pantallas tarde"", ""muchas instrucciones""]",0.36,4,2026-05-30T00:00:00,2026-04-28T00:00:00,2026-05-30T00:00:00
53a6750e-52e1-4d97-95d3-d60f304be2c6,a728d7d8-5d90-4164-a8ef-75ad64528216,9c58f5c0-2dce-48b1-8986-8aca6671139d,sobrecarga_cuidador,"[""bajar luces"", ""menos palabras"", ""validación"", ""una sola indicación""]","[""muchas instrucciones"", ""gritar"", ""presión escolar"", ""forzar explicación""]",0.32,3,2026-05-30T21:00:00,2026-05-06T21:00:00,2026-05-30T21:00:00
90dae667-6828-4e5d-8d2a-fb47a4372e04,a728d7d8-5d90-4164-a8ef-75ad64528216,9c58f5c0-2dce-48b1-8986-8aca6671139d,apoyo_general,"[""pausa breve"", ""microacciones"", ""menos palabras"", ""menos ruido""]","[""preguntar demasiado"", ""gritar"", ""demasiado ruido"", ""pantallas tarde""]",0.4,5,2026-05-30T01:00:00,2026-04-11T01:00:00,2026-05-30T01:00:00
c6381f32-5758-4e10-97ce-ad3e456a9ded,a728d7d8-5d90-4164-a8ef-75ad64528216,9c58f5c0-2dce-48b1-8986-8aca6671139d,crisis_activa,"[""menos palabras"", ""dar tiempo"", ""microacciones"", ""anticipación""]","[""gritar"", ""muchas instrucciones"", ""corregir en el pico"", ""pantallas tarde""]",0.36,4,2026-05-29T21:00:00,2026-04-30T21:00:00,2026-05-29T21:00:00
ff5a98f1-50c2-4566-a242-ec09ce8392ed,a728d7d8-5d90-4164-a8ef-75ad64528216,9c58f5c0-2dce-48b1-8986-8aca6671139d,sueno_regulacion,"[""validación""]","[""presión escolar"", ""corregir en el pico"", ""cambio brusco""]",0.24,1,2026-05-29T21:00:00,2026-04-19T21:00:00,2026-05-29T21:00:00
25108dff-478e-4319-8a7d-a74998b128cf,6fb31ec5-2fd5-4795-bcd3-74c5c0f0edb9,bb0123cd-4a74-4496-9126-3ab70acf5f51,apoyo_general,"[""mismo cierre"", ""menos palabras"", ""validación"", ""anticipación""]","[""cambio brusco"", ""muchas instrucciones"", ""gritar"", ""forzar explicación""]",0.4,5,2026-05-28T21:00:00,2026-05-03T21:00:00,2026-05-28T21:00:00
39175b0c-b4bb-49c7-81b9-bcffd43748e3,6fb31ec5-2fd5-4795-bcd3-74c5c0f0edb9,bb0123cd-4a74-4496-9126-3ab70acf5f51,crisis_activa,"[""mismo cierre"", ""pausa breve"", ""microacciones"", ""menos palabras""]","[""pantallas tarde"", ""corregir en el pico"", ""apurar demasiado"", ""forzar explicación""]",0.32,3,2026-05-28T21:00:00,2026-04-20T21:00:00,2026-05-28T21:00:00
19293f09-9eaa-4c1b-b176-94d6742d4065,6fb31ec5-2fd5-4795-bcd3-74c5c0f0edb9,bb0123cd-4a74-4496-9126-3ab70acf5f51,transicion_rigidez,"[""pausa breve"", ""validación"", ""mismo cierre"", ""microacciones""]","[""preguntar demasiado"", ""forzar explicación"", ""pantallas tarde"", ""muchas instrucciones""]",0.28,2,2026-05-30T14:16:00,2026-03-27T14:16:00,2026-05-30T14:16:00
c5ce8c8a-9c9e-481b-9a49-4eebcb7e64c3,6fb31ec5-2fd5-4795-bcd3-74c5c0f0edb9,bb0123cd-4a74-4496-9126-3ab70acf5f51,disfuncion_ejecutiva,"[""dar tiempo"", ""una sola indicación"", ""menos ruido"", ""menos palabras""]","[""apurar demasiado"", ""cambio brusco"", ""preguntar demasiado"", ""demasiado ruido""]",0.36,4,2026-05-31T02:00:00,2026-03-15T02:00:00,2026-05-31T02:00:00
f1eca8f3-4d58-4374-ae99-8457967d49f6,6fb31ec5-2fd5-4795-bcd3-74c5c0f0edb9,bb0123cd-4a74-4496-9126-3ab70acf5f51,sueno_regulacion,"[""mismo cierre"", ""bajar luces"", ""anticipación"", ""dar tiempo""]","[""presión escolar"", ""forzar explicación"", ""gritar"", ""pantallas tarde""]",0.44,6,2026-05-31T21:00:00,2026-03-23T21:00:00,2026-05-31T21:00:00
c228c22d-d72b-45f9-99fd-e5b42b29a215,6fb31ec5-2fd5-4795-bcd3-74c5c0f0edb9,bb0123cd-4a74-4496-9126-3ab70acf5f51,sobrecarga_cuidador,"[""validación"", ""anticipación"", ""dar tiempo"", ""menos palabras""]","[""corregir en el pico"", ""gritar"", ""forzar explicación"", ""cambio brusco""]",0.28,2,2026-05-30T21:00:00,2026-03-22T21:00:00,2026-05-30T21:00:00
017589db-ab50-46f0-bdc1-969144b11aee,6fb31ec5-2fd5-4795-bcd3-74c5c0f0edb9,bb0123cd-4a74-4496-9126-3ab70acf5f51,sobrecarga_sensorial,"[""una sola indicación"", ""microacciones""]","[""corregir en el pico"", ""presión escolar""]",0.24,1,2026-05-27T21:00:00,2026-04-12T21:00:00,2026-05-27T21:00:00
0c06acaa-eb1d-4c9b-a8f4-0ff5e322a824,7096656a-0e08-4f7a-bc9c-37736af8e1c0,002dfe29-c5ba-4250-971d-557593e6af61,sobrecarga_cuidador,"[""anticipación"", ""menos ruido"", ""dar tiempo"", ""menos palabras""]","[""muchas instrucciones"", ""demasiado ruido"", ""gritar"", ""preguntar demasiado""]",0.4,5,2026-05-31T21:00:00,2026-03-25T21:00:00,2026-05-31T21:00:00
547cadf7-3bd4-4ab2-87fa-28c34cc73f60,7096656a-0e08-4f7a-bc9c-37736af8e1c0,002dfe29-c5ba-4250-971d-557593e6af61,disfuncion_ejecutiva,"[""validación"", ""dar tiempo"", ""mismo cierre""]","[""gritar"", ""cambio brusco"", ""muchas instrucciones"", ""presión escolar""]",0.36,4,2026-05-31T21:00:00,2026-03-24T21:00:00,2026-05-31T21:00:00
67e88d2c-adda-4429-80f6-a08ec98555e6,7096656a-0e08-4f7a-bc9c-37736af8e1c0,002dfe29-c5ba-4250-971d-557593e6af61,apoyo_general,"[""menos ruido"", ""anticipación"", ""pausa breve"", ""dar tiempo""]","[""demasiado ruido"", ""forzar explicación"", ""pantallas tarde""]",0.4,5,2026-05-30T02:00:00,2026-03-14T02:00:00,2026-05-30T02:00:00
a1c22565-b8d9-4584-840d-eb21cecde278,7096656a-0e08-4f7a-bc9c-37736af8e1c0,002dfe29-c5ba-4250-971d-557593e6af61,crisis_activa,"[""pausa breve"", ""menos ruido"", ""microacciones"", ""anticipación""]","[""preguntar demasiado"", ""apurar demasiado"", ""presión escolar"", ""demasiado ruido""]",0.4,5,2026-05-30T21:00:00,2026-04-21T21:00:00,2026-05-30T21:00:00
3cca4eae-eb51-4d7c-9232-a53f3ebd9a04,7096656a-0e08-4f7a-bc9c-37736af8e1c0,002dfe29-c5ba-4250-971d-557593e6af61,transicion_rigidez,"[""microacciones""]","[""corregir en el pico"", ""muchas instrucciones""]",0.24,1,2026-05-27T21:00:00,2026-03-18T21:00:00,2026-05-27T21:00:00
cbb20359-2f46-4f59-b996-2a5014ed6c3f,7096656a-0e08-4f7a-bc9c-37736af8e1c0,002dfe29-c5ba-4250-971d-557593e6af61,sobrecarga_sensorial,"[""menos palabras"", ""bajar luces"", ""mismo cierre"", ""validación""]","[""corregir en el pico"", ""gritar"", ""presión escolar"", ""cambio brusco""]",0.32,3,2026-05-29T16:31:00,2026-04-08T16:31:00,2026-05-29T16:31:00
e79fddd7-1940-4a75-8bcb-c2a31b1933e2,a5f05ba6-255b-4151-b54e-09ae654ac607,b31eb2f4-2347-49a3-9114-dfffb753eeaf,sueno_regulacion,"[""una sola indicación"", ""mismo cierre"", ""microacciones"", ""menos ruido""]","[""pantallas tarde"", ""apurar demasiado"", ""presión escolar"", ""muchas instrucciones""]",0.32,3,2026-04-21T19:30:00,2026-03-16T19:30:00,2026-04-21T19:30:00
4428e3cb-758a-4c62-8a4d-d5155383bc10,a5f05ba6-255b-4151-b54e-09ae654ac607,b31eb2f4-2347-49a3-9114-dfffb753eeaf,crisis_activa,"[""pausa breve"", ""bajar luces"", ""menos palabras"", ""dar tiempo""]","[""gritar"", ""cambio brusco"", ""demasiado ruido"", ""apurar demasiado""]",0.28,2,2026-05-26T21:00:00,2026-03-24T21:00:00,2026-05-26T21:00:00
83f82ebe-fa31-489d-8443-6e69752bcf92,a5f05ba6-255b-4151-b54e-09ae654ac607,b31eb2f4-2347-49a3-9114-dfffb753eeaf,sobrecarga_sensorial,"[""mismo cierre"", ""bajar luces"", ""pausa breve"", ""validación""]","[""preguntar demasiado"", ""demasiado ruido"", ""presión escolar"", ""forzar explicación""]",0.36,4,2026-05-30T21:00:00,2026-03-18T21:00:00,2026-05-30T21:00:00
b4d477e0-5547-4212-9dbf-5353956d5d44,a5f05ba6-255b-4151-b54e-09ae654ac607,b31eb2f4-2347-49a3-9114-dfffb753eeaf,apoyo_general,"[""menos palabras"", ""anticipación"", ""menos ruido"", ""bajar luces""]","[""pantallas tarde"", ""preguntar demasiado"", ""forzar explicación"", ""presión escolar""]",0.48,7,2026-05-31T21:00:00,2026-04-29T21:00:00,2026-05-31T21:00:00
e3adafe3-1441-44b0-aeef-c16db44877a4,a5f05ba6-255b-4151-b54e-09ae654ac607,b31eb2f4-2347-49a3-9114-dfffb753eeaf,sobrecarga_cuidador,"[""anticipación"", ""microacciones"", ""una sola indicación"", ""pausa breve""]","[""presión escolar"", ""gritar"", ""apurar demasiado"", ""muchas instrucciones""]",0.48,7,2026-05-31T21:00:00,2026-05-11T21:00:00,2026-05-31T21:00:00
947f62d3-0d5b-4a50-8e93-5612d2ce2ce6,0edee50a-8c0f-457b-ba23-4a624349f4a4,2ecb7bf4-5f84-45e4-836f-38359b5d8e3e,crisis_activa,"[""microacciones"", ""mismo cierre"", ""pausa breve"", ""una sola indicación""]","[""forzar explicación"", ""demasiado ruido"", ""cambio brusco"", ""preguntar demasiado""]",0.52,8,2026-05-31T01:00:00,2026-04-28T01:00:00,2026-05-31T01:00:00
ebeef1eb-597e-431a-b1d4-68de1754f916,0edee50a-8c0f-457b-ba23-4a624349f4a4,2ecb7bf4-5f84-45e4-836f-38359b5d8e3e,transicion_rigidez,"[""validación"", ""dar tiempo"", ""bajar luces"", ""una sola indicación""]","[""presión escolar"", ""preguntar demasiado"", ""muchas instrucciones"", ""forzar explicación""]",0.32,3,2026-05-30T23:00:00,2026-04-18T23:00:00,2026-05-30T23:00:00
7eb02cac-e811-406a-8792-5bbd1accaa66,0edee50a-8c0f-457b-ba23-4a624349f4a4,2ecb7bf4-5f84-45e4-836f-38359b5d8e3e,sobrecarga_cuidador,"[""pausa breve"", ""una sola indicación"", ""mismo cierre"", ""bajar luces""]","[""preguntar demasiado"", ""cambio brusco"", ""demasiado ruido"", ""apurar demasiado""]",0.32,3,2026-05-29T21:00:00,2026-03-10T21:00:00,2026-05-29T21:00:00
2feb46c5-d7e3-4c63-8c2d-0d2a188aee26,0edee50a-8c0f-457b-ba23-4a624349f4a4,2ecb7bf4-5f84-45e4-836f-38359b5d8e3e,apoyo_general,"[""bajar luces"", ""microacciones"", ""una sola indicación"", ""mismo cierre""]","[""gritar"", ""cambio brusco"", ""demasiado ruido"", ""apurar demasiado""]",0.32,3,2026-05-28T21:00:00,2026-03-11T21:00:00,2026-05-28T21:00:00
26403525-b063-46f6-b1f7-09877d89dea3,0edee50a-8c0f-457b-ba23-4a624349f4a4,2ecb7bf4-5f84-45e4-836f-38359b5d8e3e,sueno_regulacion,"[""bajar luces""]","[""presión escolar"", ""gritar"", ""muchas instrucciones""]",0.24,1,2026-05-14T15:50:00,2026-04-03T15:50:00,2026-05-14T15:50:00
11b40540-e078-446b-9a33-eab5153a3d81,0edee50a-8c0f-457b-ba23-4a624349f4a4,2ecb7bf4-5f84-45e4-836f-38359b5d8e3e,sobrecarga_sensorial,"[""una sola indicación"", ""menos palabras"", ""pausa breve"", ""validación""]","[""presión escolar"", ""pantallas tarde"", ""forzar explicación""]",0.28,2,2026-05-29T21:00:00,2026-03-23T21:00:00,2026-05-29T21:00:00
4e7211ba-6511-46cf-a2cc-b49ae151e389,0edee50a-8c0f-457b-ba23-4a624349f4a4,2ecb7bf4-5f84-45e4-836f-38359b5d8e3e,disfuncion_ejecutiva,"[""menos ruido"", ""validación"", ""una sola indicación"", ""microacciones""]","[""demasiado ruido"", ""preguntar demasiado"", ""cambio brusco""]",0.32,3,2026-05-31T21:00:00,2026-03-26T21:00:00,2026-05-31T21:00:00
89f9b3a4-e2c9-4efa-a93d-7e0cc0142972,f5631582-e54d-4424-8994-06f8685274ed,45a507bc-cc66-49e3-8d2e-f817659c9cb8,sobrecarga_sensorial,"[""pausa breve"", ""una sola indicación"", ""anticipación"", ""dar tiempo""]","[""apurar demasiado"", ""preguntar demasiado"", ""presión escolar"", ""cambio brusco""]",0.36,4,2026-05-30T21:00:00,2026-03-14T21:00:00,2026-05-30T21:00:00
ffe37161-9610-433b-9128-3cdb5b0709be,f5631582-e54d-4424-8994-06f8685274ed,45a507bc-cc66-49e3-8d2e-f817659c9cb8,sobrecarga_cuidador,"[""bajar luces"", ""menos ruido"", ""mismo cierre"", ""menos palabras""]","[""cambio brusco"", ""gritar"", ""preguntar demasiado"", ""corregir en el pico""]",0.4,5,2026-05-31T21:00:00,2026-04-17T21:00:00,2026-05-31T21:00:00
6e068bf2-715e-432a-ad87-aef2f49c2b67,f5631582-e54d-4424-8994-06f8685274ed,45a507bc-cc66-49e3-8d2e-f817659c9cb8,crisis_activa,"[""bajar luces"", ""validación"", ""una sola indicación"", ""menos palabras""]","[""pantallas tarde"", ""preguntar demasiado"", ""apurar demasiado"", ""presión escolar""]",0.44,6,2026-05-31T00:00:00,2026-04-04T00:00:00,2026-05-31T00:00:00
b4de6116-a5e6-4ac2-87a9-b4927aef5274,f5631582-e54d-4424-8994-06f8685274ed,45a507bc-cc66-49e3-8d2e-f817659c9cb8,sueno_regulacion,"[""menos ruido"", ""dar tiempo"", ""mismo cierre"", ""microacciones""]","[""muchas instrucciones"", ""cambio brusco"", ""demasiado ruido"", ""pantallas tarde""]",0.36,4,2026-05-30T21:00:00,2026-03-23T21:00:00,2026-05-30T21:00:00
be7ad20e-b80a-4ff4-83c6-e6ee647f0af1,f5631582-e54d-4424-8994-06f8685274ed,45a507bc-cc66-49e3-8d2e-f817659c9cb8,apoyo_general,"[""menos ruido"", ""bajar luces"", ""validación""]","[""corregir en el pico"", ""apurar demasiado"", ""cambio brusco"", ""presión escolar""]",0.28,2,2026-05-31T03:00:00,2026-04-11T03:00:00,2026-05-31T03:00:00
e2adc98c-873e-4a23-95dc-9a1a021a78ff,f5631582-e54d-4424-8994-06f8685274ed,45a507bc-cc66-49e3-8d2e-f817659c9cb8,disfuncion_ejecutiva,"[""mismo cierre"", ""bajar luces""]","[""gritar"", ""muchas instrucciones""]",0.24,1,2026-05-29T21:00:00,2026-05-03T21:00:00,2026-05-29T21:00:00
d3a7616f-be40-4576-b365-803edd9d39b7,f5631582-e54d-4424-8994-06f8685274ed,45a507bc-cc66-49e3-8d2e-f817659c9cb8,transicion_rigidez,"[""validación""]","[""demasiado ruido"", ""preguntar demasiado"", ""corregir en el pico""]",0.24,1,2026-05-31T21:00:00,2026-03-25T21:00:00,2026-05-31T21:00:00
d70581b1-70f4-466b-9d01-305b22ee56c7,5fcdb233-94a0-4056-85dd-484fb989fa79,dd9b6398-bf04-4967-87ca-635dcaf72460,sobrecarga_cuidador,"[""microacciones"", ""menos palabras"", ""mismo cierre"", ""pausa breve""]","[""corregir en el pico"", ""cambio brusco"", ""apurar demasiado""]",0.28,2,2026-05-30T21:00:00,2026-03-29T21:00:00,2026-05-30T21:00:00
263d0484-71f3-456a-8855-05b93ad76639,5fcdb233-94a0-4056-85dd-484fb989fa79,dd9b6398-bf04-4967-87ca-635dcaf72460,apoyo_general,"[""menos palabras"", ""microacciones"", ""una sola indicación"", ""validación""]","[""apurar demasiado"", ""muchas instrucciones"", ""demasiado ruido"", ""pantallas tarde""]",0.6,10,2026-05-31T21:00:00,2026-03-31T21:00:00,2026-05-31T21:00:00
d52dc042-922b-4ed5-83a8-e4c3c2487919,5fcdb233-94a0-4056-85dd-484fb989fa79,dd9b6398-bf04-4967-87ca-635dcaf72460,transicion_rigidez,"[""mismo cierre"", ""menos ruido"", ""bajar luces""]","[""pantallas tarde"", ""muchas instrucciones"", ""apurar demasiado"", ""demasiado ruido""]",0.32,3,2026-05-29T23:31:00,2026-04-14T23:31:00,2026-05-29T23:31:00
599980af-44aa-4242-b9b3-2757050e11da,5fcdb233-94a0-4056-85dd-484fb989fa79,dd9b6398-bf04-4967-87ca-635dcaf72460,disfuncion_ejecutiva,"[""menos palabras"", ""microacciones"", ""dar tiempo"", ""menos ruido""]","[""gritar"", ""preguntar demasiado"", ""pantallas tarde"", ""apurar demasiado""]",0.36,4,2026-05-30T01:00:00,2026-04-17T01:00:00,2026-05-30T01:00:00
4a93fee4-0612-4e53-b4af-a94448c9522f,5fcdb233-94a0-4056-85dd-484fb989fa79,dd9b6398-bf04-4967-87ca-635dcaf72460,sobrecarga_sensorial,"[""bajar luces"", ""microacciones"", ""pausa breve""]","[""presión escolar"", ""corregir en el pico"", ""apurar demasiado""]",0.32,3,2026-05-30T21:00:00,2026-05-03T21:00:00,2026-05-30T21:00:00
4bf47df7-3123-4ab9-a2e3-adf8f0576d97,5fcdb233-94a0-4056-85dd-484fb989fa79,dd9b6398-bf04-4967-87ca-635dcaf72460,crisis_activa,"[""menos ruido"", ""anticipación""]","[""demasiado ruido"", ""presión escolar"", ""preguntar demasiado""]",0.24,1,2026-05-31T21:00:00,2026-03-15T21:00:00,2026-05-31T21:00:00
825efb06-f189-49bb-b2d8-7cd8a0edf28c,1a8cc57a-55e6-4184-ac1e-28c42eb70aab,2eb6c38e-fd93-4cb3-9c85-aacb9485f4ad,sobrecarga_sensorial,"[""anticipación"", ""menos ruido"", ""microacciones"", ""bajar luces""]","[""muchas instrucciones"", ""pantallas tarde"", ""gritar"", ""apurar demasiado""]",0.4,5,2026-05-30T20:32:00,2026-03-29T20:32:00,2026-05-30T20:32:00
59294a51-20c2-4f41-bf1c-90697e6fed52,1a8cc57a-55e6-4184-ac1e-28c42eb70aab,2eb6c38e-fd93-4cb3-9c85-aacb9485f4ad,apoyo_general,"[""pausa breve"", ""menos ruido"", ""microacciones"", ""dar tiempo""]","[""apurar demasiado"", ""corregir en el pico"", ""preguntar demasiado"", ""cambio brusco""]",0.48,7,2026-05-30T21:00:00,2026-04-05T21:00:00,2026-05-30T21:00:00
75b45f0f-c756-4429-8878-3280b4243bd9,1a8cc57a-55e6-4184-ac1e-28c42eb70aab,2eb6c38e-fd93-4cb3-9c85-aacb9485f4ad,crisis_activa,"[""bajar luces"", ""una sola indicación"", ""microacciones"", ""menos ruido""]","[""forzar explicación"", ""muchas instrucciones"", ""demasiado ruido"", ""preguntar demasiado""]",0.32,3,2026-05-30T03:00:00,2026-03-30T03:00:00,2026-05-30T03:00:00
9986dc39-1a7a-4338-83a3-d26c3ae2bd3b,1a8cc57a-55e6-4184-ac1e-28c42eb70aab,2eb6c38e-fd93-4cb3-9c85-aacb9485f4ad,transicion_rigidez,"[""bajar luces"", ""menos palabras"", ""validación"", ""anticipación""]","[""forzar explicación"", ""cambio brusco"", ""muchas instrucciones""]",0.32,3,2026-05-29T21:00:00,2026-03-19T21:00:00,2026-05-29T21:00:00
d32f5d5a-24df-4b26-b171-c8a12efd0d36,1a8cc57a-55e6-4184-ac1e-28c42eb70aab,2eb6c38e-fd93-4cb3-9c85-aacb9485f4ad,disfuncion_ejecutiva,"[""microacciones"", ""pausa breve""]","[""preguntar demasiado"", ""muchas instrucciones"", ""demasiado ruido"", ""forzar explicación""]",0.32,3,2026-05-31T01:00:00,2026-04-05T01:00:00,2026-05-31T01:00:00
be207a8a-a14a-4076-a4e9-80b910a5e08d,1a8cc57a-55e6-4184-ac1e-28c42eb70aab,2eb6c38e-fd93-4cb3-9c85-aacb9485f4ad,sobrecarga_cuidador,"[""dar tiempo"", ""anticipación"", ""bajar luces""]","[""apurar demasiado"", ""forzar explicación""]",0.24,1,2026-05-28T21:00:00,2026-03-14T21:00:00,2026-05-28T21:00:00
15326bc2-e23f-4f0c-9732-61c0df3ac737,1a8cc57a-55e6-4184-ac1e-28c42eb70aab,2eb6c38e-fd93-4cb3-9c85-aacb9485f4ad,sueno_regulacion,"[""anticipación"", ""menos ruido""]","[""apurar demasiado"", ""demasiado ruido""]",0.24,1,2026-05-26T21:00:00,2026-03-23T21:00:00,2026-05-26T21:00:00
fbe6a2fd-e037-4e8e-bc4e-84b655ab1d87,c079b869-56ed-42a7-9026-94eda889db84,f2200583-e6bb-49b6-b888-a763e79faeea,sueno_regulacion,"[""menos palabras"", ""una sola indicación"", ""dar tiempo"", ""anticipación""]","[""forzar explicación"", ""cambio brusco""]",0.28,2,2026-05-29T21:00:00,2026-03-24T21:00:00,2026-05-29T21:00:00
2d262f24-f23e-4eaa-8e34-2b98e34a7baa,c079b869-56ed-42a7-9026-94eda889db84,f2200583-e6bb-49b6-b888-a763e79faeea,disfuncion_ejecutiva,"[""bajar luces"", ""dar tiempo"", ""mismo cierre"", ""microacciones""]","[""pantallas tarde"", ""demasiado ruido"", ""preguntar demasiado"", ""presión escolar""]",0.36,4,2026-05-31T21:00:00,2026-03-31T21:00:00,2026-05-31T21:00:00
86df477f-882c-4df8-949a-d78a76c6c3d8,c079b869-56ed-42a7-9026-94eda889db84,f2200583-e6bb-49b6-b888-a763e79faeea,apoyo_general,"[""dar tiempo"", ""microacciones"", ""menos ruido"", ""validación""]","[""muchas instrucciones"", ""pantallas tarde"", ""preguntar demasiado"", ""demasiado ruido""]",0.4,5,2026-05-31T03:00:00,2026-04-13T03:00:00,2026-05-31T03:00:00
252b7944-b358-4ea7-8294-1f006f888398,c079b869-56ed-42a7-9026-94eda889db84,f2200583-e6bb-49b6-b888-a763e79faeea,sobrecarga_cuidador,"[""una sola indicación"", ""menos palabras"", ""menos ruido""]","[""demasiado ruido"", ""preguntar demasiado"", ""muchas instrucciones"", ""corregir en el pico""]",0.32,3,2026-05-31T02:00:00,2026-04-24T02:00:00,2026-05-31T02:00:00
33dda98b-d521-4d93-bc25-62a376d129b1,c079b869-56ed-42a7-9026-94eda889db84,f2200583-e6bb-49b6-b888-a763e79faeea,transicion_rigidez,"[""una sola indicación"", ""anticipación""]","[""pantallas tarde"", ""cambio brusco""]",0.24,1,2026-05-27T21:00:00,2026-04-09T21:00:00,2026-05-27T21:00:00
1d2f185a-6250-48a4-b668-69fe25882a1c,c079b869-56ed-42a7-9026-94eda889db84,f2200583-e6bb-49b6-b888-a763e79faeea,crisis_activa,"[""mismo cierre"", ""pausa breve"", ""validación"", ""menos ruido""]","[""corregir en el pico"", ""cambio brusco"", ""pantallas tarde"", ""preguntar demasiado""]",0.36,4,2026-05-31T21:00:00,2026-04-22T21:00:00,2026-05-31T21:00:00
bb9d7b04-2cba-408a-880c-841d3dac5842,c079b869-56ed-42a7-9026-94eda889db84,f2200583-e6bb-49b6-b888-a763e79faeea,sobrecarga_sensorial,"[""validación"", ""menos palabras"", ""microacciones"", ""una sola indicación""]","[""corregir en el pico"", ""cambio brusco"", ""forzar explicación"", ""pantallas tarde""]",0.36,4,2026-05-31T21:00:00,2026-04-23T21:00:00,2026-05-31T21:00:00
326f830d-b8b3-429b-b4f4-03d7353426b9,d4026127-66fd-47bb-abfc-ddd3e2f3801c,4e42a3f3-b238-4063-9e54-ab809c62c092,crisis_activa,"[""menos ruido"", ""mismo cierre"", ""anticipación"", ""dar tiempo""]","[""muchas instrucciones"", ""demasiado ruido"", ""preguntar demasiado"", ""gritar""]",0.36,4,2026-05-30T21:00:00,2026-04-12T21:00:00,2026-05-30T21:00:00
4d55a5c8-aa68-4890-bae6-47c9c821fc65,d4026127-66fd-47bb-abfc-ddd3e2f3801c,4e42a3f3-b238-4063-9e54-ab809c62c092,apoyo_general,"[""anticipación"", ""dar tiempo""]","[""presión escolar"", ""preguntar demasiado"", ""forzar explicación"", ""pantallas tarde""]",0.36,4,2026-05-29T21:00:00,2026-03-18T21:00:00,2026-05-29T21:00:00
4629f749-f7b2-43bf-9836-a417554b6828,d4026127-66fd-47bb-abfc-ddd3e2f3801c,4e42a3f3-b238-4063-9e54-ab809c62c092,sueno_regulacion,"[""dar tiempo"", ""pausa breve"", ""anticipación"", ""menos ruido""]","[""cambio brusco"", ""pantallas tarde"", ""forzar explicación"", ""demasiado ruido""]",0.36,4,2026-05-31T21:00:00,2026-04-23T21:00:00,2026-05-31T21:00:00
aa08cd26-2793-4670-a0ee-34dddd4c4aa4,d4026127-66fd-47bb-abfc-ddd3e2f3801c,4e42a3f3-b238-4063-9e54-ab809c62c092,sobrecarga_sensorial,"[""validación"", ""dar tiempo"", ""microacciones""]","[""pantallas tarde"", ""apurar demasiado"", ""corregir en el pico"", ""cambio brusco""]",0.32,3,2026-05-31T21:00:00,2026-03-26T21:00:00,2026-05-31T21:00:00
1ea863b2-0e97-4027-978f-c0ab9b83f923,d4026127-66fd-47bb-abfc-ddd3e2f3801c,4e42a3f3-b238-4063-9e54-ab809c62c092,sobrecarga_cuidador,"[""menos ruido"", ""microacciones"", ""menos palabras"", ""dar tiempo""]","[""muchas instrucciones"", ""demasiado ruido"", ""apurar demasiado"", ""gritar""]",0.4,5,2026-05-31T21:00:00,2026-05-03T21:00:00,2026-05-31T21:00:00
f3173610-6909-439e-bf30-266a6943dd00,d4026127-66fd-47bb-abfc-ddd3e2f3801c,4e42a3f3-b238-4063-9e54-ab809c62c092,disfuncion_ejecutiva,"[""menos ruido"", ""una sola indicación"", ""bajar luces""]","[""corregir en el pico"", ""demasiado ruido""]",0.28,2,2026-05-31T21:00:00,2026-03-26T21:00:00,2026-05-31T21:00:00
df173fec-6601-4487-831f-a526169696c9,d4026127-66fd-47bb-abfc-ddd3e2f3801c,4e42a3f3-b238-4063-9e54-ab809c62c092,transicion_rigidez,"[""bajar luces""]","[""forzar explicación""]",0.24,1,2026-05-30T08:00:00,2026-05-07T08:00:00,2026-05-30T08:00:00
61467829-6917-4079-b6ad-48c10efd7489,2d591e85-b5bb-41c5-8c0a-e5372453dd1d,1a9efc16-f4c3-4831-b94d-da0097b7ad53,sobrecarga_sensorial,"[""una sola indicación"", ""dar tiempo"", ""anticipación"", ""pausa breve""]","[""presión escolar"", ""cambio brusco"", ""preguntar demasiado""]",0.28,2,2026-05-28T21:00:00,2026-04-15T21:00:00,2026-05-28T21:00:00
320e0084-01a7-4b1b-a37b-7943b6db3c42,2d591e85-b5bb-41c5-8c0a-e5372453dd1d,1a9efc16-f4c3-4831-b94d-da0097b7ad53,apoyo_general,"[""microacciones"", ""pausa breve"", ""mismo cierre"", ""menos ruido""]","[""cambio brusco"", ""corregir en el pico"", ""forzar explicación""]",0.28,2,2026-05-31T14:54:00,2026-03-20T14:54:00,2026-05-31T14:54:00
7b04a03c-9c9a-4031-adc8-2237b7e66f51,2d591e85-b5bb-41c5-8c0a-e5372453dd1d,1a9efc16-f4c3-4831-b94d-da0097b7ad53,disfuncion_ejecutiva,"[""dar tiempo"", ""anticipación"", ""validación"", ""bajar luces""]","[""muchas instrucciones"", ""forzar explicación"", ""corregir en el pico"", ""gritar""]",0.48,7,2026-05-31T21:00:00,2026-04-02T21:00:00,2026-05-31T21:00:00
bd4ffa5d-c63c-46ce-a785-1c87f33614a2,2d591e85-b5bb-41c5-8c0a-e5372453dd1d,1a9efc16-f4c3-4831-b94d-da0097b7ad53,sobrecarga_cuidador,"[""dar tiempo"", ""validación"", ""pausa breve"", ""microacciones""]","[""corregir en el pico"", ""apurar demasiado"", ""forzar explicación"", ""gritar""]",0.36,4,2026-05-29T21:00:00,2026-04-17T21:00:00,2026-05-29T21:00:00
6c707b4a-5165-4caf-a930-23d5c9e3ce84,2d591e85-b5bb-41c5-8c0a-e5372453dd1d,1a9efc16-f4c3-4831-b94d-da0097b7ad53,transicion_rigidez,"[""mismo cierre"", ""menos palabras"", ""una sola indicación""]","[""apurar demasiado"", ""pantallas tarde"", ""muchas instrucciones"", ""forzar explicación""]",0.32,3,2026-05-30T21:00:00,2026-04-18T21:00:00,2026-05-30T21:00:00
333d5b8d-7721-49e8-9ed9-f9d8869da704,2d591e85-b5bb-41c5-8c0a-e5372453dd1d,1a9efc16-f4c3-4831-b94d-da0097b7ad53,crisis_activa,"[""dar tiempo"", ""microacciones"", ""menos palabras"", ""anticipación""]","[""gritar"", ""forzar explicación"", ""muchas instrucciones"", ""cambio brusco""]",0.36,4,2026-05-31T21:00:00,2026-05-07T21:00:00,2026-05-31T21:00:00
da7cc3db-a124-49fd-ac94-a78759765491,2d591e85-b5bb-41c5-8c0a-e5372453dd1d,1a9efc16-f4c3-4831-b94d-da0097b7ad53,sueno_regulacion,"[""menos palabras"", ""pausa breve""]","[""corregir en el pico"", ""presión escolar"", ""pantallas tarde""]",0.24,1,2026-05-28T18:24:00,2026-03-22T18:24:00,2026-05-28T18:24:00
f8643ebc-23e9-491d-b091-1a4dbf0a1963,9096c13e-9e89-41a3-89e1-d5764b91c6b1,f2a5044b-db77-4fbd-b1cb-daf92053760a,disfuncion_ejecutiva,"[""mismo cierre"", ""validación"", ""pausa breve""]","[""corregir en el pico"", ""forzar explicación"", ""gritar"", ""apurar demasiado""]",0.28,2,2026-05-28T21:00:00,2026-03-28T21:00:00,2026-05-28T21:00:00
00b9b57f-75a2-41c0-8491-f2df07010c4e,9096c13e-9e89-41a3-89e1-d5764b91c6b1,f2a5044b-db77-4fbd-b1cb-daf92053760a,sobrecarga_cuidador,"[""menos ruido"", ""validación"", ""menos palabras"", ""dar tiempo""]","[""demasiado ruido"", ""presión escolar"", ""corregir en el pico"", ""gritar""]",0.48,7,2026-05-31T21:00:00,2026-05-03T21:00:00,2026-05-31T21:00:00
05534d08-c679-44e2-8769-c679d067cec7,9096c13e-9e89-41a3-89e1-d5764b91c6b1,f2a5044b-db77-4fbd-b1cb-daf92053760a,sueno_regulacion,"[""anticipación"", ""menos ruido"", ""dar tiempo"", ""pausa breve""]","[""cambio brusco"", ""gritar"", ""preguntar demasiado"", ""demasiado ruido""]",0.28,2,2026-05-15T13:34:00,2026-03-12T13:34:00,2026-05-15T13:34:00
4ec42d11-7239-4d2a-987e-441b817ef7fe,9096c13e-9e89-41a3-89e1-d5764b91c6b1,f2a5044b-db77-4fbd-b1cb-daf92053760a,crisis_activa,"[""menos ruido"", ""menos palabras"", ""anticipación"", ""una sola indicación""]","[""preguntar demasiado"", ""gritar"", ""muchas instrucciones"", ""corregir en el pico""]",0.4,5,2026-05-29T21:00:00,2026-03-28T21:00:00,2026-05-29T21:00:00
37cf91d3-d31f-4556-8b23-21a848ce5177,9096c13e-9e89-41a3-89e1-d5764b91c6b1,f2a5044b-db77-4fbd-b1cb-daf92053760a,sobrecarga_sensorial,"[""microacciones"", ""menos palabras"", ""una sola indicación""]","[""pantallas tarde"", ""muchas instrucciones"", ""cambio brusco"", ""presión escolar""]",0.28,2,2026-05-30T05:00:00,2026-04-16T05:00:00,2026-05-30T05:00:00
d0033fc2-221b-4900-866a-ae5257f57214,9096c13e-9e89-41a3-89e1-d5764b91c6b1,f2a5044b-db77-4fbd-b1cb-daf92053760a,transicion_rigidez,"[""una sola indicación"", ""bajar luces"", ""pausa breve""]","[""gritar"", ""apurar demasiado"", ""cambio brusco""]",0.24,1,2026-05-27T23:34:00,2026-04-27T23:34:00,2026-05-27T23:34:00
e159bbaa-500b-4ca3-937c-fbf769a400c4,9096c13e-9e89-41a3-89e1-d5764b91c6b1,f2a5044b-db77-4fbd-b1cb-daf92053760a,apoyo_general,"[""dar tiempo"", ""bajar luces"", ""mismo cierre"", ""anticipación""]","[""forzar explicación"", ""gritar"", ""presión escolar"", ""cambio brusco""]",0.36,4,2026-05-31T21:00:00,2026-04-02T21:00:00,2026-05-31T21:00:00
5e2e893c-6c44-46ff-a128-bf91bcdf8376,918aede6-5c36-4c37-9848-c1e741078677,f8894c71-8d4f-4e43-80c1-4411a71dfcf7,apoyo_general,"[""dar tiempo"", ""una sola indicación"", ""microacciones"", ""anticipación""]","[""demasiado ruido"", ""gritar"", ""forzar explicación"", ""cambio brusco""]",0.4,5,2026-05-29T21:00:00,2026-04-12T21:00:00,2026-05-29T21:00:00
99693fd6-1145-474d-ae5a-02a9bbad3361,918aede6-5c36-4c37-9848-c1e741078677,f8894c71-8d4f-4e43-80c1-4411a71dfcf7,crisis_activa,"[""menos palabras"", ""anticipación"", ""validación"", ""pausa breve""]","[""forzar explicación"", ""pantallas tarde"", ""cambio brusco"", ""presión escolar""]",0.4,5,2026-05-31T21:00:00,2026-04-24T21:00:00,2026-05-31T21:00:00
35c6214a-c987-4e37-bdd5-c4faee858a74,918aede6-5c36-4c37-9848-c1e741078677,f8894c71-8d4f-4e43-80c1-4411a71dfcf7,sobrecarga_sensorial,"[""menos palabras"", ""bajar luces"", ""menos ruido"", ""validación""]","[""muchas instrucciones"", ""pantallas tarde"", ""presión escolar"", ""cambio brusco""]",0.32,3,2026-05-30T21:00:00,2026-04-28T21:00:00,2026-05-30T21:00:00
94c30422-ae5f-4535-8137-d6abe20f2b56,918aede6-5c36-4c37-9848-c1e741078677,f8894c71-8d4f-4e43-80c1-4411a71dfcf7,sueno_regulacion,"[""mismo cierre"", ""pausa breve"", ""validación"", ""dar tiempo""]","[""gritar"", ""corregir en el pico""]",0.28,2,2026-05-30T21:00:00,2026-04-18T21:00:00,2026-05-30T21:00:00
0453fc95-18ce-4adb-9570-e511142b7b76,918aede6-5c36-4c37-9848-c1e741078677,f8894c71-8d4f-4e43-80c1-4411a71dfcf7,sobrecarga_cuidador,"[""validación"", ""una sola indicación"", ""bajar luces"", ""anticipación""]","[""apurar demasiado"", ""muchas instrucciones"", ""cambio brusco"", ""preguntar demasiado""]",0.36,4,2026-05-28T17:28:00,2026-04-23T17:28:00,2026-05-28T17:28:00
4df99501-cace-4b32-8f1b-7193886325fc,918aede6-5c36-4c37-9848-c1e741078677,f8894c71-8d4f-4e43-80c1-4411a71dfcf7,transicion_rigidez,"[""mismo cierre"", ""microacciones""]","[""preguntar demasiado"", ""corregir en el pico"", ""muchas instrucciones""]",0.28,2,2026-05-27T16:28:00,2026-04-11T16:28:00,2026-05-27T16:28:00
e92591fb-b5e1-48ee-a340-b1e5ec78ac07,918aede6-5c36-4c37-9848-c1e741078677,f8894c71-8d4f-4e43-80c1-4411a71dfcf7,disfuncion_ejecutiva,"[""bajar luces"", ""microacciones"", ""validación""]","[""gritar"", ""demasiado ruido"", ""pantallas tarde""]",0.28,2,2026-05-29T21:00:00,2026-04-21T21:00:00,2026-05-29T21:00:00
aaa7e74a-8a53-466d-bc82-33df1a339c30,f8ae2882-392f-47bd-9ea0-96143fdc7fbf,35f81a22-0b66-409a-ae48-e7938e58170b,sobrecarga_cuidador,"[""menos ruido"", ""validación"", ""dar tiempo"", ""bajar luces""]","[""pantallas tarde"", ""forzar explicación"", ""corregir en el pico"", ""demasiado ruido""]",0.4,5,2026-05-29T22:00:00,2026-04-22T22:00:00,2026-05-29T22:00:00
6492b812-9238-4924-9477-8ccad3635bff,f8ae2882-392f-47bd-9ea0-96143fdc7fbf,35f81a22-0b66-409a-ae48-e7938e58170b,sobrecarga_sensorial,"[""bajar luces"", ""dar tiempo"", ""validación""]","[""demasiado ruido"", ""muchas instrucciones"", ""cambio brusco"", ""pantallas tarde""]",0.28,2,2026-05-25T20:55:00,2026-04-17T20:55:00,2026-05-25T20:55:00
68c6c2e6-46ad-44c8-b679-54c73e1f5ae0,f8ae2882-392f-47bd-9ea0-96143fdc7fbf,35f81a22-0b66-409a-ae48-e7938e58170b,sueno_regulacion,"[""pausa breve"", ""una sola indicación"", ""menos ruido"", ""bajar luces""]","[""gritar"", ""forzar explicación"", ""demasiado ruido"", ""corregir en el pico""]",0.28,2,2026-05-27T21:00:00,2026-04-21T21:00:00,2026-05-27T21:00:00
c3636d81-b84c-4eb4-80fd-b31cde8ed333,f8ae2882-392f-47bd-9ea0-96143fdc7fbf,35f81a22-0b66-409a-ae48-e7938e58170b,apoyo_general,"[""pausa breve"", ""mismo cierre"", ""una sola indicación"", ""bajar luces""]","[""presión escolar"", ""pantallas tarde"", ""forzar explicación"", ""muchas instrucciones""]",0.48,7,2026-05-31T01:55:00,2026-04-06T01:55:00,2026-05-31T01:55:00
1998c9fb-2bd1-45ac-a041-7b912e475a1e,f8ae2882-392f-47bd-9ea0-96143fdc7fbf,35f81a22-0b66-409a-ae48-e7938e58170b,disfuncion_ejecutiva,"[""pausa breve"", ""menos ruido"", ""dar tiempo"", ""mismo cierre""]","[""preguntar demasiado"", ""gritar"", ""presión escolar""]",0.36,4,2026-05-31T21:00:00,2026-04-24T21:00:00,2026-05-31T21:00:00
ee2198ab-88a3-4fd5-a0a4-3e53744baf3d,f8ae2882-392f-47bd-9ea0-96143fdc7fbf,35f81a22-0b66-409a-ae48-e7938e58170b,crisis_activa,"[""una sola indicación"", ""microacciones"", ""bajar luces""]","[""pantallas tarde"", ""muchas instrucciones"", ""cambio brusco"", ""demasiado ruido""]",0.28,2,2026-05-31T21:00:00,2026-04-21T21:00:00,2026-05-31T21:00:00
af72c106-b9df-42a1-9239-ce2b248c86aa,f8ae2882-392f-47bd-9ea0-96143fdc7fbf,35f81a22-0b66-409a-ae48-e7938e58170b,transicion_rigidez,"[""una sola indicación"", ""microacciones"", ""dar tiempo""]","[""cambio brusco"", ""preguntar demasiado"", ""corregir en el pico""]",0.24,1,2026-05-29T21:00:00,2026-03-28T21:00:00,2026-05-29T21:00:00
7602bb46-5c06-40a9-aea7-3634415a6dac,866f0766-bcad-4179-a396-4655c028a0dd,188d7075-ea89-4911-bd69-8a3de9e7753a,sobrecarga_cuidador,"[""dar tiempo"", ""menos ruido"", ""bajar luces"", ""mismo cierre""]","[""demasiado ruido"", ""apurar demasiado"", ""cambio brusco"", ""preguntar demasiado""]",0.44,6,2026-05-30T21:00:00,2026-03-14T21:00:00,2026-05-30T21:00:00
610f9bb8-89a0-4513-a182-e074360ae161,866f0766-bcad-4179-a396-4655c028a0dd,188d7075-ea89-4911-bd69-8a3de9e7753a,disfuncion_ejecutiva,"[""anticipación"", ""dar tiempo"", ""microacciones"", ""pausa breve""]","[""gritar"", ""pantallas tarde"", ""presión escolar"", ""forzar explicación""]",0.32,3,2026-05-31T21:00:00,2026-04-07T21:00:00,2026-05-31T21:00:00
8ee7b1c9-a1ef-43af-acdf-dca7912f8369,866f0766-bcad-4179-a396-4655c028a0dd,188d7075-ea89-4911-bd69-8a3de9e7753a,apoyo_general,"[""anticipación"", ""menos palabras"", ""menos ruido"", ""una sola indicación""]","[""corregir en el pico"", ""muchas instrucciones"", ""demasiado ruido"", ""pantallas tarde""]",0.44,6,2026-05-29T21:00:00,2026-03-14T21:00:00,2026-05-29T21:00:00
9b867d62-f10b-4b24-9fcd-be534f2df10c,866f0766-bcad-4179-a396-4655c028a0dd,188d7075-ea89-4911-bd69-8a3de9e7753a,sueno_regulacion,"[""microacciones"", ""menos palabras""]","[""preguntar demasiado"", ""forzar explicación"", ""gritar""]",0.28,2,2026-05-31T15:43:00,2026-03-20T15:43:00,2026-05-31T15:43:00
c4f4fa66-a94b-4505-a7f0-252d4f885183,866f0766-bcad-4179-a396-4655c028a0dd,188d7075-ea89-4911-bd69-8a3de9e7753a,sobrecarga_sensorial,"[""menos palabras"", ""bajar luces""]","[""corregir en el pico"", ""muchas instrucciones"", ""apurar demasiado""]",0.24,1,2026-05-26T21:00:00,2026-03-31T21:00:00,2026-05-26T21:00:00
867bde8e-e6e5-4dae-a133-07a1cf0d761a,866f0766-bcad-4179-a396-4655c028a0dd,188d7075-ea89-4911-bd69-8a3de9e7753a,crisis_activa,"[""menos ruido"", ""anticipación"", ""menos palabras"", ""una sola indicación""]","[""gritar"", ""demasiado ruido"", ""cambio brusco"", ""apurar demasiado""]",0.4,5,2026-05-31T21:00:00,2026-04-08T21:00:00,2026-05-31T21:00:00
fcbf593d-3194-41d1-8306-1bb6c7e779df,392aa214-2140-427d-aead-2578b8fd452b,2bdbcd6c-eed5-4787-afc2-2dd71d3e24a7,apoyo_general,"[""microacciones"", ""anticipación"", ""bajar luces"", ""menos ruido""]","[""preguntar demasiado"", ""presión escolar"", ""corregir en el pico"", ""pantallas tarde""]",0.48,7,2026-05-30T21:00:00,2026-03-17T21:00:00,2026-05-30T21:00:00
0f53ae35-63a0-4895-b718-618159a79275,392aa214-2140-427d-aead-2578b8fd452b,2bdbcd6c-eed5-4787-afc2-2dd71d3e24a7,sobrecarga_cuidador,"[""menos palabras"", ""una sola indicación"", ""pausa breve"", ""mismo cierre""]","[""apurar demasiado"", ""forzar explicación"", ""gritar"", ""pantallas tarde""]",0.44,6,2026-05-29T01:00:00,2026-03-13T01:00:00,2026-05-29T01:00:00
2d25ddfd-e23a-47c6-94ff-40717a3980b8,392aa214-2140-427d-aead-2578b8fd452b,2bdbcd6c-eed5-4787-afc2-2dd71d3e24a7,crisis_activa,"[""una sola indicación"", ""mismo cierre"", ""pausa breve"", ""microacciones""]","[""gritar"", ""preguntar demasiado"", ""apurar demasiado"", ""presión escolar""]",0.36,4,2026-05-30T21:00:00,2026-03-18T21:00:00,2026-05-30T21:00:00
c52b9358-1096-414c-b757-4ac7eaecbef9,392aa214-2140-427d-aead-2578b8fd452b,2bdbcd6c-eed5-4787-afc2-2dd71d3e24a7,sobrecarga_sensorial,"[""validación"", ""pausa breve"", ""menos palabras"", ""anticipación""]","[""pantallas tarde"", ""demasiado ruido"", ""muchas instrucciones"", ""preguntar demasiado""]",0.32,3,2026-05-27T21:00:00,2026-03-25T21:00:00,2026-05-27T21:00:00
d539df7b-dff1-4622-a7e5-87036bce18ae,392aa214-2140-427d-aead-2578b8fd452b,2bdbcd6c-eed5-4787-afc2-2dd71d3e24a7,transicion_rigidez,"[""menos palabras"", ""validación"", ""dar tiempo""]","[""muchas instrucciones"", ""demasiado ruido"", ""corregir en el pico"", ""cambio brusco""]",0.28,2,2026-05-31T21:00:00,2026-05-11T21:00:00,2026-05-31T21:00:00
e4189e09-0c4e-4aa3-b953-f673a4acd7f4,392aa214-2140-427d-aead-2578b8fd452b,2bdbcd6c-eed5-4787-afc2-2dd71d3e24a7,disfuncion_ejecutiva,"[""menos palabras"", ""microacciones""]","[""pantallas tarde""]",0.24,1,2026-05-30T22:00:00,2026-03-26T22:00:00,2026-05-30T22:00:00
ffc4958c-80a5-40e4-bc3d-756e912518fa,c00fbb7b-8f05-4d04-941a-beb386ac11ee,ef86c818-faa5-4fd8-af4b-020aaa608874,apoyo_general,"[""dar tiempo"", ""validación"", ""menos ruido"", ""menos palabras""]","[""corregir en el pico"", ""muchas instrucciones"", ""gritar"", ""demasiado ruido""]",0.32,3,2026-05-31T21:00:00,2026-03-15T21:00:00,2026-05-31T21:00:00
df371b0c-8b84-468b-a394-9a1c7890a3e3,c00fbb7b-8f05-4d04-941a-beb386ac11ee,ef86c818-faa5-4fd8-af4b-020aaa608874,sobrecarga_cuidador,"[""menos palabras"", ""dar tiempo"", ""bajar luces"", ""mismo cierre""]","[""apurar demasiado"", ""preguntar demasiado"", ""gritar"", ""presión escolar""]",0.44,6,2026-05-30T21:00:00,2026-04-20T21:00:00,2026-05-30T21:00:00
87e7569d-2353-47e0-8b27-44e722822ecf,c00fbb7b-8f05-4d04-941a-beb386ac11ee,ef86c818-faa5-4fd8-af4b-020aaa608874,crisis_activa,"[""pausa breve"", ""bajar luces"", ""dar tiempo"", ""menos palabras""]","[""preguntar demasiado"", ""presión escolar"", ""forzar explicación"", ""pantallas tarde""]",0.36,4,2026-05-29T21:00:00,2026-03-13T21:00:00,2026-05-29T21:00:00
55df66b2-f65e-4ded-8537-220bfd769461,c00fbb7b-8f05-4d04-941a-beb386ac11ee,ef86c818-faa5-4fd8-af4b-020aaa608874,disfuncion_ejecutiva,"[""menos ruido"", ""microacciones"", ""una sola indicación"", ""pausa breve""]","[""apurar demasiado"", ""corregir en el pico"", ""demasiado ruido"", ""pantallas tarde""]",0.32,3,2026-05-26T02:20:00,2026-04-19T02:20:00,2026-05-26T02:20:00
9ddcd0fa-ff2b-4f83-a5a5-ea7adb085df4,c00fbb7b-8f05-4d04-941a-beb386ac11ee,ef86c818-faa5-4fd8-af4b-020aaa608874,transicion_rigidez,"[""bajar luces"", ""validación"", ""una sola indicación"", ""menos palabras""]","[""pantallas tarde"", ""preguntar demasiado"", ""demasiado ruido"", ""corregir en el pico""]",0.36,4,2026-05-31T06:20:00,2026-04-13T06:20:00,2026-05-31T06:20:00
6b61c661-4546-4d4c-b1e4-846dfdb4d706,c00fbb7b-8f05-4d04-941a-beb386ac11ee,ef86c818-faa5-4fd8-af4b-020aaa608874,sueno_regulacion,"[""pausa breve"", ""mismo cierre""]","[""demasiado ruido"", ""presión escolar""]",0.24,1,2026-05-26T21:00:00,2026-05-05T21:00:00,2026-05-26T21:00:00
8aa45ff3-ebdf-4fee-a2ba-7d3b3cf7a789,c00fbb7b-8f05-4d04-941a-beb386ac11ee,ef86c818-faa5-4fd8-af4b-020aaa608874,sobrecarga_sensorial,"[""menos palabras"", ""pausa breve"", ""bajar luces""]","[""presión escolar"", ""cambio brusco"", ""gritar"", ""muchas instrucciones""]",0.28,2,2026-05-30T04:00:00,2026-03-20T04:00:00,2026-05-30T04:00:00
ed18454a-3c00-4297-9f0c-2afae246bbda,aacfc70d-6d36-467b-aa66-519caafcf0a8,4e0536fa-c404-4805-8459-1f361c3a660e,apoyo_general,"[""microacciones"", ""una sola indicación"", ""menos palabras"", ""dar tiempo""]","[""pantallas tarde"", ""corregir en el pico"", ""presión escolar"", ""demasiado ruido""]",0.48,7,2026-05-31T21:00:00,2026-04-29T21:00:00,2026-05-31T21:00:00
e8d04619-1111-4e79-965c-76291e2278bb,aacfc70d-6d36-467b-aa66-519caafcf0a8,4e0536fa-c404-4805-8459-1f361c3a660e,crisis_activa,"[""pausa breve"", ""anticipación"", ""una sola indicación"", ""dar tiempo""]","[""apurar demasiado"", ""cambio brusco"", ""presión escolar"", ""forzar explicación""]",0.44,6,2026-05-30T21:00:00,2026-04-23T21:00:00,2026-05-30T21:00:00
1b54a9b3-3fe6-47f4-9980-50ceb8ac4853,aacfc70d-6d36-467b-aa66-519caafcf0a8,4e0536fa-c404-4805-8459-1f361c3a660e,sobrecarga_cuidador,"[""validación"", ""una sola indicación"", ""mismo cierre"", ""bajar luces""]","[""cambio brusco"", ""muchas instrucciones"", ""forzar explicación"", ""apurar demasiado""]",0.4,5,2026-05-31T01:00:00,2026-03-27T01:00:00,2026-05-31T01:00:00
1d5a151b-811e-4764-81d4-3956210846c5,aacfc70d-6d36-467b-aa66-519caafcf0a8,4e0536fa-c404-4805-8459-1f361c3a660e,disfuncion_ejecutiva,"[""menos palabras"", ""validación"", ""pausa breve"", ""microacciones""]","[""corregir en el pico"", ""muchas instrucciones""]",0.28,2,2026-05-21T19:36:00,2026-03-14T19:36:00,2026-05-21T19:36:00
56159d00-42b6-4152-9090-9d520752acdf,aacfc70d-6d36-467b-aa66-519caafcf0a8,4e0536fa-c404-4805-8459-1f361c3a660e,sobrecarga_sensorial,"[""dar tiempo"", ""bajar luces"", ""mismo cierre""]","[""muchas instrucciones"", ""apurar demasiado"", ""forzar explicación"", ""corregir en el pico""]",0.28,2,2026-05-29T21:00:00,2026-03-17T21:00:00,2026-05-29T21:00:00
2b2441b9-aa1f-488c-9507-c9ed3585e107,aacfc70d-6d36-467b-aa66-519caafcf0a8,4e0536fa-c404-4805-8459-1f361c3a660e,sueno_regulacion,"[""menos palabras""]","[""pantallas tarde"", ""forzar explicación""]",0.24,1,2026-05-30T21:00:00,2026-05-10T21:00:00,2026-05-30T21:00:00
6dea3a6a-b869-4186-a87b-989abc8ed41f,29907378-5e9b-4661-b240-f444d1725468,9ef7570a-1509-4672-9045-30877ab4f0a7,sueno_regulacion,"[""bajar luces"", ""menos palabras"", ""una sola indicación"", ""pausa breve""]","[""apurar demasiado"", ""pantallas tarde"", ""muchas instrucciones"", ""presión escolar""]",0.4,5,2026-05-31T02:37:00,2026-03-22T02:37:00,2026-05-31T02:37:00
9ee781f9-481a-460c-9b6b-3f10cc0c3a09,29907378-5e9b-4661-b240-f444d1725468,9ef7570a-1509-4672-9045-30877ab4f0a7,transicion_rigidez,"[""microacciones"", ""menos ruido"", ""menos palabras"", ""bajar luces""]","[""preguntar demasiado"", ""corregir en el pico"", ""pantallas tarde"", ""muchas instrucciones""]",0.36,4,2026-05-30T21:00:00,2026-04-05T21:00:00,2026-05-30T21:00:00
2652458c-3b22-4c97-bf40-7d5f82426033,29907378-5e9b-4661-b240-f444d1725468,9ef7570a-1509-4672-9045-30877ab4f0a7,disfuncion_ejecutiva,"[""anticipación"", ""bajar luces"", ""validación"", ""menos palabras""]","[""corregir en el pico"", ""presión escolar"", ""gritar"", ""muchas instrucciones""]",0.32,3,2026-05-30T22:00:00,2026-04-17T22:00:00,2026-05-30T22:00:00
2d27b5a0-7813-48b9-b6f6-b37ac1669dcb,29907378-5e9b-4661-b240-f444d1725468,9ef7570a-1509-4672-9045-30877ab4f0a7,crisis_activa,"[""una sola indicación"", ""dar tiempo"", ""pausa breve"", ""anticipación""]","[""preguntar demasiado"", ""pantallas tarde"", ""corregir en el pico"", ""muchas instrucciones""]",0.36,4,2026-05-28T21:00:00,2026-04-07T21:00:00,2026-05-28T21:00:00
21763cdd-dbd5-4689-8558-fe11b5bebe75,29907378-5e9b-4661-b240-f444d1725468,9ef7570a-1509-4672-9045-30877ab4f0a7,apoyo_general,"[""una sola indicación"", ""menos palabras"", ""validación""]","[""pantallas tarde"", ""presión escolar""]",0.28,2,2026-05-24T18:37:00,2026-04-13T18:37:00,2026-05-24T18:37:00
74692a56-5940-4976-9705-38e89a2285b4,29907378-5e9b-4661-b240-f444d1725468,9ef7570a-1509-4672-9045-30877ab4f0a7,sobrecarga_cuidador,"[""pausa breve"", ""validación"", ""dar tiempo"", ""bajar luces""]","[""preguntar demasiado"", ""cambio brusco"", ""muchas instrucciones"", ""demasiado ruido""]",0.36,4,2026-05-31T21:00:00,2026-04-19T21:00:00,2026-05-31T21:00:00
30ff5d37-6d43-4a4a-9951-81ce6e0235f5,29907378-5e9b-4661-b240-f444d1725468,9ef7570a-1509-4672-9045-30877ab4f0a7,sobrecarga_sensorial,"[""bajar luces"", ""pausa breve"", ""menos palabras""]","[""demasiado ruido"", ""presión escolar"", ""cambio brusco""]",0.24,1,2026-05-27T21:00:00,2026-03-23T21:00:00,2026-05-27T21:00:00
89e5aa10-8316-4ede-a223-c60bdbbe7d67,616deb2c-4a7e-4645-ac7e-568d89c5ea47,5aa81779-a944-440a-82bd-6a18bf88a5f9,sobrecarga_cuidador,"[""menos palabras"", ""validación"", ""anticipación"", ""mismo cierre""]","[""presión escolar"", ""gritar"", ""demasiado ruido"", ""apurar demasiado""]",0.4,5,2026-05-31T21:00:00,2026-05-10T21:00:00,2026-05-31T21:00:00
2dda545e-430c-49a8-afa6-be24f8cd6d1a,616deb2c-4a7e-4645-ac7e-568d89c5ea47,5aa81779-a944-440a-82bd-6a18bf88a5f9,sueno_regulacion,"[""bajar luces"", ""pausa breve"", ""validación"", ""microacciones""]","[""preguntar demasiado"", ""apurar demasiado"", ""presión escolar"", ""gritar""]",0.28,2,2026-05-26T21:00:00,2026-03-21T21:00:00,2026-05-26T21:00:00
ea1822a6-4109-4bfd-b028-e681bad0ef6a,616deb2c-4a7e-4645-ac7e-568d89c5ea47,5aa81779-a944-440a-82bd-6a18bf88a5f9,apoyo_general,"[""anticipación"", ""mismo cierre"", ""microacciones"", ""pausa breve""]","[""pantallas tarde"", ""presión escolar"", ""muchas instrucciones"", ""apurar demasiado""]",0.36,4,2026-05-29T21:00:00,2026-04-01T21:00:00,2026-05-29T21:00:00
16f2c242-7fa8-480a-9f8d-696ea9387eca,616deb2c-4a7e-4645-ac7e-568d89c5ea47,5aa81779-a944-440a-82bd-6a18bf88a5f9,sobrecarga_sensorial,"[""anticipación"", ""validación"", ""menos palabras"", ""mismo cierre""]","[""demasiado ruido"", ""preguntar demasiado"", ""forzar explicación"", ""apurar demasiado""]",0.28,2,2026-05-30T21:00:00,2026-03-29T21:00:00,2026-05-30T21:00:00
a4eb8002-30e1-4f13-9d0e-51d4c32b5e64,616deb2c-4a7e-4645-ac7e-568d89c5ea47,5aa81779-a944-440a-82bd-6a18bf88a5f9,crisis_activa,"[""microacciones"", ""bajar luces"", ""validación"", ""menos ruido""]","[""preguntar demasiado"", ""apurar demasiado"", ""corregir en el pico"", ""presión escolar""]",0.44,6,2026-05-31T21:00:00,2026-04-17T21:00:00,2026-05-31T21:00:00
5110a488-c1b8-4f4a-9f9a-f418dbb08ec0,616deb2c-4a7e-4645-ac7e-568d89c5ea47,5aa81779-a944-440a-82bd-6a18bf88a5f9,disfuncion_ejecutiva,"[""menos ruido"", ""bajar luces"", ""una sola indicación"", ""mismo cierre""]","[""demasiado ruido"", ""muchas instrucciones"", ""gritar"", ""presión escolar""]",0.32,3,2026-05-30T21:00:00,2026-03-19T21:00:00,2026-05-30T21:00:00
e7ca3421-cf71-423d-a39a-4b811db6010c,616deb2c-4a7e-4645-ac7e-568d89c5ea47,5aa81779-a944-440a-82bd-6a18bf88a5f9,transicion_rigidez,"[""una sola indicación"", ""pausa breve""]","[""apurar demasiado""]",0.24,1,2026-05-29T21:00:00,2026-04-08T21:00:00,2026-05-29T21:00:00
28e8bd1b-4507-439f-8e7b-364960e294c5,0acf4a73-0940-4fee-8a26-9234c249ec78,f3d213d6-8024-4d85-a874-801aad21143b,sobrecarga_cuidador,"[""anticipación"", ""bajar luces"", ""una sola indicación"", ""menos ruido""]","[""corregir en el pico"", ""gritar"", ""forzar explicación"", ""preguntar demasiado""]",0.32,3,2026-05-31T21:00:00,2026-03-12T21:00:00,2026-05-31T21:00:00
f67bbd47-06af-4455-bec1-632a7d45bfb1,0acf4a73-0940-4fee-8a26-9234c249ec78,f3d213d6-8024-4d85-a874-801aad21143b,crisis_activa,"[""mismo cierre"", ""pausa breve"", ""bajar luces"", ""una sola indicación""]","[""presión escolar"", ""preguntar demasiado"", ""corregir en el pico""]",0.32,3,2026-05-30T21:00:00,2026-04-13T21:00:00,2026-05-30T21:00:00
2e7da247-372b-4185-97b4-0834e29a02a3,0acf4a73-0940-4fee-8a26-9234c249ec78,f3d213d6-8024-4d85-a874-801aad21143b,sueno_regulacion,"[""menos ruido"", ""mismo cierre"", ""anticipación""]","[""pantallas tarde"", ""cambio brusco"", ""apurar demasiado"", ""demasiado ruido""]",0.28,2,2026-05-27T21:00:00,2026-03-24T21:00:00,2026-05-27T21:00:00
41f57e4a-99d9-420f-8c2c-8e7783a67848,0acf4a73-0940-4fee-8a26-9234c249ec78,f3d213d6-8024-4d85-a874-801aad21143b,apoyo_general,"[""bajar luces"", ""anticipación"", ""una sola indicación"", ""pausa breve""]","[""apurar demasiado"", ""cambio brusco"", ""demasiado ruido"", ""corregir en el pico""]",0.48,7,2026-05-31T21:00:00,2026-04-20T21:00:00,2026-05-31T21:00:00
52580345-8a22-4f29-99f4-ba1aac8bd229,0acf4a73-0940-4fee-8a26-9234c249ec78,f3d213d6-8024-4d85-a874-801aad21143b,transicion_rigidez,"[""validación"", ""dar tiempo"", ""mismo cierre""]","[""forzar explicación"", ""muchas instrucciones"", ""cambio brusco""]",0.24,1,2026-05-24T15:31:00,2026-03-30T15:31:00,2026-05-24T15:31:00
02fdbb3c-73e2-46af-a644-756410892715,0acf4a73-0940-4fee-8a26-9234c249ec78,f3d213d6-8024-4d85-a874-801aad21143b,disfuncion_ejecutiva,"[""bajar luces"", ""una sola indicación"", ""mismo cierre"", ""validación""]","[""apurar demasiado"", ""corregir en el pico"", ""pantallas tarde"", ""cambio brusco""]",0.28,2,2026-05-30T23:00:00,2026-03-30T23:00:00,2026-05-30T23:00:00
edd46693-c1ae-4d9f-9fd3-d28a2cdb1978,0acf4a73-0940-4fee-8a26-9234c249ec78,f3d213d6-8024-4d85-a874-801aad21143b,sobrecarga_sensorial,"[""menos ruido"", ""menos palabras"", ""microacciones"", ""dar tiempo""]","[""preguntar demasiado"", ""corregir en el pico"", ""muchas instrucciones"", ""apurar demasiado""]",0.4,5,2026-05-31T21:00:00,2026-04-21T21:00:00,2026-05-31T21:00:00
ef17be6e-332c-4894-83d0-a6e56223118e,7b506d8d-d8de-4f77-a234-b88c5bb9a67f,72c651d3-cbfc-496c-b8c2-1ca8fff8d4c0,disfuncion_ejecutiva,"[""validación"", ""dar tiempo"", ""bajar luces"", ""menos palabras""]","[""apurar demasiado"", ""corregir en el pico"", ""presión escolar"", ""cambio brusco""]",0.36,4,2026-05-29T21:00:00,2026-03-25T21:00:00,2026-05-29T21:00:00
2c1423a9-7f3b-410a-8a04-ba0274970157,7b506d8d-d8de-4f77-a234-b88c5bb9a67f,72c651d3-cbfc-496c-b8c2-1ca8fff8d4c0,apoyo_general,"[""anticipación"", ""microacciones"", ""validación"", ""una sola indicación""]","[""pantallas tarde"", ""preguntar demasiado"", ""cambio brusco"", ""demasiado ruido""]",0.48,7,2026-05-31T21:00:00,2026-04-17T21:00:00,2026-05-31T21:00:00
3f90aea1-4678-4538-a700-21e58c1568fc,7b506d8d-d8de-4f77-a234-b88c5bb9a67f,72c651d3-cbfc-496c-b8c2-1ca8fff8d4c0,sueno_regulacion,"[""microacciones""]","[""pantallas tarde"", ""apurar demasiado""]",0.24,1,2026-05-22T16:14:00,2026-04-29T16:14:00,2026-05-22T16:14:00
99bca598-c96f-447a-898e-aa2cb58ab84e,7b506d8d-d8de-4f77-a234-b88c5bb9a67f,72c651d3-cbfc-496c-b8c2-1ca8fff8d4c0,sobrecarga_sensorial,"[""mismo cierre"", ""menos ruido"", ""bajar luces"", ""validación""]","[""demasiado ruido"", ""forzar explicación"", ""corregir en el pico"", ""gritar""]",0.44,6,2026-05-31T02:00:00,2026-03-17T02:00:00,2026-05-31T02:00:00
12842bc7-37ba-4c3b-b0b0-40a434c02fe4,7b506d8d-d8de-4f77-a234-b88c5bb9a67f,72c651d3-cbfc-496c-b8c2-1ca8fff8d4c0,crisis_activa,"[""dar tiempo"", ""validación"", ""pausa breve"", ""bajar luces""]","[""gritar"", ""apurar demasiado"", ""forzar explicación"", ""corregir en el pico""]",0.32,3,2026-05-30T22:14:00,2026-03-12T22:14:00,2026-05-30T22:14:00
fb9a0ef3-674c-4000-8b43-6303bd5f5bd3,7b506d8d-d8de-4f77-a234-b88c5bb9a67f,72c651d3-cbfc-496c-b8c2-1ca8fff8d4c0,sobrecarga_cuidador,"[""validación"", ""anticipación""]","[""forzar explicación"", ""presión escolar"", ""apurar demasiado""]",0.28,2,2026-05-27T21:00:00,2026-03-30T21:00:00,2026-05-27T21:00:00
13666e51-9e1b-4ce8-a8f1-fa7e6f06c948,9e4dea67-103a-4ac2-9505-30b245b48ae3,49e613e9-04a0-4e36-aa31-bdbd23ddc3fc,apoyo_general,"[""validación"", ""mismo cierre"", ""menos palabras"", ""dar tiempo""]","[""demasiado ruido"", ""cambio brusco"", ""muchas instrucciones"", ""presión escolar""]",0.4,5,2026-05-31T21:00:00,2026-04-21T21:00:00,2026-05-31T21:00:00
336aa132-1714-4169-b726-c431d9d4b80b,9e4dea67-103a-4ac2-9505-30b245b48ae3,49e613e9-04a0-4e36-aa31-bdbd23ddc3fc,disfuncion_ejecutiva,"[""una sola indicación"", ""anticipación"", ""menos palabras"", ""menos ruido""]","[""preguntar demasiado"", ""muchas instrucciones"", ""forzar explicación"", ""corregir en el pico""]",0.32,3,2026-05-31T21:00:00,2026-03-20T21:00:00,2026-05-31T21:00:00
5a3f00e1-d333-4253-a18f-99323d15bf45,9e4dea67-103a-4ac2-9505-30b245b48ae3,49e613e9-04a0-4e36-aa31-bdbd23ddc3fc,transicion_rigidez,"[""dar tiempo"", ""pausa breve"", ""menos ruido"", ""microacciones""]","[""preguntar demasiado"", ""muchas instrucciones"", ""apurar demasiado"", ""presión escolar""]",0.36,4,2026-05-28T22:31:00,2026-05-03T22:31:00,2026-05-28T22:31:00
85d17b29-a47a-4bd6-bab2-57062e9bc303,9e4dea67-103a-4ac2-9505-30b245b48ae3,49e613e9-04a0-4e36-aa31-bdbd23ddc3fc,sobrecarga_sensorial,"[""dar tiempo"", ""una sola indicación"", ""menos palabras"", ""menos ruido""]","[""demasiado ruido"", ""pantallas tarde"", ""preguntar demasiado"", ""cambio brusco""]",0.44,6,2026-05-31T21:00:00,2026-04-01T21:00:00,2026-05-31T21:00:00
8e16a142-ef89-4329-85c1-b1fb94a2c8b9,9e4dea67-103a-4ac2-9505-30b245b48ae3,49e613e9-04a0-4e36-aa31-bdbd23ddc3fc,sueno_regulacion,"[""menos palabras"", ""bajar luces"", ""validación"", ""una sola indicación""]","[""gritar"", ""corregir en el pico"", ""presión escolar""]",0.28,2,2026-05-28T21:00:00,2026-03-21T21:00:00,2026-05-28T21:00:00
a7454391-a59d-4370-aae1-0d76e186d438,9e4dea67-103a-4ac2-9505-30b245b48ae3,49e613e9-04a0-4e36-aa31-bdbd23ddc3fc,sobrecarga_cuidador,"[""menos ruido"", ""microacciones"", ""dar tiempo""]","[""cambio brusco"", ""forzar explicación"", ""muchas instrucciones""]",0.28,2,2026-05-30T21:00:00,2026-04-21T21:00:00,2026-05-30T21:00:00
f7962cce-64d8-4fa0-ba5b-1b13ac808010,9e4dea67-103a-4ac2-9505-30b245b48ae3,49e613e9-04a0-4e36-aa31-bdbd23ddc3fc,crisis_activa,"[""bajar luces""]","[""gritar"", ""cambio brusco""]",0.24,1,2026-05-31T21:00:00,2026-04-15T21:00:00,2026-05-31T21:00:00
386d7dc3-647e-49d7-9b7e-00fb1e0c1131,ae8358a1-766a-43f3-a023-f891365bbedb,d06a8e10-9178-4f15-b2c5-9ae65d22f024,sobrecarga_cuidador,"[""anticipación"", ""mismo cierre"", ""menos ruido"", ""bajar luces""]","[""demasiado ruido"", ""preguntar demasiado"", ""forzar explicación"", ""gritar""]",0.28,2,2026-05-31T01:00:00,2026-04-26T01:00:00,2026-05-31T01:00:00
c90d3f0a-eb54-4eb8-9844-c536374c23c6,ae8358a1-766a-43f3-a023-f891365bbedb,d06a8e10-9178-4f15-b2c5-9ae65d22f024,transicion_rigidez,"[""validación""]","[""preguntar demasiado"", ""demasiado ruido"", ""forzar explicación"", ""cambio brusco""]",0.28,2,2026-05-30T21:00:00,2026-04-18T21:00:00,2026-05-30T21:00:00
890c40e3-f3fd-4d10-b88e-7bb8388f73f0,ae8358a1-766a-43f3-a023-f891365bbedb,d06a8e10-9178-4f15-b2c5-9ae65d22f024,crisis_activa,"[""anticipación"", ""pausa breve"", ""microacciones"", ""menos ruido""]","[""demasiado ruido"", ""preguntar demasiado"", ""presión escolar"", ""apurar demasiado""]",0.44,6,2026-05-31T21:00:00,2026-03-19T21:00:00,2026-05-31T21:00:00
27feffab-431c-4785-afc9-ea12f0074be0,ae8358a1-766a-43f3-a023-f891365bbedb,d06a8e10-9178-4f15-b2c5-9ae65d22f024,sobrecarga_sensorial,"[""microacciones"", ""una sola indicación"", ""anticipación"", ""dar tiempo""]","[""corregir en el pico"", ""cambio brusco"", ""apurar demasiado""]",0.36,4,2026-05-29T21:00:00,2026-05-03T21:00:00,2026-05-29T21:00:00
3b73a145-fa0b-4c8f-a24c-0dfa1587f954,ae8358a1-766a-43f3-a023-f891365bbedb,d06a8e10-9178-4f15-b2c5-9ae65d22f024,apoyo_general,"[""bajar luces"", ""microacciones"", ""una sola indicación"", ""dar tiempo""]","[""corregir en el pico"", ""apurar demasiado"", ""muchas instrucciones"", ""forzar explicación""]",0.44,6,2026-05-31T21:00:00,2026-04-05T21:00:00,2026-05-31T21:00:00
687812b3-a335-4630-9651-d3ca99eacdc5,ae8358a1-766a-43f3-a023-f891365bbedb,d06a8e10-9178-4f15-b2c5-9ae65d22f024,disfuncion_ejecutiva,"[""mismo cierre"", ""bajar luces""]","[""preguntar demasiado"", ""apurar demasiado"", ""forzar explicación"", ""presión escolar""]",0.28,2,2026-05-27T21:00:00,2026-03-16T21:00:00,2026-05-27T21:00:00
b2a24b77-7c1e-402a-8b2b-b648732451ff,ae8358a1-766a-43f3-a023-f891365bbedb,d06a8e10-9178-4f15-b2c5-9ae65d22f024,sueno_regulacion,"[""dar tiempo""]","[""demasiado ruido"", ""presión escolar""]",0.24,1,2026-05-26T21:00:00,2026-04-29T21:00:00,2026-05-26T21:00:00
7a61cad4-722e-4ad3-aec2-832f22abf6e3,ce8b9bf0-926c-4cc4-94cd-5e9ebfffb088,a7b00e82-25aa-446a-99d3-8f22b65f1a2a,sobrecarga_cuidador,"[""pausa breve"", ""anticipación"", ""una sola indicación"", ""microacciones""]","[""cambio brusco"", ""forzar explicación"", ""apurar demasiado"", ""pantallas tarde""]",0.4,5,2026-05-31T21:00:00,2026-04-07T21:00:00,2026-05-31T21:00:00
fbfbcb41-f4f5-4b2b-b06f-8c1d8964c4ac,ce8b9bf0-926c-4cc4-94cd-5e9ebfffb088,a7b00e82-25aa-446a-99d3-8f22b65f1a2a,sueno_regulacion,"[""pausa breve"", ""menos palabras"", ""bajar luces"", ""menos ruido""]","[""cambio brusco"", ""demasiado ruido"", ""preguntar demasiado"", ""pantallas tarde""]",0.32,3,2026-05-29T21:00:00,2026-03-28T21:00:00,2026-05-29T21:00:00
e602c192-3228-45fd-9670-dd0c2d855337,ce8b9bf0-926c-4cc4-94cd-5e9ebfffb088,a7b00e82-25aa-446a-99d3-8f22b65f1a2a,sobrecarga_sensorial,"[""menos ruido"", ""menos palabras"", ""mismo cierre"", ""bajar luces""]","[""gritar"", ""muchas instrucciones"", ""cambio brusco"", ""forzar explicación""]",0.36,4,2026-05-31T21:00:00,2026-04-21T21:00:00,2026-05-31T21:00:00
df50333f-a292-4083-b9fa-1ed03810c4d3,ce8b9bf0-926c-4cc4-94cd-5e9ebfffb088,a7b00e82-25aa-446a-99d3-8f22b65f1a2a,apoyo_general,"[""menos ruido"", ""anticipación"", ""pausa breve"", ""una sola indicación""]","[""demasiado ruido"", ""cambio brusco"", ""apurar demasiado"", ""corregir en el pico""]",0.4,5,2026-05-30T23:00:00,2026-04-10T23:00:00,2026-05-30T23:00:00
f6dd6e18-d026-4862-be80-f45d9fc8c017,ce8b9bf0-926c-4cc4-94cd-5e9ebfffb088,a7b00e82-25aa-446a-99d3-8f22b65f1a2a,crisis_activa,"[""dar tiempo"", ""microacciones"", ""validación"", ""pausa breve""]","[""preguntar demasiado"", ""presión escolar"", ""muchas instrucciones"", ""apurar demasiado""]",0.4,5,2026-05-31T21:00:00,2026-04-03T21:00:00,2026-05-31T21:00:00
f9ee5062-66fa-47cc-bc10-7e32524fdae4,ce8b9bf0-926c-4cc4-94cd-5e9ebfffb088,a7b00e82-25aa-446a-99d3-8f22b65f1a2a,transicion_rigidez,"[""validación""]","[""demasiado ruido"", ""pantallas tarde"", ""forzar explicación""]",0.24,1,2026-05-27T21:00:00,2026-03-24T21:00:00,2026-05-27T21:00:00
6236ccdc-3946-476f-bc70-499875b1d60b,c753551a-d6a4-4529-9d7b-46307a535d31,dc406497-06da-46a8-b2d4-25e31be2d79d,sueno_regulacion,"[""pausa breve"", ""menos ruido"", ""dar tiempo""]","[""gritar"", ""corregir en el pico"", ""forzar explicación""]",0.28,2,2026-05-29T03:00:00,2026-04-22T03:00:00,2026-05-29T03:00:00
3c7205b1-7697-4105-8140-312202becf8e,c753551a-d6a4-4529-9d7b-46307a535d31,dc406497-06da-46a8-b2d4-25e31be2d79d,apoyo_general,"[""mismo cierre"", ""pausa breve"", ""una sola indicación"", ""dar tiempo""]","[""apurar demasiado"", ""pantallas tarde"", ""cambio brusco"", ""gritar""]",0.36,4,2026-05-30T23:00:00,2026-04-11T23:00:00,2026-05-30T23:00:00
1c4741c0-b6f3-41b0-824b-5befc028e45a,c753551a-d6a4-4529-9d7b-46307a535d31,dc406497-06da-46a8-b2d4-25e31be2d79d,transicion_rigidez,"[""pausa breve"", ""menos palabras"", ""validación"", ""menos ruido""]","[""gritar"", ""corregir en el pico"", ""muchas instrucciones"", ""cambio brusco""]",0.32,3,2026-05-30T03:00:00,2026-04-28T03:00:00,2026-05-30T03:00:00
b3bd4f7b-75e0-4e7a-a0ba-51707da25210,c753551a-d6a4-4529-9d7b-46307a535d31,dc406497-06da-46a8-b2d4-25e31be2d79d,sobrecarga_cuidador,"[""pausa breve"", ""bajar luces"", ""menos palabras"", ""dar tiempo""]","[""preguntar demasiado"", ""cambio brusco"", ""demasiado ruido"", ""muchas instrucciones""]",0.4,5,2026-05-29T18:09:00,2026-04-21T18:09:00,2026-05-29T18:09:00
3fa7e31c-edee-445d-a2dd-4fa9849f46cf,c753551a-d6a4-4529-9d7b-46307a535d31,dc406497-06da-46a8-b2d4-25e31be2d79d,sobrecarga_sensorial,"[""microacciones"", ""anticipación"", ""una sola indicación"", ""bajar luces""]","[""apurar demasiado"", ""presión escolar"", ""muchas instrucciones"", ""cambio brusco""]",0.4,5,2026-05-28T00:00:00,2026-05-05T00:00:00,2026-05-28T00:00:00
e39dcdaf-2df1-499d-a169-b97fb4db5b0b,c753551a-d6a4-4529-9d7b-46307a535d31,dc406497-06da-46a8-b2d4-25e31be2d79d,disfuncion_ejecutiva,"[""menos palabras"", ""bajar luces"", ""microacciones""]","[""demasiado ruido"", ""corregir en el pico"", ""muchas instrucciones"", ""pantallas tarde""]",0.32,3,2026-05-27T22:00:00,2026-04-25T22:00:00,2026-05-27T22:00:00
49b0a29c-2a20-4906-9105-a35cb2d0ac7f,c753551a-d6a4-4529-9d7b-46307a535d31,dc406497-06da-46a8-b2d4-25e31be2d79d,crisis_activa,"[""anticipación""]","[""forzar explicación"", ""gritar"", ""apurar demasiado""]",0.24,1,2026-05-29T21:00:00,2026-03-24T21:00:00,2026-05-29T21:00:00
8b437754-0ced-40f9-95b8-b46f77785cab,8fbc457e-3ff8-4fb9-9c58-dfaeabef906b,5f87f5d8-55fe-431f-96a4-eaefb0a9da68,crisis_activa,"[""anticipación"", ""menos ruido"", ""menos palabras"", ""microacciones""]","[""demasiado ruido"", ""muchas instrucciones"", ""gritar"", ""apurar demasiado""]",0.44,6,2026-05-31T03:00:00,2026-03-27T03:00:00,2026-05-31T03:00:00
d9687bda-f769-44c6-a6e0-828d47362b2c,8fbc457e-3ff8-4fb9-9c58-dfaeabef906b,5f87f5d8-55fe-431f-96a4-eaefb0a9da68,apoyo_general,"[""validación"", ""menos palabras"", ""anticipación"", ""dar tiempo""]","[""muchas instrucciones"", ""corregir en el pico"", ""gritar"", ""presión escolar""]",0.4,5,2026-05-27T21:00:00,2026-04-10T21:00:00,2026-05-27T21:00:00
0dcf3276-900c-4ee2-abbe-6aea0bfce0d0,8fbc457e-3ff8-4fb9-9c58-dfaeabef906b,5f87f5d8-55fe-431f-96a4-eaefb0a9da68,disfuncion_ejecutiva,"[""anticipación"", ""dar tiempo"", ""bajar luces"", ""menos ruido""]","[""apurar demasiado"", ""muchas instrucciones"", ""presión escolar"", ""pantallas tarde""]",0.32,3,2026-05-31T21:00:00,2026-04-23T21:00:00,2026-05-31T21:00:00
aea8952f-0d02-4b07-808c-6a8c87303329,8fbc457e-3ff8-4fb9-9c58-dfaeabef906b,5f87f5d8-55fe-431f-96a4-eaefb0a9da68,sueno_regulacion,"[""anticipación"", ""bajar luces"", ""microacciones"", ""una sola indicación""]","[""apurar demasiado"", ""corregir en el pico"", ""muchas instrucciones"", ""pantallas tarde""]",0.32,3,2026-05-30T20:58:00,2026-03-30T20:58:00,2026-05-30T20:58:00
d63f9813-1744-494b-9d58-5929e35b9e1e,8fbc457e-3ff8-4fb9-9c58-dfaeabef906b,5f87f5d8-55fe-431f-96a4-eaefb0a9da68,transicion_rigidez,"[""validación"", ""mismo cierre"", ""bajar luces""]","[""gritar"", ""muchas instrucciones"", ""pantallas tarde"", ""cambio brusco""]",0.28,2,2026-05-28T21:00:00,2026-04-20T21:00:00,2026-05-28T21:00:00
288eee7b-0356-4d82-8104-8bf159186ed3,8fbc457e-3ff8-4fb9-9c58-dfaeabef906b,5f87f5d8-55fe-431f-96a4-eaefb0a9da68,sobrecarga_cuidador,"[""menos ruido"", ""bajar luces"", ""dar tiempo"", ""mismo cierre""]","[""preguntar demasiado"", ""presión escolar"", ""forzar explicación"", ""pantallas tarde""]",0.32,3,2026-05-30T23:00:00,2026-04-24T23:00:00,2026-05-30T23:00:00
3fa6c9c9-874e-4dd3-992a-8bd8e71d0824,8fbc457e-3ff8-4fb9-9c58-dfaeabef906b,5f87f5d8-55fe-431f-96a4-eaefb0a9da68,sobrecarga_sensorial,[],"[""apurar demasiado""]",0.24,1,2026-05-28T21:00:00,2026-03-29T21:00:00,2026-05-28T21:00:00
cb09093d-111c-4715-a712-9c7f2ad7d3c3,6f1d6cba-d8bc-4eeb-b463-ce93f3b0d72a,4b4b5768-e503-40a6-a2d0-83ab72e09332,sueno_regulacion,"[""menos palabras"", ""microacciones"", ""anticipación"", ""mismo cierre""]","[""forzar explicación"", ""gritar"", ""pantallas tarde"", ""apurar demasiado""]",0.28,2,2026-05-09T02:51:00,2026-03-12T02:51:00,2026-05-09T02:51:00
6e5eed4f-177b-4125-b261-e66241ac3590,6f1d6cba-d8bc-4eeb-b463-ce93f3b0d72a,4b4b5768-e503-40a6-a2d0-83ab72e09332,sobrecarga_cuidador,"[""una sola indicación"", ""mismo cierre"", ""anticipación"", ""menos ruido""]","[""muchas instrucciones"", ""forzar explicación"", ""cambio brusco"", ""pantallas tarde""]",0.4,5,2026-05-29T21:00:00,2026-04-16T21:00:00,2026-05-29T21:00:00
12e51a11-7f56-44e3-9b9c-9f51edd34661,6f1d6cba-d8bc-4eeb-b463-ce93f3b0d72a,4b4b5768-e503-40a6-a2d0-83ab72e09332,sobrecarga_sensorial,"[""bajar luces"", ""validación"", ""menos palabras"", ""mismo cierre""]","[""gritar"", ""demasiado ruido"", ""muchas instrucciones"", ""cambio brusco""]",0.48,7,2026-05-31T21:00:00,2026-03-14T21:00:00,2026-05-31T21:00:00
027d6600-8bbf-4459-b517-cea1cc95f336,6f1d6cba-d8bc-4eeb-b463-ce93f3b0d72a,4b4b5768-e503-40a6-a2d0-83ab72e09332,crisis_activa,"[""menos palabras"", ""bajar luces""]","[""gritar"", ""muchas instrucciones"", ""pantallas tarde"", ""cambio brusco""]",0.32,3,2026-05-31T21:00:00,2026-04-12T21:00:00,2026-05-31T21:00:00
f4ded94f-5d16-407a-8340-15f500d6a9da,6f1d6cba-d8bc-4eeb-b463-ce93f3b0d72a,4b4b5768-e503-40a6-a2d0-83ab72e09332,transicion_rigidez,"[""una sola indicación"", ""mismo cierre"", ""anticipación"", ""menos ruido""]","[""demasiado ruido"", ""muchas instrucciones"", ""forzar explicación"", ""presión escolar""]",0.32,3,2026-05-30T21:00:00,2026-04-13T21:00:00,2026-05-30T21:00:00
aafb8909-8811-414b-b0b4-aceb2f75debb,6f1d6cba-d8bc-4eeb-b463-ce93f3b0d72a,4b4b5768-e503-40a6-a2d0-83ab72e09332,apoyo_general,"[""validación"", ""una sola indicación""]","[""pantallas tarde"", ""corregir en el pico""]",0.28,2,2026-05-31T02:00:00,2026-03-26T02:00:00,2026-05-31T02:00:00
c8c0a356-d98b-4a58-b795-a7c483f22586,6f1d6cba-d8bc-4eeb-b463-ce93f3b0d72a,4b4b5768-e503-40a6-a2d0-83ab72e09332,disfuncion_ejecutiva,"[""menos palabras""]","[""forzar explicación""]",0.24,1,2026-05-27T21:00:00,2026-04-05T21:00:00,2026-05-27T21:00:00
ca398cc4-8459-4d5d-98bc-95e5ae607e87,1c38ae4f-1846-45ca-938e-3e1bbcdb1049,dfbcc3fa-1e16-4503-8f5f-afd07e37c90a,apoyo_general,"[""pausa breve"", ""menos ruido"", ""validación"", ""una sola indicación""]","[""preguntar demasiado"", ""apurar demasiado"", ""pantallas tarde"", ""demasiado ruido""]",0.44,6,2026-05-30T21:00:00,2026-03-16T21:00:00,2026-05-30T21:00:00
1b51eff7-7449-464f-a888-11ccd7df3002,1c38ae4f-1846-45ca-938e-3e1bbcdb1049,dfbcc3fa-1e16-4503-8f5f-afd07e37c90a,sobrecarga_cuidador,"[""mismo cierre"", ""anticipación"", ""menos ruido"", ""bajar luces""]","[""cambio brusco"", ""pantallas tarde"", ""preguntar demasiado"", ""forzar explicación""]",0.36,4,2026-05-31T01:00:00,2026-04-17T01:00:00,2026-05-31T01:00:00
86bea033-f6ca-4c65-8e84-9e313dedb465,1c38ae4f-1846-45ca-938e-3e1bbcdb1049,dfbcc3fa-1e16-4503-8f5f-afd07e37c90a,transicion_rigidez,"[""dar tiempo"", ""microacciones"", ""validación"", ""una sola indicación""]","[""forzar explicación"", ""presión escolar"", ""corregir en el pico"", ""pantallas tarde""]",0.4,5,2026-05-31T03:00:00,2026-03-30T03:00:00,2026-05-31T03:00:00
f212b60c-95c4-496c-a02e-d098b566e985,1c38ae4f-1846-45ca-938e-3e1bbcdb1049,dfbcc3fa-1e16-4503-8f5f-afd07e37c90a,sueno_regulacion,"[""bajar luces"", ""pausa breve"", ""menos palabras"", ""anticipación""]","[""demasiado ruido"", ""preguntar demasiado"", ""cambio brusco"", ""apurar demasiado""]",0.36,4,2026-05-30T01:00:00,2026-04-25T01:00:00,2026-05-30T01:00:00
780b4931-ec50-4267-8132-1fdfafe895b4,1c38ae4f-1846-45ca-938e-3e1bbcdb1049,dfbcc3fa-1e16-4503-8f5f-afd07e37c90a,crisis_activa,"[""pausa breve"", ""menos palabras"", ""una sola indicación"", ""anticipación""]","[""corregir en el pico"", ""presión escolar"", ""cambio brusco"", ""gritar""]",0.28,2,2026-05-30T06:16:00,2026-03-20T06:16:00,2026-05-30T06:16:00
02ce4453-a684-4702-8485-9d5c0450d597,1c38ae4f-1846-45ca-938e-3e1bbcdb1049,dfbcc3fa-1e16-4503-8f5f-afd07e37c90a,disfuncion_ejecutiva,"[""bajar luces""]","[""gritar"", ""corregir en el pico"", ""preguntar demasiado""]",0.24,1,2026-05-26T21:00:00,2026-04-27T21:00:00,2026-05-26T21:00:00
5545fada-fd35-4dfd-b494-2bf2d08d302d,1c38ae4f-1846-45ca-938e-3e1bbcdb1049,dfbcc3fa-1e16-4503-8f5f-afd07e37c90a,sobrecarga_sensorial,"[""pausa breve"", ""menos palabras""]","[""muchas instrucciones"", ""apurar demasiado"", ""demasiado ruido""]",0.24,1,2026-05-29T21:00:00,2026-03-19T21:00:00,2026-05-29T21:00:00
66616064-323d-4437-9580-57c9fc1e0e2c,02672e05-454f-4248-b090-11d67f9e316a,c35e45fa-57e7-4ea2-8dd4-56fe51ce0912,sobrecarga_cuidador,"[""una sola indicación"", ""anticipación"", ""pausa breve"", ""menos palabras""]","[""gritar"", ""pantallas tarde"", ""apurar demasiado"", ""muchas instrucciones""]",0.36,4,2026-05-31T21:00:00,2026-03-18T21:00:00,2026-05-31T21:00:00
3797b6fe-789f-4c1a-8cfc-c70f4ac00ef3,02672e05-454f-4248-b090-11d67f9e316a,c35e45fa-57e7-4ea2-8dd4-56fe51ce0912,apoyo_general,"[""dar tiempo"", ""pausa breve"", ""menos ruido"", ""bajar luces""]","[""corregir en el pico"", ""pantallas tarde"", ""cambio brusco"", ""forzar explicación""]",0.36,4,2026-05-31T21:00:00,2026-05-10T21:00:00,2026-05-31T21:00:00
f05c9199-85a6-4a2e-a7d4-0444e2fc3ca2,02672e05-454f-4248-b090-11d67f9e316a,c35e45fa-57e7-4ea2-8dd4-56fe51ce0912,sobrecarga_sensorial,"[""menos palabras"", ""menos ruido"", ""bajar luces"", ""anticipación""]","[""pantallas tarde"", ""forzar explicación"", ""corregir en el pico"", ""preguntar demasiado""]",0.32,3,2026-05-30T16:17:00,2026-03-27T16:17:00,2026-05-30T16:17:00
f2383463-2149-4d67-a150-5a4263a53edc,02672e05-454f-4248-b090-11d67f9e316a,c35e45fa-57e7-4ea2-8dd4-56fe51ce0912,sueno_regulacion,"[""menos ruido"", ""bajar luces"", ""validación"", ""dar tiempo""]","[""muchas instrucciones"", ""presión escolar"", ""preguntar demasiado"", ""demasiado ruido""]",0.4,5,2026-05-30T21:00:00,2026-03-15T21:00:00,2026-05-30T21:00:00
f4d436ea-b73b-4ad6-8e69-5b5e00c1e88f,02672e05-454f-4248-b090-11d67f9e316a,c35e45fa-57e7-4ea2-8dd4-56fe51ce0912,crisis_activa,"[""bajar luces"", ""anticipación"", ""dar tiempo"", ""menos palabras""]","[""preguntar demasiado"", ""gritar"", ""forzar explicación"", ""muchas instrucciones""]",0.32,3,2026-05-29T21:00:00,2026-04-22T21:00:00,2026-05-29T21:00:00
9e319472-8941-4c54-9092-24da3baf589d,02672e05-454f-4248-b090-11d67f9e316a,c35e45fa-57e7-4ea2-8dd4-56fe51ce0912,disfuncion_ejecutiva,"[""menos ruido"", ""dar tiempo"", ""bajar luces"", ""pausa breve""]","[""gritar"", ""preguntar demasiado"", ""pantallas tarde"", ""cambio brusco""]",0.32,3,2026-05-30T21:00:00,2026-04-09T21:00:00,2026-05-30T21:00:00
dd3fddaa-b07e-4866-addb-8e97a941cd36,02672e05-454f-4248-b090-11d67f9e316a,c35e45fa-57e7-4ea2-8dd4-56fe51ce0912,transicion_rigidez,"[""microacciones"", ""menos palabras""]","[""cambio brusco"", ""muchas instrucciones""]",0.24,1,2026-05-29T21:00:00,2026-04-10T21:00:00,2026-05-29T21:00:00
4db8f3b6-8f5c-4a8c-a56d-8aad0093d374,3954244d-ce88-4caf-804a-a87d93fb13e9,55ee8746-e6f2-49da-9b23-416f92c143f8,apoyo_general,"[""pausa breve"", ""mismo cierre"", ""validación"", ""bajar luces""]","[""demasiado ruido"", ""presión escolar"", ""corregir en el pico"", ""preguntar demasiado""]",0.36,4,2026-05-29T21:00:00,2026-04-07T21:00:00,2026-05-29T21:00:00
0ca05c18-e704-434c-b365-94e6b0470e13,3954244d-ce88-4caf-804a-a87d93fb13e9,55ee8746-e6f2-49da-9b23-416f92c143f8,sueno_regulacion,"[""menos palabras"", ""mismo cierre"", ""validación"", ""bajar luces""]","[""muchas instrucciones"", ""preguntar demasiado"", ""cambio brusco"", ""apurar demasiado""]",0.32,3,2026-05-16T14:58:00,2026-02-26T14:58:00,2026-05-16T14:58:00
8944eade-ab9c-4e28-95d2-788873350268,3954244d-ce88-4caf-804a-a87d93fb13e9,55ee8746-e6f2-49da-9b23-416f92c143f8,transicion_rigidez,"[""anticipación"", ""mismo cierre"", ""dar tiempo"", ""menos ruido""]","[""apurar demasiado"", ""preguntar demasiado"", ""demasiado ruido"", ""forzar explicación""]",0.44,6,2026-05-31T21:00:00,2026-03-21T21:00:00,2026-05-31T21:00:00
7f436b43-aba1-4982-af1e-f17d57fb2337,3954244d-ce88-4caf-804a-a87d93fb13e9,55ee8746-e6f2-49da-9b23-416f92c143f8,sobrecarga_sensorial,"[""pausa breve"", ""dar tiempo"", ""microacciones""]","[""preguntar demasiado"", ""gritar"", ""cambio brusco"", ""pantallas tarde""]",0.32,3,2026-05-31T21:00:00,2026-03-13T21:00:00,2026-05-31T21:00:00
ce0b73d0-ac8f-4469-908d-370318b2a7b1,3954244d-ce88-4caf-804a-a87d93fb13e9,55ee8746-e6f2-49da-9b23-416f92c143f8,disfuncion_ejecutiva,"[""una sola indicación"", ""microacciones"", ""pausa breve""]","[""demasiado ruido""]",0.24,1,2026-05-22T19:58:00,2026-04-23T19:58:00,2026-05-22T19:58:00
9bc828be-a693-42df-bab4-9e8564630cd8,3954244d-ce88-4caf-804a-a87d93fb13e9,55ee8746-e6f2-49da-9b23-416f92c143f8,crisis_activa,"[""dar tiempo"", ""microacciones"", ""mismo cierre"", ""una sola indicación""]","[""muchas instrucciones"", ""cambio brusco"", ""pantallas tarde"", ""demasiado ruido""]",0.4,5,2026-05-31T21:00:00,2026-04-12T21:00:00,2026-05-31T21:00:00
fc9e9dce-1f1d-4aab-b408-d453bf387b7d,3954244d-ce88-4caf-804a-a87d93fb13e9,55ee8746-e6f2-49da-9b23-416f92c143f8,sobrecarga_cuidador,"[""menos ruido"", ""microacciones""]","[""gritar"", ""pantallas tarde""]",0.24,1,2026-05-29T21:00:00,2026-04-27T21:00:00,2026-05-29T21:00:00
f3ba69b5-e5e3-434a-a2aa-94ff526e10a6,5c6f1713-177c-49eb-86fd-6c1ac9347741,6fb309e3-bbef-44f3-9fa7-614f386ee1c2,sueno_regulacion,"[""dar tiempo"", ""mismo cierre"", ""microacciones"", ""anticipación""]","[""gritar"", ""presión escolar"", ""apurar demasiado"", ""forzar explicación""]",0.36,4,2026-05-29T21:00:00,2026-04-13T21:00:00,2026-05-29T21:00:00
e19e00ca-6f07-4e7f-b492-ee181a9d88d7,5c6f1713-177c-49eb-86fd-6c1ac9347741,6fb309e3-bbef-44f3-9fa7-614f386ee1c2,crisis_activa,"[""mismo cierre"", ""microacciones"", ""validación"", ""pausa breve""]","[""corregir en el pico"", ""muchas instrucciones"", ""gritar"", ""apurar demasiado""]",0.4,5,2026-05-29T21:00:00,2026-04-25T21:00:00,2026-05-29T21:00:00
cd9a5d4e-44d2-44c4-8330-a128149cfc72,5c6f1713-177c-49eb-86fd-6c1ac9347741,6fb309e3-bbef-44f3-9fa7-614f386ee1c2,transicion_rigidez,"[""menos ruido"", ""validación""]","[""demasiado ruido"", ""presión escolar""]",0.24,1,2026-05-04T21:22:00,2026-04-14T21:22:00,2026-05-04T21:22:00
3103f713-1547-466f-8036-bd7cfda3cc08,5c6f1713-177c-49eb-86fd-6c1ac9347741,6fb309e3-bbef-44f3-9fa7-614f386ee1c2,sobrecarga_cuidador,"[""menos ruido"", ""validación"", ""dar tiempo"", ""pausa breve""]","[""presión escolar"", ""forzar explicación"", ""pantallas tarde"", ""gritar""]",0.36,4,2026-05-31T08:00:00,2026-03-14T08:00:00,2026-05-31T08:00:00
db235295-b46e-47ff-a951-6deb7d6a0edb,5c6f1713-177c-49eb-86fd-6c1ac9347741,6fb309e3-bbef-44f3-9fa7-614f386ee1c2,apoyo_general,"[""anticipación"", ""menos ruido"", ""dar tiempo"", ""mismo cierre""]","[""presión escolar"", ""preguntar demasiado"", ""gritar"", ""muchas instrucciones""]",0.4,5,2026-05-29T21:00:00,2026-03-26T21:00:00,2026-05-29T21:00:00
f6d903b8-64dc-4e7b-8fe1-7fd4f9a73ff9,5c6f1713-177c-49eb-86fd-6c1ac9347741,6fb309e3-bbef-44f3-9fa7-614f386ee1c2,sobrecarga_sensorial,"[""validación"", ""menos palabras"", ""mismo cierre"", ""dar tiempo""]","[""forzar explicación"", ""presión escolar"", ""gritar"", ""pantallas tarde""]",0.32,3,2026-05-31T01:00:00,2026-03-22T01:00:00,2026-05-31T01:00:00
b8f3e8da-29ab-4248-b21c-e60fbfe3d5a7,5c6f1713-177c-49eb-86fd-6c1ac9347741,6fb309e3-bbef-44f3-9fa7-614f386ee1c2,disfuncion_ejecutiva,"[""una sola indicación"", ""microacciones"", ""mismo cierre""]","[""cambio brusco""]",0.24,1,2026-05-26T21:00:00,2026-04-02T21:00:00,2026-05-26T21:00:00
6d6400bc-b508-480a-802f-a52ed1cec8ce,b4b23c0f-c117-4cde-a64d-d898142db528,fe1dc6ec-1ea7-42ca-9665-4ebd65e10f52,apoyo_general,"[""anticipación"", ""una sola indicación"", ""pausa breve"", ""dar tiempo""]","[""demasiado ruido"", ""preguntar demasiado"", ""muchas instrucciones"", ""corregir en el pico""]",0.4,5,2026-05-30T12:55:00,2026-04-25T12:55:00,2026-05-30T12:55:00
4b7abbb9-0e87-4480-be6a-45ec283525c6,b4b23c0f-c117-4cde-a64d-d898142db528,fe1dc6ec-1ea7-42ca-9665-4ebd65e10f52,sobrecarga_sensorial,"[""pausa breve"", ""mismo cierre"", ""anticipación"", ""validación""]","[""corregir en el pico"", ""forzar explicación"", ""muchas instrucciones"", ""cambio brusco""]",0.36,4,2026-05-30T21:00:00,2026-04-14T21:00:00,2026-05-30T21:00:00
3f6bed3b-727f-4eab-b25e-033f804d40df,b4b23c0f-c117-4cde-a64d-d898142db528,fe1dc6ec-1ea7-42ca-9665-4ebd65e10f52,crisis_activa,"[""mismo cierre"", ""una sola indicación"", ""anticipación"", ""dar tiempo""]","[""forzar explicación"", ""preguntar demasiado"", ""apurar demasiado"", ""demasiado ruido""]",0.44,6,2026-05-31T13:55:00,2026-05-10T13:55:00,2026-05-31T13:55:00
880b036d-d70b-49c4-b22b-d5d2634f4ef2,b4b23c0f-c117-4cde-a64d-d898142db528,fe1dc6ec-1ea7-42ca-9665-4ebd65e10f52,sobrecarga_cuidador,"[""dar tiempo"", ""menos ruido"", ""microacciones""]","[""corregir en el pico"", ""preguntar demasiado"", ""pantallas tarde"", ""demasiado ruido""]",0.28,2,2026-05-30T21:00:00,2026-04-27T21:00:00,2026-05-30T21:00:00
8f541661-a29d-4f6a-851d-eaa257f6101e,b4b23c0f-c117-4cde-a64d-d898142db528,fe1dc6ec-1ea7-42ca-9665-4ebd65e10f52,sueno_regulacion,"[""menos ruido"", ""anticipación"", ""una sola indicación"", ""pausa breve""]","[""cambio brusco"", ""forzar explicación"", ""pantallas tarde"", ""corregir en el pico""]",0.28,2,2026-05-30T21:00:00,2026-03-13T21:00:00,2026-05-30T21:00:00
50374fd3-84d5-436c-9154-16fed1ef4efa,b4b23c0f-c117-4cde-a64d-d898142db528,fe1dc6ec-1ea7-42ca-9665-4ebd65e10f52,transicion_rigidez,"[""dar tiempo"", ""menos ruido"", ""pausa breve"", ""microacciones""]","[""pantallas tarde"", ""forzar explicación"", ""apurar demasiado"", ""gritar""]",0.32,3,2026-05-31T21:00:00,2026-05-05T21:00:00,2026-05-31T21:00:00
03afd24e-235f-4f01-b5f8-b883bbaca952,b4b23c0f-c117-4cde-a64d-d898142db528,fe1dc6ec-1ea7-42ca-9665-4ebd65e10f52,disfuncion_ejecutiva,[],"[""corregir en el pico"", ""presión escolar"", ""preguntar demasiado""]",0.24,1,2026-05-27T21:00:00,2026-04-01T21:00:00,2026-05-27T21:00:00
af199c50-1959-4994-bf04-7bfd5742b765,171fd715-50a4-4e1d-97cf-c379deae8de9,7074de31-1bdf-43a3-a405-7dc486d37077,crisis_activa,"[""anticipación"", ""mismo cierre"", ""pausa breve"", ""menos ruido""]","[""gritar"", ""presión escolar"", ""pantallas tarde"", ""demasiado ruido""]",0.48,7,2026-05-31T21:00:00,2026-05-01T21:00:00,2026-05-31T21:00:00
c513904e-d653-4d32-a6f0-a3fd12ec1f68,171fd715-50a4-4e1d-97cf-c379deae8de9,7074de31-1bdf-43a3-a405-7dc486d37077,apoyo_general,"[""pausa breve"", ""una sola indicación"", ""menos ruido"", ""anticipación""]","[""corregir en el pico"", ""presión escolar"", ""gritar"", ""apurar demasiado""]",0.4,5,2026-05-31T21:00:00,2026-04-15T21:00:00,2026-05-31T21:00:00
ae635ba0-e80b-43ae-9ade-d7c09388bc86,171fd715-50a4-4e1d-97cf-c379deae8de9,7074de31-1bdf-43a3-a405-7dc486d37077,sobrecarga_sensorial,"[""mismo cierre"", ""microacciones"", ""menos palabras""]","[""apurar demasiado"", ""preguntar demasiado"", ""cambio brusco"", ""corregir en el pico""]",0.32,3,2026-05-31T21:00:00,2026-03-26T21:00:00,2026-05-31T21:00:00
f2c8e68c-76be-4b73-af34-60f2f66a13ff,171fd715-50a4-4e1d-97cf-c379deae8de9,7074de31-1bdf-43a3-a405-7dc486d37077,sueno_regulacion,"[""mismo cierre"", ""menos palabras"", ""pausa breve"", ""una sola indicación""]","[""presión escolar"", ""forzar explicación"", ""demasiado ruido"", ""corregir en el pico""]",0.28,2,2026-05-31T21:00:00,2026-04-01T21:00:00,2026-05-31T21:00:00
d42676b4-0b03-486f-8332-edd2d23480c3,171fd715-50a4-4e1d-97cf-c379deae8de9,7074de31-1bdf-43a3-a405-7dc486d37077,transicion_rigidez,"[""validación"", ""menos ruido"", ""bajar luces"", ""menos palabras""]","[""pantallas tarde"", ""preguntar demasiado"", ""presión escolar"", ""apurar demasiado""]",0.28,2,2026-05-29T21:00:00,2026-03-30T21:00:00,2026-05-29T21:00:00
bc7867a7-3326-4ccf-8af1-1ef8d3d07f1e,171fd715-50a4-4e1d-97cf-c379deae8de9,7074de31-1bdf-43a3-a405-7dc486d37077,sobrecarga_cuidador,"[""microacciones"", ""una sola indicación"", ""mismo cierre"", ""pausa breve""]","[""apurar demasiado"", ""corregir en el pico"", ""pantallas tarde"", ""presión escolar""]",0.32,3,2026-05-29T21:00:00,2026-04-19T21:00:00,2026-05-29T21:00:00
6a2626bb-b02f-4817-93f4-6943d3d14396,171fd715-50a4-4e1d-97cf-c379deae8de9,7074de31-1bdf-43a3-a405-7dc486d37077,disfuncion_ejecutiva,"[""pausa breve"", ""menos ruido"", ""bajar luces""]","[""demasiado ruido""]",0.24,1,2026-05-31T21:00:00,2026-04-18T21:00:00,2026-05-31T21:00:00
82e69d70-b67a-4e8b-b340-105b5e335fc8,4d08d1e4-a307-4f86-9199-308886924505,d0ab50d0-03b3-4fd9-ac7b-dbf3ce482d4c,transicion_rigidez,"[""validación"", ""anticipación"", ""menos ruido"", ""bajar luces""]","[""demasiado ruido"", ""apurar demasiado"", ""muchas instrucciones"", ""corregir en el pico""]",0.36,4,2026-05-31T03:00:00,2026-04-10T03:00:00,2026-05-31T03:00:00
01a7dbd7-f34c-4aef-ab0f-3a9a3b514c12,4d08d1e4-a307-4f86-9199-308886924505,d0ab50d0-03b3-4fd9-ac7b-dbf3ce482d4c,disfuncion_ejecutiva,"[""menos ruido"", ""pausa breve"", ""microacciones"", ""dar tiempo""]","[""presión escolar"", ""pantallas tarde"", ""preguntar demasiado""]",0.32,3,2026-05-30T03:00:00,2026-04-03T03:00:00,2026-05-30T03:00:00
7210a49b-6712-4dc1-b1bb-017afda0ed6e,4d08d1e4-a307-4f86-9199-308886924505,d0ab50d0-03b3-4fd9-ac7b-dbf3ce482d4c,crisis_activa,"[""menos palabras"", ""validación"", ""una sola indicación"", ""microacciones""]","[""preguntar demasiado"", ""apurar demasiado"", ""corregir en el pico"", ""pantallas tarde""]",0.4,5,2026-05-30T01:00:00,2026-03-29T01:00:00,2026-05-30T01:00:00
3e01ff19-93fc-4c79-975e-86e2067ced02,4d08d1e4-a307-4f86-9199-308886924505,d0ab50d0-03b3-4fd9-ac7b-dbf3ce482d4c,sobrecarga_cuidador,"[""validación"", ""una sola indicación""]","[""demasiado ruido"", ""cambio brusco"", ""pantallas tarde""]",0.28,2,2026-05-31T11:47:00,2026-04-02T11:47:00,2026-05-31T11:47:00
820c1944-3e49-486b-913f-8297f2aa35c3,4d08d1e4-a307-4f86-9199-308886924505,d0ab50d0-03b3-4fd9-ac7b-dbf3ce482d4c,apoyo_general,"[""mismo cierre"", ""pausa breve"", ""validación"", ""dar tiempo""]","[""apurar demasiado"", ""demasiado ruido"", ""cambio brusco"", ""forzar explicación""]",0.36,4,2026-05-29T21:00:00,2026-04-30T21:00:00,2026-05-29T21:00:00
3a044708-a891-493a-b391-684f45401346,4d08d1e4-a307-4f86-9199-308886924505,d0ab50d0-03b3-4fd9-ac7b-dbf3ce482d4c,sueno_regulacion,"[""menos palabras"", ""mismo cierre"", ""validación""]","[""forzar explicación"", ""presión escolar"", ""preguntar demasiado"", ""gritar""]",0.32,3,2026-05-31T05:00:00,2026-04-06T05:00:00,2026-05-31T05:00:00
a4bcb65f-9b44-4a46-8192-ee490374d45b,4d08d1e4-a307-4f86-9199-308886924505,d0ab50d0-03b3-4fd9-ac7b-dbf3ce482d4c,sobrecarga_sensorial,"[""microacciones"", ""dar tiempo"", ""pausa breve""]","[""cambio brusco"", ""apurar demasiado"", ""presión escolar"", ""preguntar demasiado""]",0.28,2,2026-05-31T03:00:00,2026-04-15T03:00:00,2026-05-31T03:00:00
d3b08fba-398a-4942-9631-aafe8cfa9c9b,ec8fb1a8-fbee-4f56-b1bb-cb306f91e27d,0d2b705f-4edc-4621-8147-2441d8972f4f,transicion_rigidez,"[""validación"", ""microacciones"", ""menos palabras""]","[""forzar explicación"", ""pantallas tarde"", ""presión escolar""]",0.24,1,2026-03-21T14:19:00,2026-02-23T14:19:00,2026-03-21T14:19:00
4ce27585-dcf6-45ea-afe6-866c94b32684,ec8fb1a8-fbee-4f56-b1bb-cb306f91e27d,0d2b705f-4edc-4621-8147-2441d8972f4f,apoyo_general,"[""dar tiempo"", ""una sola indicación"", ""microacciones"", ""menos palabras""]","[""presión escolar"", ""pantallas tarde"", ""gritar"", ""cambio brusco""]",0.44,6,2026-05-30T21:00:00,2026-04-26T21:00:00,2026-05-30T21:00:00
d4ad7d8d-20dc-42f2-abae-1cd019f00bf3,ec8fb1a8-fbee-4f56-b1bb-cb306f91e27d,0d2b705f-4edc-4621-8147-2441d8972f4f,sobrecarga_cuidador,"[""validación"", ""anticipación"", ""microacciones"", ""dar tiempo""]","[""apurar demasiado"", ""cambio brusco"", ""pantallas tarde"", ""preguntar demasiado""]",0.28,2,2026-05-27T21:00:00,2026-04-15T21:00:00,2026-05-27T21:00:00
e9547b4b-e29b-46ba-ba14-2d3e1ec6c5b6,ec8fb1a8-fbee-4f56-b1bb-cb306f91e27d,0d2b705f-4edc-4621-8147-2441d8972f4f,crisis_activa,"[""bajar luces"", ""menos palabras"", ""menos ruido"", ""pausa breve""]","[""cambio brusco"", ""pantallas tarde"", ""presión escolar"", ""corregir en el pico""]",0.52,8,2026-05-31T00:00:00,2026-03-30T00:00:00,2026-05-31T00:00:00
dfc8f5aa-b5eb-4bb6-b54d-6aebef73d096,ec8fb1a8-fbee-4f56-b1bb-cb306f91e27d,0d2b705f-4edc-4621-8147-2441d8972f4f,sobrecarga_sensorial,"[""mismo cierre"", ""microacciones"", ""dar tiempo""]","[""demasiado ruido"", ""presión escolar""]",0.24,1,2026-05-25T01:07:00,2026-04-27T01:07:00,2026-05-25T01:07:00
df007b71-1a6f-4fa6-aa4c-0f59fd9dd9b0,ec8fb1a8-fbee-4f56-b1bb-cb306f91e27d,0d2b705f-4edc-4621-8147-2441d8972f4f,sueno_regulacion,"[""validación"", ""pausa breve"", ""microacciones"", ""bajar luces""]","[""preguntar demasiado"", ""forzar explicación"", ""cambio brusco"", ""gritar""]",0.28,2,2026-05-30T21:00:00,2026-04-10T21:00:00,2026-05-30T21:00:00
c6e0c8d0-b949-47b7-90bb-330326b21ca1,ec8fb1a8-fbee-4f56-b1bb-cb306f91e27d,0d2b705f-4edc-4621-8147-2441d8972f4f,disfuncion_ejecutiva,"[""mismo cierre"", ""menos palabras"", ""anticipación"", ""microacciones""]","[""preguntar demasiado"", ""gritar""]",0.32,3,2026-05-31T21:00:00,2026-04-08T21:00:00,2026-05-31T21:00:00
e7c9e714-4e0e-4e5f-8fe8-79e4c20b2077,25e817db-bebc-4684-95b0-700d4faad8d2,7123f3ef-165d-4915-9764-166a9fdfe202,sobrecarga_cuidador,"[""microacciones"", ""mismo cierre"", ""anticipación"", ""dar tiempo""]","[""corregir en el pico"", ""forzar explicación"", ""presión escolar"", ""cambio brusco""]",0.4,5,2026-05-30T02:00:00,2026-04-23T02:00:00,2026-05-30T02:00:00
cb97b555-d126-4809-8f89-2fa339fe8a59,25e817db-bebc-4684-95b0-700d4faad8d2,7123f3ef-165d-4915-9764-166a9fdfe202,disfuncion_ejecutiva,"[""validación"", ""una sola indicación""]","[""corregir en el pico"", ""demasiado ruido""]",0.28,2,2026-05-10T10:28:00,2026-04-16T10:28:00,2026-05-10T10:28:00
2472b82a-d963-43a6-8d3d-c44ded6cc172,25e817db-bebc-4684-95b0-700d4faad8d2,7123f3ef-165d-4915-9764-166a9fdfe202,crisis_activa,"[""validación"", ""microacciones"", ""menos ruido"", ""dar tiempo""]","[""muchas instrucciones"", ""apurar demasiado"", ""gritar"", ""presión escolar""]",0.4,5,2026-05-31T21:00:00,2026-04-09T21:00:00,2026-05-31T21:00:00
52b30bfc-eb16-4fae-bbf6-c7086a15b82a,25e817db-bebc-4684-95b0-700d4faad8d2,7123f3ef-165d-4915-9764-166a9fdfe202,apoyo_general,"[""menos ruido"", ""una sola indicación"", ""anticipación"", ""dar tiempo""]","[""presión escolar"", ""pantallas tarde"", ""muchas instrucciones"", ""gritar""]",0.44,6,2026-05-26T21:00:00,2026-03-19T21:00:00,2026-05-26T21:00:00
8f37cc6c-cd8a-429e-84f1-9f9a3649be05,25e817db-bebc-4684-95b0-700d4faad8d2,7123f3ef-165d-4915-9764-166a9fdfe202,sueno_regulacion,"[""validación"", ""anticipación""]","[""muchas instrucciones"", ""pantallas tarde"", ""demasiado ruido"", ""corregir en el pico""]",0.32,3,2026-05-26T21:00:00,2026-03-28T21:00:00,2026-05-26T21:00:00
1312b835-1c85-4afa-8e99-bb9543e71c8b,25e817db-bebc-4684-95b0-700d4faad8d2,7123f3ef-165d-4915-9764-166a9fdfe202,sobrecarga_sensorial,[],"[""forzar explicación"", ""muchas instrucciones"", ""demasiado ruido""]",0.24,1,2026-05-30T22:24:00,2026-05-02T22:24:00,2026-05-30T22:24:00
fc07e040-72cf-4019-b5b6-81b778fe9f1a,25e817db-bebc-4684-95b0-700d4faad8d2,7123f3ef-165d-4915-9764-166a9fdfe202,transicion_rigidez,"[""mismo cierre"", ""bajar luces"", ""microacciones""]","[""presión escolar"", ""apurar demasiado""]",0.24,1,2026-05-30T21:00:00,2026-05-02T21:00:00,2026-05-30T21:00:00
1dd898aa-5063-4ec8-ac1f-5ea54148eaaf,c9e60fd0-c27c-47fc-b36b-0965e405db54,b625cc16-8033-4c71-ac28-37ab9d11e08d,crisis_activa,"[""menos ruido"", ""menos palabras"", ""microacciones"", ""pausa breve""]","[""gritar"", ""muchas instrucciones"", ""apurar demasiado"", ""cambio brusco""]",0.36,4,2026-05-29T21:00:00,2026-04-21T21:00:00,2026-05-29T21:00:00
eda24a9c-d286-4ca4-8083-6d0efc08a949,c9e60fd0-c27c-47fc-b36b-0965e405db54,b625cc16-8033-4c71-ac28-37ab9d11e08d,sobrecarga_cuidador,"[""validación"", ""anticipación"", ""una sola indicación"", ""bajar luces""]","[""presión escolar"", ""muchas instrucciones"", ""gritar"", ""apurar demasiado""]",0.4,5,2026-05-31T21:00:00,2026-03-24T21:00:00,2026-05-31T21:00:00
c8c974e8-5d98-4f68-bd40-392cd2818be9,c9e60fd0-c27c-47fc-b36b-0965e405db54,b625cc16-8033-4c71-ac28-37ab9d11e08d,transicion_rigidez,"[""dar tiempo"", ""mismo cierre"", ""menos palabras""]","[""demasiado ruido"", ""muchas instrucciones""]",0.24,1,2026-04-30T20:14:00,2026-03-28T20:14:00,2026-04-30T20:14:00
c7117ebd-bddd-45fe-826c-fad9f815202e,c9e60fd0-c27c-47fc-b36b-0965e405db54,b625cc16-8033-4c71-ac28-37ab9d11e08d,sobrecarga_sensorial,"[""microacciones"", ""dar tiempo"", ""una sola indicación"", ""anticipación""]","[""corregir en el pico"", ""forzar explicación"", ""demasiado ruido"", ""cambio brusco""]",0.36,4,2026-05-28T21:00:00,2026-05-05T21:00:00,2026-05-28T21:00:00
9be77a8d-7fd3-407c-8e11-ecccd56fd1e3,c9e60fd0-c27c-47fc-b36b-0965e405db54,b625cc16-8033-4c71-ac28-37ab9d11e08d,disfuncion_ejecutiva,"[""mismo cierre"", ""menos palabras"", ""anticipación"", ""microacciones""]","[""forzar explicación"", ""presión escolar"", ""apurar demasiado"", ""muchas instrucciones""]",0.4,5,2026-05-31T21:00:00,2026-03-14T21:00:00,2026-05-31T21:00:00
3ee87cd3-40e1-4d70-866a-8e04d7d2f6bd,c9e60fd0-c27c-47fc-b36b-0965e405db54,b625cc16-8033-4c71-ac28-37ab9d11e08d,apoyo_general,"[""menos ruido"", ""menos palabras"", ""anticipación""]","[""pantallas tarde"", ""demasiado ruido"", ""presión escolar""]",0.28,2,2026-05-30T21:00:00,2026-04-20T21:00:00,2026-05-30T21:00:00
95d051c6-3696-47a8-baf5-2bddec41b127,c9e60fd0-c27c-47fc-b36b-0965e405db54,b625cc16-8033-4c71-ac28-37ab9d11e08d,sueno_regulacion,"[""mismo cierre"", ""microacciones""]","[""forzar explicación"", ""corregir en el pico"", ""muchas instrucciones""]",0.28,2,2026-05-29T21:00:00,2026-05-04T21:00:00,2026-05-29T21:00:00
441fe5a3-8894-407f-8eca-ad39847359f4,ac9cbf88-9d5e-4a15-8237-b0a5d43c14bd,443c0a48-d934-4b05-b7bb-560f08a878b8,sobrecarga_cuidador,"[""menos palabras"", ""dar tiempo"", ""bajar luces"", ""una sola indicación""]","[""corregir en el pico"", ""pantallas tarde"", ""cambio brusco"", ""gritar""]",0.4,5,2026-05-31T01:00:00,2026-03-30T01:00:00,2026-05-31T01:00:00
162bb864-3712-4458-8bb1-67328462b092,ac9cbf88-9d5e-4a15-8237-b0a5d43c14bd,443c0a48-d934-4b05-b7bb-560f08a878b8,transicion_rigidez,"[""menos ruido"", ""anticipación"", ""una sola indicación"", ""validación""]","[""demasiado ruido"", ""pantallas tarde"", ""presión escolar"", ""apurar demasiado""]",0.32,3,2026-05-26T21:00:00,2026-03-21T21:00:00,2026-05-26T21:00:00
cafc54d6-12bc-4b23-8816-4b6a9292f587,ac9cbf88-9d5e-4a15-8237-b0a5d43c14bd,443c0a48-d934-4b05-b7bb-560f08a878b8,apoyo_general,"[""anticipación"", ""pausa breve"", ""menos palabras"", ""dar tiempo""]","[""apurar demasiado"", ""corregir en el pico"", ""forzar explicación"", ""gritar""]",0.48,7,2026-05-31T07:00:00,2026-05-06T07:00:00,2026-05-31T07:00:00
312988bd-efaf-484d-bb9e-e3b912d9f331,ac9cbf88-9d5e-4a15-8237-b0a5d43c14bd,443c0a48-d934-4b05-b7bb-560f08a878b8,disfuncion_ejecutiva,"[""menos ruido"", ""validación"", ""una sola indicación"", ""microacciones""]","[""cambio brusco"", ""corregir en el pico"", ""apurar demasiado""]",0.28,2,2026-05-31T09:00:00,2026-04-01T09:00:00,2026-05-31T09:00:00
b798aebe-3e7a-40a1-9400-9bade1afe7b2,ac9cbf88-9d5e-4a15-8237-b0a5d43c14bd,443c0a48-d934-4b05-b7bb-560f08a878b8,sueno_regulacion,"[""pausa breve"", ""menos palabras"", ""bajar luces""]","[""cambio brusco"", ""presión escolar"", ""demasiado ruido"", ""preguntar demasiado""]",0.32,3,2026-05-30T23:00:00,2026-04-04T23:00:00,2026-05-30T23:00:00
36d79d96-952a-4663-87ed-cf184ff89547,ac9cbf88-9d5e-4a15-8237-b0a5d43c14bd,443c0a48-d934-4b05-b7bb-560f08a878b8,sobrecarga_sensorial,"[""una sola indicación"", ""dar tiempo"", ""mismo cierre"", ""menos palabras""]","[""muchas instrucciones"", ""forzar explicación""]",0.28,2,2026-05-31T21:00:00,2026-05-08T21:00:00,2026-05-31T21:00:00
f26e5570-1e2d-4d88-ab77-b61b6b818901,ac9cbf88-9d5e-4a15-8237-b0a5d43c14bd,443c0a48-d934-4b05-b7bb-560f08a878b8,crisis_activa,"[""pausa breve"", ""menos ruido"", ""menos palabras""]","[""corregir en el pico"", ""apurar demasiado"", ""gritar""]",0.24,1,2026-05-26T21:00:00,2026-04-16T21:00:00,2026-05-26T21:00:00
640c405f-e0d0-4726-a7de-44e64bde7c10,a29c48d0-82db-4785-9974-69fff77d632b,43efe0b7-dccf-4c97-9885-77056481b905,disfuncion_ejecutiva,"[""pausa breve"", ""mismo cierre"", ""menos ruido"", ""una sola indicación""]","[""apurar demasiado"", ""muchas instrucciones"", ""cambio brusco"", ""forzar explicación""]",0.28,2,2026-05-29T21:00:00,2026-04-12T21:00:00,2026-05-29T21:00:00
3fcda2de-44df-42e5-8a87-7e47700806c0,a29c48d0-82db-4785-9974-69fff77d632b,43efe0b7-dccf-4c97-9885-77056481b905,apoyo_general,"[""bajar luces"", ""una sola indicación"", ""validación"", ""menos ruido""]","[""presión escolar"", ""cambio brusco"", ""apurar demasiado"", ""gritar""]",0.36,4,2026-05-30T00:00:00,2026-04-15T00:00:00,2026-05-30T00:00:00
67da6028-796e-4dbf-b0bc-3f1554263a5e,a29c48d0-82db-4785-9974-69fff77d632b,43efe0b7-dccf-4c97-9885-77056481b905,crisis_activa,"[""mismo cierre"", ""menos ruido"", ""una sola indicación"", ""microacciones""]","[""preguntar demasiado"", ""corregir en el pico"", ""forzar explicación"", ""demasiado ruido""]",0.4,5,2026-05-30T21:00:00,2026-04-13T21:00:00,2026-05-30T21:00:00
7614e4cd-834c-4ffe-82eb-99babe96eaf4,a29c48d0-82db-4785-9974-69fff77d632b,43efe0b7-dccf-4c97-9885-77056481b905,transicion_rigidez,"[""mismo cierre"", ""bajar luces"", ""una sola indicación""]","[""gritar"", ""presión escolar"", ""muchas instrucciones"", ""apurar demasiado""]",0.28,2,2026-05-31T21:00:00,2026-04-04T21:00:00,2026-05-31T21:00:00
045bc2f1-60f0-4a2e-912c-2ad972807c7b,a29c48d0-82db-4785-9974-69fff77d632b,43efe0b7-dccf-4c97-9885-77056481b905,sobrecarga_cuidador,"[""menos ruido"", ""mismo cierre"", ""una sola indicación"", ""dar tiempo""]","[""corregir en el pico"", ""forzar explicación"", ""demasiado ruido"", ""preguntar demasiado""]",0.44,6,2026-05-30T22:00:00,2026-03-19T22:00:00,2026-05-30T22:00:00
33ac429f-b29f-4589-8bd3-606534cd6466,a29c48d0-82db-4785-9974-69fff77d632b,43efe0b7-dccf-4c97-9885-77056481b905,sobrecarga_sensorial,"[""microacciones"", ""dar tiempo"", ""mismo cierre"", ""pausa breve""]","[""apurar demasiado"", ""presión escolar"", ""gritar"", ""corregir en el pico""]",0.32,3,2026-05-29T21:00:00,2026-04-27T21:00:00,2026-05-29T21:00:00
857d735b-84b5-4729-b8e5-522fa1d590eb,a29c48d0-82db-4785-9974-69fff77d632b,43efe0b7-dccf-4c97-9885-77056481b905,sueno_regulacion,"[""pausa breve"", ""una sola indicación"", ""menos palabras""]","[""muchas instrucciones"", ""cambio brusco"", ""preguntar demasiado""]",0.24,1,2026-05-29T21:00:00,2026-04-05T21:00:00,2026-05-29T21:00:00
8fd76d8b-f04a-4674-9245-2bd752668498,b46ce6d2-f4c3-4f0e-8b1f-14c753b07232,4631cff6-fc69-4776-afd5-a5b8b3ccc209,sobrecarga_sensorial,"[""validación"", ""menos palabras"", ""microacciones"", ""bajar luces""]","[""corregir en el pico"", ""gritar"", ""muchas instrucciones"", ""forzar explicación""]",0.4,5,2026-05-27T21:00:00,2026-04-22T21:00:00,2026-05-27T21:00:00
1602072b-b2ef-4f87-b52c-336a4ddee459,b46ce6d2-f4c3-4f0e-8b1f-14c753b07232,4631cff6-fc69-4776-afd5-a5b8b3ccc209,sueno_regulacion,"[""dar tiempo"", ""bajar luces"", ""una sola indicación"", ""anticipación""]","[""demasiado ruido"", ""presión escolar"", ""forzar explicación"", ""gritar""]",0.36,4,2026-05-30T21:00:00,2026-03-20T21:00:00,2026-05-30T21:00:00
ac23ea44-0e5d-4054-a89b-00c976061e17,b46ce6d2-f4c3-4f0e-8b1f-14c753b07232,4631cff6-fc69-4776-afd5-a5b8b3ccc209,disfuncion_ejecutiva,"[""dar tiempo"", ""anticipación"", ""menos ruido"", ""una sola indicación""]","[""cambio brusco"", ""presión escolar"", ""corregir en el pico"", ""muchas instrucciones""]",0.32,3,2026-05-27T14:52:00,2026-05-07T14:52:00,2026-05-27T14:52:00
19395b7d-3234-4a00-bc12-4209fdfd6a04,b46ce6d2-f4c3-4f0e-8b1f-14c753b07232,4631cff6-fc69-4776-afd5-a5b8b3ccc209,crisis_activa,"[""dar tiempo"", ""una sola indicación"", ""anticipación""]","[""gritar"", ""preguntar demasiado"", ""muchas instrucciones"", ""pantallas tarde""]",0.32,3,2026-05-31T21:00:00,2026-03-29T21:00:00,2026-05-31T21:00:00
6560260e-2b51-4265-b6aa-7de094f07f75,b46ce6d2-f4c3-4f0e-8b1f-14c753b07232,4631cff6-fc69-4776-afd5-a5b8b3ccc209,transicion_rigidez,"[""validación"", ""microacciones"", ""pausa breve"", ""bajar luces""]","[""forzar explicación"", ""demasiado ruido"", ""muchas instrucciones"", ""pantallas tarde""]",0.32,3,2026-05-30T21:00:00,2026-05-05T21:00:00,2026-05-30T21:00:00
730c6547-25a8-4e7d-818e-5a77b9ebda81,b46ce6d2-f4c3-4f0e-8b1f-14c753b07232,4631cff6-fc69-4776-afd5-a5b8b3ccc209,apoyo_general,"[""una sola indicación"", ""dar tiempo"", ""menos ruido"", ""mismo cierre""]","[""forzar explicación"", ""cambio brusco"", ""muchas instrucciones"", ""preguntar demasiado""]",0.4,5,2026-05-31T21:00:00,2026-03-29T21:00:00,2026-05-31T21:00:00
0273e0f6-74d8-435c-9314-37c3187da3ab,8add0e61-58cf-40ba-855c-44ee8317752a,6cc9feab-6fac-4fa7-985e-8712bdea9211,apoyo_general,"[""mismo cierre"", ""menos ruido"", ""dar tiempo"", ""bajar luces""]","[""apurar demasiado"", ""pantallas tarde"", ""forzar explicación"", ""cambio brusco""]",0.44,6,2026-05-30T19:12:00,2026-03-22T19:12:00,2026-05-30T19:12:00
41c84428-5f02-4e6d-891f-4a7dfdb166c5,8add0e61-58cf-40ba-855c-44ee8317752a,6cc9feab-6fac-4fa7-985e-8712bdea9211,sobrecarga_cuidador,"[""menos palabras"", ""mismo cierre"", ""anticipación"", ""validación""]","[""preguntar demasiado"", ""presión escolar"", ""gritar"", ""forzar explicación""]",0.4,5,2026-05-29T21:00:00,2026-04-28T21:00:00,2026-05-29T21:00:00
b933ff30-050e-467f-9b2a-eadc3140551a,8add0e61-58cf-40ba-855c-44ee8317752a,6cc9feab-6fac-4fa7-985e-8712bdea9211,crisis_activa,"[""menos palabras"", ""una sola indicación"", ""validación"", ""dar tiempo""]","[""cambio brusco"", ""preguntar demasiado"", ""gritar"", ""demasiado ruido""]",0.36,4,2026-05-29T00:00:00,2026-04-02T00:00:00,2026-05-29T00:00:00
ebd4c973-5573-4a0f-be20-9a5c21777964,8add0e61-58cf-40ba-855c-44ee8317752a,6cc9feab-6fac-4fa7-985e-8712bdea9211,sobrecarga_sensorial,"[""bajar luces"", ""mismo cierre"", ""microacciones"", ""menos ruido""]","[""demasiado ruido"", ""gritar"", ""forzar explicación"", ""apurar demasiado""]",0.4,5,2026-05-31T05:00:00,2026-05-09T05:00:00,2026-05-31T05:00:00
4a933c79-3449-4b51-84c2-e3faf08cc2a8,8add0e61-58cf-40ba-855c-44ee8317752a,6cc9feab-6fac-4fa7-985e-8712bdea9211,transicion_rigidez,"[""menos ruido"", ""validación"", ""microacciones"", ""bajar luces""]","[""cambio brusco"", ""corregir en el pico"", ""apurar demasiado"", ""gritar""]",0.28,2,2026-05-30T21:00:00,2026-04-16T21:00:00,2026-05-30T21:00:00
b6945057-2fe8-40f4-b669-f307689e0509,8add0e61-58cf-40ba-855c-44ee8317752a,6cc9feab-6fac-4fa7-985e-8712bdea9211,sueno_regulacion,"[""mismo cierre""]","[""gritar""]",0.24,1,2026-05-30T21:00:00,2026-03-22T21:00:00,2026-05-30T21:00:00
5986d6ff-0cd9-4dab-8d4d-1ca600f2ba5b,7e8fca47-dcbc-4631-b448-a02621f476ad,b36a0db2-305b-488f-8850-6a19061af89c,disfuncion_ejecutiva,"[""dar tiempo"", ""menos ruido"", ""pausa breve"", ""anticipación""]","[""pantallas tarde"", ""forzar explicación"", ""corregir en el pico"", ""presión escolar""]",0.4,5,2026-05-29T21:00:00,2026-04-19T21:00:00,2026-05-29T21:00:00
f5e67f02-b906-4232-bc6d-31597cd7415d,7e8fca47-dcbc-4631-b448-a02621f476ad,b36a0db2-305b-488f-8850-6a19061af89c,crisis_activa,"[""pausa breve"", ""bajar luces"", ""microacciones"", ""anticipación""]","[""forzar explicación"", ""apurar demasiado"", ""muchas instrucciones"", ""corregir en el pico""]",0.48,7,2026-05-30T21:00:00,2026-04-16T21:00:00,2026-05-30T21:00:00
a2f38111-229f-4864-bbe5-72103d6790a9,7e8fca47-dcbc-4631-b448-a02621f476ad,b36a0db2-305b-488f-8850-6a19061af89c,transicion_rigidez,"[""menos palabras"", ""dar tiempo""]","[""preguntar demasiado"", ""corregir en el pico""]",0.24,1,2026-04-10T19:39:00,2026-02-23T19:39:00,2026-04-10T19:39:00
b5274976-7bcb-4673-b8d5-0b4faba73741,7e8fca47-dcbc-4631-b448-a02621f476ad,b36a0db2-305b-488f-8850-6a19061af89c,sobrecarga_cuidador,"[""una sola indicación"", ""dar tiempo"", ""mismo cierre""]","[""apurar demasiado"", ""gritar"", ""muchas instrucciones"", ""pantallas tarde""]",0.32,3,2026-05-29T01:00:00,2026-05-02T01:00:00,2026-05-29T01:00:00
670ca2ef-3da5-4642-9888-7708f0b0b075,7e8fca47-dcbc-4631-b448-a02621f476ad,b36a0db2-305b-488f-8850-6a19061af89c,apoyo_general,"[""validación"", ""bajar luces"", ""menos palabras"", ""microacciones""]","[""corregir en el pico"", ""cambio brusco"", ""pantallas tarde"", ""muchas instrucciones""]",0.44,6,2026-05-30T21:00:00,2026-04-06T21:00:00,2026-05-30T21:00:00
5c5acafb-3843-4b37-bda5-3dc728837ccf,7e8fca47-dcbc-4631-b448-a02621f476ad,b36a0db2-305b-488f-8850-6a19061af89c,sobrecarga_sensorial,"[""menos palabras""]","[""cambio brusco"", ""gritar""]",0.24,1,2026-05-30T21:00:00,2026-05-02T21:00:00,2026-05-30T21:00:00
836ecda6-f997-4a44-8693-06afaddd97d3,42a50aad-ceca-445b-aee9-e0375a8fb49f,c94fe830-7560-4fbf-8269-b58a0071e4ed,sobrecarga_sensorial,"[""una sola indicación"", ""bajar luces"", ""menos ruido"", ""validación""]","[""demasiado ruido"", ""preguntar demasiado"", ""presión escolar"", ""cambio brusco""]",0.28,2,2026-05-29T21:00:00,2026-05-03T21:00:00,2026-05-29T21:00:00
cbb9dc79-fec0-4e0d-a7e0-82fbba2680d2,42a50aad-ceca-445b-aee9-e0375a8fb49f,c94fe830-7560-4fbf-8269-b58a0071e4ed,transicion_rigidez,"[""mismo cierre"", ""menos ruido"", ""bajar luces"", ""dar tiempo""]","[""apurar demasiado"", ""demasiado ruido"", ""corregir en el pico""]",0.28,2,2026-05-28T08:20:00,2026-05-07T08:20:00,2026-05-28T08:20:00
53605eac-3948-4cd8-9616-c4c500782f02,42a50aad-ceca-445b-aee9-e0375a8fb49f,c94fe830-7560-4fbf-8269-b58a0071e4ed,disfuncion_ejecutiva,"[""pausa breve"", ""anticipación"", ""menos ruido"", ""dar tiempo""]","[""muchas instrucciones"", ""preguntar demasiado"", ""cambio brusco"", ""forzar explicación""]",0.32,3,2026-05-28T21:00:00,2026-05-02T21:00:00,2026-05-28T21:00:00
3ce84fc9-1f6d-4564-b2d8-c87b669922b1,42a50aad-ceca-445b-aee9-e0375a8fb49f,c94fe830-7560-4fbf-8269-b58a0071e4ed,sueno_regulacion,"[""menos ruido"", ""dar tiempo""]","[""cambio brusco"", ""demasiado ruido""]",0.24,1,2026-05-29T20:45:00,2026-03-27T20:45:00,2026-05-29T20:45:00
610fbd0b-0eda-435f-a1ce-f2e3a830dc5d,42a50aad-ceca-445b-aee9-e0375a8fb49f,c94fe830-7560-4fbf-8269-b58a0071e4ed,apoyo_general,"[""dar tiempo"", ""microacciones"", ""bajar luces"", ""anticipación""]","[""preguntar demasiado"", ""forzar explicación"", ""muchas instrucciones"", ""presión escolar""]",0.48,7,2026-05-31T21:00:00,2026-04-13T21:00:00,2026-05-31T21:00:00
3d854513-a127-4e06-bc47-e9ef5da78e82,42a50aad-ceca-445b-aee9-e0375a8fb49f,c94fe830-7560-4fbf-8269-b58a0071e4ed,crisis_activa,"[""pausa breve"", ""menos palabras"", ""mismo cierre"", ""dar tiempo""]","[""corregir en el pico"", ""cambio brusco"", ""demasiado ruido"", ""forzar explicación""]",0.32,3,2026-05-29T21:00:00,2026-04-25T21:00:00,2026-05-29T21:00:00
4c063acb-c993-403d-a23b-ac86ae61c767,42a50aad-ceca-445b-aee9-e0375a8fb49f,c94fe830-7560-4fbf-8269-b58a0071e4ed,sobrecarga_cuidador,"[""pausa breve"", ""una sola indicación"", ""bajar luces"", ""dar tiempo""]","[""preguntar demasiado"", ""muchas instrucciones"", ""forzar explicación"", ""pantallas tarde""]",0.4,5,2026-05-31T01:00:00,2026-04-29T01:00:00,2026-05-31T01:00:00
60a71f31-a9ea-4be9-a25d-08922e940e2a,f509a459-0a44-4218-9ae8-2fdcd3fd98be,44e58e0f-8927-4b10-9390-6e1d3b9f1df2,apoyo_general,"[""mismo cierre"", ""anticipación"", ""pausa breve"", ""dar tiempo""]","[""corregir en el pico"", ""preguntar demasiado"", ""forzar explicación"", ""gritar""]",0.48,7,2026-05-31T21:00:00,2026-04-04T21:00:00,2026-05-31T21:00:00
8dfe8539-17bb-4ae9-afb1-540904d07fc9,f509a459-0a44-4218-9ae8-2fdcd3fd98be,44e58e0f-8927-4b10-9390-6e1d3b9f1df2,disfuncion_ejecutiva,"[""microacciones"", ""validación"", ""anticipación"", ""dar tiempo""]","[""corregir en el pico"", ""pantallas tarde"", ""demasiado ruido"", ""cambio brusco""]",0.28,2,2026-05-27T21:00:00,2026-04-12T21:00:00,2026-05-27T21:00:00
f28a17c1-9c8c-475e-b5cd-82bd5996bb57,f509a459-0a44-4218-9ae8-2fdcd3fd98be,44e58e0f-8927-4b10-9390-6e1d3b9f1df2,transicion_rigidez,"[""anticipación"", ""bajar luces"", ""mismo cierre"", ""una sola indicación""]","[""apurar demasiado"", ""corregir en el pico"", ""muchas instrucciones"", ""presión escolar""]",0.32,3,2026-05-28T21:00:00,2026-03-26T21:00:00,2026-05-28T21:00:00
089a15e7-b98b-4e44-bbee-4d8c3e0e2b78,f509a459-0a44-4218-9ae8-2fdcd3fd98be,44e58e0f-8927-4b10-9390-6e1d3b9f1df2,sobrecarga_sensorial,"[""microacciones"", ""menos palabras"", ""dar tiempo"", ""mismo cierre""]","[""pantallas tarde"", ""demasiado ruido"", ""presión escolar"", ""forzar explicación""]",0.32,3,2026-05-31T18:33:00,2026-05-10T18:33:00,2026-05-31T18:33:00
5c3b2456-af99-4b39-9bc5-c8f48f756473,f509a459-0a44-4218-9ae8-2fdcd3fd98be,44e58e0f-8927-4b10-9390-6e1d3b9f1df2,sueno_regulacion,"[""menos palabras"", ""menos ruido"", ""mismo cierre""]","[""corregir en el pico"", ""forzar explicación"", ""gritar"", ""muchas instrucciones""]",0.32,3,2026-04-27T22:59:00,2026-02-07T22:59:00,2026-04-27T22:59:00
8bb5d583-26dc-4411-a700-6e86ce41c95a,f509a459-0a44-4218-9ae8-2fdcd3fd98be,44e58e0f-8927-4b10-9390-6e1d3b9f1df2,crisis_activa,"[""dar tiempo"", ""bajar luces"", ""menos palabras"", ""microacciones""]","[""preguntar demasiado"", ""corregir en el pico"", ""cambio brusco"", ""apurar demasiado""]",0.4,5,2026-05-31T02:00:00,2026-03-23T02:00:00,2026-05-31T02:00:00
9f4ebd82-8f45-48b0-963c-aa828f3444d3,a09e3ae8-ea58-4d1a-a197-691ce31888ad,5efb2feb-ee5f-4c0a-8895-fd626d651534,sobrecarga_sensorial,"[""dar tiempo"", ""anticipación"", ""menos ruido""]","[""corregir en el pico"", ""cambio brusco"", ""presión escolar"", ""preguntar demasiado""]",0.4,5,2026-05-31T02:00:00,2026-04-09T02:00:00,2026-05-31T02:00:00
cb2db33d-3cda-497e-8604-9e5432ee0f29,a09e3ae8-ea58-4d1a-a197-691ce31888ad,5efb2feb-ee5f-4c0a-8895-fd626d651534,sueno_regulacion,"[""anticipación"", ""mismo cierre"", ""pausa breve"", ""menos ruido""]","[""preguntar demasiado"", ""presión escolar"", ""apurar demasiado"", ""gritar""]",0.28,2,2026-05-11T10:32:00,2026-04-08T10:32:00,2026-05-11T10:32:00
c8a5c045-731e-435f-bd80-4f656c35b093,a09e3ae8-ea58-4d1a-a197-691ce31888ad,5efb2feb-ee5f-4c0a-8895-fd626d651534,apoyo_general,"[""validación"", ""dar tiempo"", ""bajar luces"", ""una sola indicación""]","[""corregir en el pico"", ""preguntar demasiado"", ""forzar explicación"", ""gritar""]",0.32,3,2026-05-31T04:00:00,2026-03-19T04:00:00,2026-05-31T04:00:00
9aa1d1d9-fb55-4ce4-84c7-63c16862e852,a09e3ae8-ea58-4d1a-a197-691ce31888ad,5efb2feb-ee5f-4c0a-8895-fd626d651534,crisis_activa,"[""anticipación"", ""menos palabras"", ""mismo cierre"", ""pausa breve""]","[""presión escolar"", ""cambio brusco"", ""demasiado ruido"", ""muchas instrucciones""]",0.44,6,2026-05-31T21:00:00,2026-04-10T21:00:00,2026-05-31T21:00:00
d7fff397-f5eb-47fc-9c65-f20ab079db23,a09e3ae8-ea58-4d1a-a197-691ce31888ad,5efb2feb-ee5f-4c0a-8895-fd626d651534,sobrecarga_cuidador,"[""microacciones"", ""bajar luces"", ""pausa breve"", ""menos ruido""]","[""demasiado ruido"", ""forzar explicación"", ""presión escolar"", ""preguntar demasiado""]",0.4,5,2026-05-28T23:00:00,2026-03-22T23:00:00,2026-05-28T23:00:00
04df13a6-235a-40f1-9909-b3d39425c1d9,a09e3ae8-ea58-4d1a-a197-691ce31888ad,5efb2feb-ee5f-4c0a-8895-fd626d651534,transicion_rigidez,"[""microacciones"", ""dar tiempo""]","[""cambio brusco"", ""presión escolar"", ""pantallas tarde""]",0.28,2,2026-05-27T21:00:00,2026-04-11T21:00:00,2026-05-27T21:00:00
b8e4c153-b71b-413e-b093-8dab5136697c,ce16f43c-bbb1-46c1-8f26-cdd5f49486b6,f8f108bd-264d-4215-a2da-145de0f557a2,disfuncion_ejecutiva,"[""mismo cierre"", ""anticipación""]","[""presión escolar"", ""demasiado ruido"", ""cambio brusco"", ""pantallas tarde""]",0.28,2,2026-05-21T19:13:00,2026-04-02T19:13:00,2026-05-21T19:13:00
74e74a92-8207-4501-894e-7f6f9d47a0c8,ce16f43c-bbb1-46c1-8f26-cdd5f49486b6,f8f108bd-264d-4215-a2da-145de0f557a2,sobrecarga_sensorial,"[""microacciones"", ""bajar luces"", ""validación"", ""menos ruido""]","[""forzar explicación"", ""corregir en el pico"", ""gritar"", ""demasiado ruido""]",0.4,5,2026-05-30T02:00:00,2026-04-06T02:00:00,2026-05-30T02:00:00
44d598b3-f2dc-49c8-a573-b6b24a8b3645,ce16f43c-bbb1-46c1-8f26-cdd5f49486b6,f8f108bd-264d-4215-a2da-145de0f557a2,apoyo_general,"[""menos ruido"", ""menos palabras"", ""validación"", ""microacciones""]","[""apurar demasiado"", ""gritar"", ""corregir en el pico"", ""forzar explicación""]",0.32,3,2026-05-27T06:13:00,2026-05-01T06:13:00,2026-05-27T06:13:00
eb51fcd0-895b-4722-aeb6-adaae58caa2c,ce16f43c-bbb1-46c1-8f26-cdd5f49486b6,f8f108bd-264d-4215-a2da-145de0f557a2,sobrecarga_cuidador,"[""una sola indicación"", ""validación"", ""pausa breve"", ""menos palabras""]","[""corregir en el pico"", ""forzar explicación"", ""pantallas tarde"", ""cambio brusco""]",0.44,6,2026-05-31T21:00:00,2026-03-26T21:00:00,2026-05-31T21:00:00
ee1b8196-e9dd-49ab-a536-5f293fc7bdaa,ce16f43c-bbb1-46c1-8f26-cdd5f49486b6,f8f108bd-264d-4215-a2da-145de0f557a2,crisis_activa,"[""menos ruido"", ""validación"", ""mismo cierre"", ""una sola indicación""]","[""forzar explicación"", ""gritar"", ""pantallas tarde"", ""cambio brusco""]",0.36,4,2026-05-27T21:00:00,2026-03-30T21:00:00,2026-05-27T21:00:00
1d279983-233e-4bd2-b97a-8fe7dee18c3f,ce16f43c-bbb1-46c1-8f26-cdd5f49486b6,f8f108bd-264d-4215-a2da-145de0f557a2,sueno_regulacion,"[""una sola indicación"", ""menos palabras"", ""menos ruido""]","[""apurar demasiado"", ""cambio brusco"", ""corregir en el pico"", ""presión escolar""]",0.28,2,2026-05-30T01:00:00,2026-03-22T01:00:00,2026-05-30T01:00:00
570a7741-52d7-453c-ad54-2533f0148910,ce16f43c-bbb1-46c1-8f26-cdd5f49486b6,f8f108bd-264d-4215-a2da-145de0f557a2,transicion_rigidez,"[""microacciones""]","[""preguntar demasiado"", ""corregir en el pico""]",0.24,1,2026-05-26T21:00:00,2026-03-22T21:00:00,2026-05-26T21:00:00
3a180461-0e15-4c69-86ed-dd28615e0564,87a2467d-c7df-4ecb-a0f1-6da804506fc4,4defc9cb-e166-4455-a9ae-0bcf38b866a7,apoyo_general,"[""validación"", ""bajar luces""]","[""demasiado ruido""]",0.24,1,2026-05-24T13:11:00,2026-04-24T13:11:00,2026-05-24T13:11:00
16539f08-6408-4ecc-8a8c-be6683f86b55,87a2467d-c7df-4ecb-a0f1-6da804506fc4,4defc9cb-e166-4455-a9ae-0bcf38b866a7,disfuncion_ejecutiva,"[""menos ruido"", ""mismo cierre""]","[""muchas instrucciones"", ""apurar demasiado"", ""pantallas tarde"", ""demasiado ruido""]",0.28,2,2026-05-28T21:00:00,2026-03-23T21:00:00,2026-05-28T21:00:00
78fa6379-9a90-4cfd-a5b3-e02d47f264f8,87a2467d-c7df-4ecb-a0f1-6da804506fc4,4defc9cb-e166-4455-a9ae-0bcf38b866a7,sueno_regulacion,"[""dar tiempo"", ""menos ruido"", ""una sola indicación"", ""microacciones""]","[""demasiado ruido"", ""presión escolar"", ""gritar"", ""corregir en el pico""]",0.48,7,2026-05-30T21:00:00,2026-03-29T21:00:00,2026-05-30T21:00:00
b9be4ece-4131-4e05-8247-3f1cdb6ee063,87a2467d-c7df-4ecb-a0f1-6da804506fc4,4defc9cb-e166-4455-a9ae-0bcf38b866a7,sobrecarga_cuidador,"[""menos ruido"", ""bajar luces"", ""una sola indicación"", ""mismo cierre""]","[""apurar demasiado"", ""pantallas tarde"", ""gritar"", ""presión escolar""]",0.48,7,2026-05-31T02:00:00,2026-05-02T02:00:00,2026-05-31T02:00:00
43c9d1d2-c4db-480b-bd29-493736b275c4,87a2467d-c7df-4ecb-a0f1-6da804506fc4,4defc9cb-e166-4455-a9ae-0bcf38b866a7,crisis_activa,"[""mismo cierre"", ""bajar luces"", ""una sola indicación""]","[""preguntar demasiado"", ""cambio brusco"", ""forzar explicación"", ""corregir en el pico""]",0.32,3,2026-05-30T23:00:00,2026-05-07T23:00:00,2026-05-30T23:00:00
6c685fda-eb39-492e-8c52-5606dd2f655d,87a2467d-c7df-4ecb-a0f1-6da804506fc4,4defc9cb-e166-4455-a9ae-0bcf38b866a7,transicion_rigidez,[],"[""forzar explicación"", ""presión escolar"", ""corregir en el pico""]",0.28,2,2026-05-30T23:00:00,2026-03-18T23:00:00,2026-05-30T23:00:00
b43abac4-d92f-4d6d-9381-b88c3c7b05f8,87a2467d-c7df-4ecb-a0f1-6da804506fc4,4defc9cb-e166-4455-a9ae-0bcf38b866a7,sobrecarga_sensorial,[],"[""apurar demasiado""]",0.24,1,2026-05-27T21:00:00,2026-04-29T21:00:00,2026-05-27T21:00:00
bb344ac1-8af9-45dc-bee5-d5cc2ddefdf3,87ab0957-aab8-435f-b662-3bb7645cfae2,71fcbf03-eace-4d8d-a4bf-a23c8c9dd38d,crisis_activa,"[""anticipación"", ""pausa breve"", ""menos ruido"", ""una sola indicación""]","[""preguntar demasiado"", ""demasiado ruido"", ""pantallas tarde"", ""presión escolar""]",0.36,4,2026-05-31T21:00:00,2026-04-14T21:00:00,2026-05-31T21:00:00
d1ef747d-56cc-4e60-9c0c-642f52e7b63c,87ab0957-aab8-435f-b662-3bb7645cfae2,71fcbf03-eace-4d8d-a4bf-a23c8c9dd38d,sobrecarga_sensorial,"[""bajar luces"", ""pausa breve"", ""dar tiempo"", ""anticipación""]","[""gritar"", ""apurar demasiado"", ""muchas instrucciones"", ""pantallas tarde""]",0.48,7,2026-05-31T21:00:00,2026-03-20T21:00:00,2026-05-31T21:00:00
21d0cdb8-5323-4032-a0c2-c84df6932a6c,87ab0957-aab8-435f-b662-3bb7645cfae2,71fcbf03-eace-4d8d-a4bf-a23c8c9dd38d,transicion_rigidez,"[""pausa breve"", ""menos palabras"", ""mismo cierre"", ""dar tiempo""]","[""presión escolar"", ""cambio brusco""]",0.28,2,2026-05-31T20:33:00,2026-04-28T20:33:00,2026-05-31T20:33:00
66c96ec6-ab94-47f6-92a4-6434b151d300,87ab0957-aab8-435f-b662-3bb7645cfae2,71fcbf03-eace-4d8d-a4bf-a23c8c9dd38d,disfuncion_ejecutiva,"[""dar tiempo""]","[""forzar explicación"", ""muchas instrucciones""]",0.24,1,2026-05-30T21:00:00,2026-04-13T21:00:00,2026-05-30T21:00:00
6293afc4-7bb4-49b7-ab1a-3f1fb7619492,87ab0957-aab8-435f-b662-3bb7645cfae2,71fcbf03-eace-4d8d-a4bf-a23c8c9dd38d,apoyo_general,"[""una sola indicación"", ""pausa breve"", ""mismo cierre"", ""validación""]","[""corregir en el pico"", ""pantallas tarde"", ""preguntar demasiado"", ""demasiado ruido""]",0.4,5,2026-05-29T03:00:00,2026-05-08T03:00:00,2026-05-29T03:00:00
315a8fad-f311-41ab-9afc-e0357b7f2fe7,87ab0957-aab8-435f-b662-3bb7645cfae2,71fcbf03-eace-4d8d-a4bf-a23c8c9dd38d,sobrecarga_cuidador,"[""menos ruido"", ""validación"", ""pausa breve"", ""una sola indicación""]","[""presión escolar"", ""muchas instrucciones"", ""preguntar demasiado"", ""gritar""]",0.28,2,2026-05-28T22:00:00,2026-03-26T22:00:00,2026-05-28T22:00:00
9dac2974-b8aa-4fd9-93cd-bbdd2ae816b7,87ab0957-aab8-435f-b662-3bb7645cfae2,71fcbf03-eace-4d8d-a4bf-a23c8c9dd38d,sueno_regulacion,"[""menos ruido"", ""una sola indicación"", ""menos palabras"", ""anticipación""]","[""forzar explicación"", ""preguntar demasiado""]",0.28,2,2026-05-29T23:00:00,2026-05-01T23:00:00,2026-05-29T23:00:00
81feb4ee-95ba-4d20-8410-8bf1618b569a,e34dd82f-e0c5-45dd-8399-039d1406d8b6,bf9d8d97-321f-4ab2-a8ac-32344348caf0,apoyo_general,"[""bajar luces"", ""mismo cierre"", ""menos ruido"", ""una sola indicación""]","[""corregir en el pico"", ""pantallas tarde"", ""cambio brusco"", ""muchas instrucciones""]",0.48,7,2026-05-30T22:00:00,2026-04-01T22:00:00,2026-05-30T22:00:00
512f271d-69a6-4798-8012-94aa15effbe4,e34dd82f-e0c5-45dd-8399-039d1406d8b6,bf9d8d97-321f-4ab2-a8ac-32344348caf0,sueno_regulacion,"[""menos palabras"", ""validación"", ""menos ruido""]","[""apurar demasiado"", ""demasiado ruido"", ""gritar"", ""preguntar demasiado""]",0.28,2,2026-05-26T21:00:00,2026-04-02T21:00:00,2026-05-26T21:00:00
37a8ac5f-3f9a-456d-a0eb-24ef272910f5,e34dd82f-e0c5-45dd-8399-039d1406d8b6,bf9d8d97-321f-4ab2-a8ac-32344348caf0,disfuncion_ejecutiva,"[""validación"", ""menos ruido"", ""pausa breve"", ""dar tiempo""]","[""cambio brusco"", ""demasiado ruido"", ""preguntar demasiado"", ""pantallas tarde""]",0.36,4,2026-05-29T03:33:00,2026-05-07T03:33:00,2026-05-29T03:33:00
70d1c715-3b52-4410-8d57-f456e2e72adc,e34dd82f-e0c5-45dd-8399-039d1406d8b6,bf9d8d97-321f-4ab2-a8ac-32344348caf0,sobrecarga_cuidador,"[""pausa breve"", ""mismo cierre"", ""bajar luces""]","[""pantallas tarde"", ""gritar"", ""forzar explicación"", ""corregir en el pico""]",0.36,4,2026-05-31T02:00:00,2026-04-26T02:00:00,2026-05-31T02:00:00
f5243343-6124-4814-a7f3-8be31bc3a4c8,e34dd82f-e0c5-45dd-8399-039d1406d8b6,bf9d8d97-321f-4ab2-a8ac-32344348caf0,crisis_activa,"[""anticipación"", ""validación"", ""una sola indicación"", ""menos ruido""]","[""demasiado ruido"", ""corregir en el pico"", ""pantallas tarde"", ""forzar explicación""]",0.32,3,2026-05-28T21:00:00,2026-04-15T21:00:00,2026-05-28T21:00:00
eaa51918-d98f-4d72-a50e-f491de5ee3ef,e34dd82f-e0c5-45dd-8399-039d1406d8b6,bf9d8d97-321f-4ab2-a8ac-32344348caf0,transicion_rigidez,"[""microacciones"", ""una sola indicación"", ""menos palabras"", ""dar tiempo""]","[""cambio brusco"", ""muchas instrucciones"", ""presión escolar""]",0.28,2,2026-05-31T21:00:00,2026-04-01T21:00:00,2026-05-31T21:00:00
3676df42-ad9e-42e8-a6ed-917a01f789f2,e34dd82f-e0c5-45dd-8399-039d1406d8b6,bf9d8d97-321f-4ab2-a8ac-32344348caf0,sobrecarga_sensorial,"[""validación""]","[""preguntar demasiado"", ""apurar demasiado"", ""demasiado ruido""]",0.24,1,2026-05-30T08:00:00,2026-03-21T08:00:00,2026-05-30T08:00:00
65fb1966-72a2-4735-9ac7-45801adc6de0,796c6dd6-d124-4ba4-bc2b-36f7f5bd96b8,86c3fc22-b60d-49dc-9e2d-045b68bdf9a0,sobrecarga_sensorial,"[""microacciones"", ""mismo cierre"", ""validación"", ""menos ruido""]","[""muchas instrucciones"", ""cambio brusco"", ""apurar demasiado"", ""forzar explicación""]",0.44,6,2026-05-31T00:00:00,2026-04-12T00:00:00,2026-05-31T00:00:00
9cfe19e7-a7aa-4f3f-8791-872e06199ca6,796c6dd6-d124-4ba4-bc2b-36f7f5bd96b8,86c3fc22-b60d-49dc-9e2d-045b68bdf9a0,crisis_activa,"[""menos palabras"", ""microacciones"", ""una sola indicación"", ""mismo cierre""]","[""pantallas tarde"", ""apurar demasiado"", ""demasiado ruido"", ""corregir en el pico""]",0.32,3,2026-05-31T03:00:00,2026-03-23T03:00:00,2026-05-31T03:00:00
5f182bd8-add1-405c-ad56-fa1f6d40c04e,796c6dd6-d124-4ba4-bc2b-36f7f5bd96b8,86c3fc22-b60d-49dc-9e2d-045b68bdf9a0,sobrecarga_cuidador,"[""menos palabras"", ""anticipación"", ""validación"", ""dar tiempo""]","[""forzar explicación"", ""preguntar demasiado"", ""apurar demasiado"", ""cambio brusco""]",0.48,7,2026-05-31T02:00:00,2026-04-07T02:00:00,2026-05-31T02:00:00
b5353205-543f-49dd-bcb6-ea1ba3f29193,796c6dd6-d124-4ba4-bc2b-36f7f5bd96b8,86c3fc22-b60d-49dc-9e2d-045b68bdf9a0,disfuncion_ejecutiva,[],"[""pantallas tarde""]",0.24,1,2026-05-24T14:42:00,2026-03-06T14:42:00,2026-05-24T14:42:00
cb348732-5511-4916-a26c-10e0700f8512,796c6dd6-d124-4ba4-bc2b-36f7f5bd96b8,86c3fc22-b60d-49dc-9e2d-045b68bdf9a0,sueno_regulacion,"[""pausa breve"", ""mismo cierre"", ""microacciones"", ""dar tiempo""]","[""presión escolar"", ""apurar demasiado"", ""muchas instrucciones"", ""gritar""]",0.4,5,2026-05-30T01:00:00,2026-03-17T01:00:00,2026-05-30T01:00:00
078d2d88-ca2a-4d8b-a85c-918d9e78b61d,796c6dd6-d124-4ba4-bc2b-36f7f5bd96b8,86c3fc22-b60d-49dc-9e2d-045b68bdf9a0,apoyo_general,"[""microacciones"", ""bajar luces""]","[""gritar""]",0.24,1,2026-05-27T21:00:00,2026-04-26T21:00:00,2026-05-27T21:00:00
9d6c3d46-38ca-440b-bba0-71830c750e38,e079d960-64db-4402-a817-432db200291d,51ff3be8-703b-4cef-9fbd-b52be5b96ea7,transicion_rigidez,"[""menos ruido"", ""microacciones"", ""anticipación""]","[""demasiado ruido"", ""cambio brusco"", ""corregir en el pico"", ""forzar explicación""]",0.28,2,2026-05-31T04:00:00,2026-04-03T04:00:00,2026-05-31T04:00:00
4a4658d5-15bd-419b-a86e-f34acdb66b9b,e079d960-64db-4402-a817-432db200291d,51ff3be8-703b-4cef-9fbd-b52be5b96ea7,crisis_activa,"[""validación"", ""bajar luces"", ""pausa breve"", ""dar tiempo""]","[""forzar explicación"", ""presión escolar"", ""apurar demasiado"", ""muchas instrucciones""]",0.56,9,2026-05-30T21:00:00,2026-03-16T21:00:00,2026-05-30T21:00:00
409d3684-9a7b-49e2-b5bf-97b293363132,e079d960-64db-4402-a817-432db200291d,51ff3be8-703b-4cef-9fbd-b52be5b96ea7,apoyo_general,"[""pausa breve"", ""microacciones"", ""dar tiempo"", ""anticipación""]","[""pantallas tarde"", ""preguntar demasiado"", ""corregir en el pico"", ""gritar""]",0.32,3,2026-05-29T21:00:00,2026-04-03T21:00:00,2026-05-29T21:00:00
8c46e535-bf36-4f11-8fc9-b02af47542f1,e079d960-64db-4402-a817-432db200291d,51ff3be8-703b-4cef-9fbd-b52be5b96ea7,sobrecarga_cuidador,"[""dar tiempo""]","[""apurar demasiado""]",0.24,1,2026-05-23T15:25:00,2026-04-05T15:25:00,2026-05-23T15:25:00
c1400661-3425-4add-8584-501032e0e274,e079d960-64db-4402-a817-432db200291d,51ff3be8-703b-4cef-9fbd-b52be5b96ea7,sueno_regulacion,"[""una sola indicación"", ""menos ruido"", ""dar tiempo"", ""pausa breve""]","[""muchas instrucciones"", ""preguntar demasiado"", ""pantallas tarde"", ""demasiado ruido""]",0.32,3,2026-05-30T21:00:00,2026-04-03T21:00:00,2026-05-30T21:00:00
45ab3e9c-baf2-4880-8cdb-84f79ecdbab8,e079d960-64db-4402-a817-432db200291d,51ff3be8-703b-4cef-9fbd-b52be5b96ea7,disfuncion_ejecutiva,"[""menos ruido"", ""menos palabras"", ""una sola indicación"", ""mismo cierre""]","[""apurar demasiado"", ""demasiado ruido"", ""muchas instrucciones"", ""gritar""]",0.32,3,2026-05-31T01:00:00,2026-03-15T01:00:00,2026-05-31T01:00:00
c46cf9a6-97c7-45f3-8b51-f891cd37ac25,e079d960-64db-4402-a817-432db200291d,51ff3be8-703b-4cef-9fbd-b52be5b96ea7,sobrecarga_sensorial,"[""microacciones"", ""mismo cierre""]","[""preguntar demasiado"", ""forzar explicación"", ""pantallas tarde"", ""gritar""]",0.28,2,2026-05-31T03:00:00,2026-04-16T03:00:00,2026-05-31T03:00:00
3349c731-c180-4ba5-ae4f-713cb4315a6a,554b8716-ab8a-4c3b-ae3b-5182fbcc95a7,8e8aa8e0-f6ec-4fff-bc91-ecf0ef1b6426,transicion_rigidez,"[""mismo cierre"", ""dar tiempo"", ""bajar luces"", ""validación""]","[""forzar explicación"", ""cambio brusco"", ""corregir en el pico"", ""demasiado ruido""]",0.36,4,2026-05-29T00:02:00,2026-05-04T00:02:00,2026-05-29T00:02:00
9cbacc81-04bd-4683-b10c-99ec2633d7d8,554b8716-ab8a-4c3b-ae3b-5182fbcc95a7,8e8aa8e0-f6ec-4fff-bc91-ecf0ef1b6426,disfuncion_ejecutiva,"[""anticipación"", ""menos palabras"", ""validación"", ""menos ruido""]","[""cambio brusco"", ""corregir en el pico"", ""apurar demasiado"", ""forzar explicación""]",0.32,3,2026-05-29T21:00:00,2026-04-28T21:00:00,2026-05-29T21:00:00
f35d0981-d0c9-4e8a-9f3a-0feafc31ef6f,554b8716-ab8a-4c3b-ae3b-5182fbcc95a7,8e8aa8e0-f6ec-4fff-bc91-ecf0ef1b6426,sueno_regulacion,"[""menos ruido"", ""validación""]","[""preguntar demasiado""]",0.24,1,2026-05-05T10:54:00,2026-02-28T10:54:00,2026-05-05T10:54:00
f297f3ff-4efa-4354-a0b6-326814933a2b,554b8716-ab8a-4c3b-ae3b-5182fbcc95a7,8e8aa8e0-f6ec-4fff-bc91-ecf0ef1b6426,apoyo_general,"[""menos palabras"", ""menos ruido"", ""anticipación"", ""pausa breve""]","[""forzar explicación"", ""pantallas tarde"", ""muchas instrucciones"", ""cambio brusco""]",0.56,9,2026-05-30T22:00:00,2026-05-03T22:00:00,2026-05-30T22:00:00
7096d90e-283f-45be-b5d7-11353b73d4d4,554b8716-ab8a-4c3b-ae3b-5182fbcc95a7,8e8aa8e0-f6ec-4fff-bc91-ecf0ef1b6426,crisis_activa,"[""pausa breve""]","[""cambio brusco""]",0.24,1,2026-05-25T17:02:00,2026-04-10T17:02:00,2026-05-25T17:02:00
75d3d7c3-86ef-42e9-9d09-43deafd766eb,554b8716-ab8a-4c3b-ae3b-5182fbcc95a7,8e8aa8e0-f6ec-4fff-bc91-ecf0ef1b6426,sobrecarga_cuidador,"[""dar tiempo"", ""bajar luces"", ""validación"", ""anticipación""]","[""muchas instrucciones"", ""gritar"", ""preguntar demasiado"", ""corregir en el pico""]",0.4,5,2026-05-31T21:00:00,2026-03-28T21:00:00,2026-05-31T21:00:00
0ceaae3a-bdb5-4ca2-8ee2-d9591f2b93c9,08d8cf55-b08c-453b-ba75-c8f316e258f5,433b92da-b679-4bfa-a01d-0bd32f4c15af,disfuncion_ejecutiva,"[""validación"", ""menos ruido"", ""pausa breve""]","[""preguntar demasiado"", ""demasiado ruido""]",0.28,2,2026-05-30T21:03:00,2026-05-06T21:03:00,2026-05-30T21:03:00
729ae686-c249-4e17-9a84-f2785b8d7c49,08d8cf55-b08c-453b-ba75-c8f316e258f5,433b92da-b679-4bfa-a01d-0bd32f4c15af,crisis_activa,"[""pausa breve"", ""microacciones"", ""menos ruido"", ""bajar luces""]","[""demasiado ruido"", ""presión escolar"", ""cambio brusco"", ""muchas instrucciones""]",0.44,6,2026-05-31T21:00:00,2026-04-08T21:00:00,2026-05-31T21:00:00
f11db8a4-c701-4f9e-a0da-5462aac29d21,08d8cf55-b08c-453b-ba75-c8f316e258f5,433b92da-b679-4bfa-a01d-0bd32f4c15af,sobrecarga_sensorial,"[""validación"", ""una sola indicación"", ""menos palabras"", ""menos ruido""]","[""corregir en el pico"", ""gritar"", ""cambio brusco"", ""apurar demasiado""]",0.32,3,2026-05-30T23:00:00,2026-04-24T23:00:00,2026-05-30T23:00:00
85fa0e78-34bf-4ef9-b2a5-a845a4a5732d,08d8cf55-b08c-453b-ba75-c8f316e258f5,433b92da-b679-4bfa-a01d-0bd32f4c15af,apoyo_general,"[""validación"", ""menos ruido"", ""bajar luces"", ""dar tiempo""]","[""corregir en el pico"", ""muchas instrucciones"", ""pantallas tarde"", ""gritar""]",0.44,6,2026-05-31T21:00:00,2026-04-02T21:00:00,2026-05-31T21:00:00
8e43d8d2-f0d8-4969-81c7-9a00b8fc2b36,08d8cf55-b08c-453b-ba75-c8f316e258f5,433b92da-b679-4bfa-a01d-0bd32f4c15af,transicion_rigidez,"[""bajar luces"", ""mismo cierre""]","[""cambio brusco"", ""forzar explicación"", ""demasiado ruido"", ""muchas instrucciones""]",0.32,3,2026-05-30T22:00:00,2026-05-02T22:00:00,2026-05-30T22:00:00
5c670780-c3c6-4e0e-a5f2-5d4d95074366,08d8cf55-b08c-453b-ba75-c8f316e258f5,433b92da-b679-4bfa-a01d-0bd32f4c15af,sobrecarga_cuidador,"[""microacciones"", ""dar tiempo"", ""bajar luces"", ""anticipación""]","[""presión escolar"", ""cambio brusco"", ""forzar explicación"", ""muchas instrucciones""]",0.28,2,2026-05-29T03:00:00,2026-03-17T03:00:00,2026-05-29T03:00:00
2626abb0-0f5c-476c-86bf-130c22396cea,08d8cf55-b08c-453b-ba75-c8f316e258f5,433b92da-b679-4bfa-a01d-0bd32f4c15af,sueno_regulacion,"[""microacciones"", ""mismo cierre""]","[""cambio brusco""]",0.24,1,2026-05-26T21:00:00,2026-04-27T21:00:00,2026-05-26T21:00:00
6aa1e616-7f65-438f-aa56-99bd2dc2bc80,a4222ea9-d889-48ed-8e88-cc4db0e11b94,2d80a5d6-515f-4d3a-8160-7a1d9283eac0,sueno_regulacion,"[""pausa breve"", ""una sola indicación"", ""anticipación"", ""mismo cierre""]","[""apurar demasiado"", ""muchas instrucciones"", ""demasiado ruido"", ""presión escolar""]",0.48,7,2026-05-31T00:00:00,2026-03-23T00:00:00,2026-05-31T00:00:00
c5115f2e-a493-456c-9c2a-711ed56a0881,a4222ea9-d889-48ed-8e88-cc4db0e11b94,2d80a5d6-515f-4d3a-8160-7a1d9283eac0,apoyo_general,"[""mismo cierre"", ""bajar luces""]","[""presión escolar"", ""corregir en el pico"", ""cambio brusco""]",0.24,1,2026-04-27T18:58:00,2026-02-21T18:58:00,2026-04-27T18:58:00
e57b820a-58e6-4f26-baf8-ad8535a50cb9,a4222ea9-d889-48ed-8e88-cc4db0e11b94,2d80a5d6-515f-4d3a-8160-7a1d9283eac0,transicion_rigidez,"[""validación"", ""una sola indicación"", ""dar tiempo"", ""bajar luces""]","[""pantallas tarde"", ""presión escolar"", ""apurar demasiado"", ""cambio brusco""]",0.32,3,2026-05-28T21:00:00,2026-03-29T21:00:00,2026-05-28T21:00:00
215c487b-40b2-4eed-921a-46712761e1f9,a4222ea9-d889-48ed-8e88-cc4db0e11b94,2d80a5d6-515f-4d3a-8160-7a1d9283eac0,crisis_activa,"[""pausa breve"", ""mismo cierre"", ""dar tiempo"", ""menos ruido""]","[""pantallas tarde"", ""cambio brusco"", ""apurar demasiado"", ""gritar""]",0.32,3,2026-05-30T21:00:00,2026-03-13T21:00:00,2026-05-30T21:00:00
b433ceae-4891-4646-bf51-ac2fb84049b5,a4222ea9-d889-48ed-8e88-cc4db0e11b94,2d80a5d6-515f-4d3a-8160-7a1d9283eac0,sobrecarga_cuidador,"[""pausa breve"", ""validación"", ""dar tiempo""]","[""demasiado ruido"", ""pantallas tarde"", ""forzar explicación"", ""preguntar demasiado""]",0.32,3,2026-05-30T21:00:00,2026-03-31T21:00:00,2026-05-30T21:00:00
dbf195ff-5ca7-4638-94d4-51a332a09e0b,a4222ea9-d889-48ed-8e88-cc4db0e11b94,2d80a5d6-515f-4d3a-8160-7a1d9283eac0,disfuncion_ejecutiva,"[""menos ruido"", ""menos palabras"", ""validación""]","[""pantallas tarde"", ""cambio brusco"", ""forzar explicación""]",0.28,2,2026-05-31T20:04:00,2026-05-08T20:04:00,2026-05-31T20:04:00
56710007-836a-4699-acf7-47ab3f53f4c2,a4222ea9-d889-48ed-8e88-cc4db0e11b94,2d80a5d6-515f-4d3a-8160-7a1d9283eac0,sobrecarga_sensorial,"[""menos palabras"", ""dar tiempo"", ""pausa breve"", ""anticipación""]","[""demasiado ruido"", ""preguntar demasiado"", ""forzar explicación"", ""cambio brusco""]",0.36,4,2026-05-31T21:00:00,2026-03-27T21:00:00,2026-05-31T21:00:00
9c0c2f56-b677-48bf-804f-3c6771df54f4,71921e6a-3568-4494-8d36-6636c0e09a0f,e19572ae-83f3-44dc-825d-fda620140fa8,apoyo_general,"[""anticipación"", ""dar tiempo"", ""menos ruido"", ""mismo cierre""]","[""forzar explicación"", ""pantallas tarde"", ""demasiado ruido"", ""gritar""]",0.28,2,2026-05-31T21:00:00,2026-04-05T21:00:00,2026-05-31T21:00:00
d93d817b-e63f-41fb-a326-5d4e4e2aa833,71921e6a-3568-4494-8d36-6636c0e09a0f,e19572ae-83f3-44dc-825d-fda620140fa8,crisis_activa,"[""microacciones"", ""anticipación"", ""menos palabras"", ""dar tiempo""]","[""demasiado ruido"", ""pantallas tarde"", ""forzar explicación"", ""gritar""]",0.44,6,2026-05-31T21:00:00,2026-03-30T21:00:00,2026-05-31T21:00:00
dbf0aa6e-17d3-4e63-8169-efd713333805,71921e6a-3568-4494-8d36-6636c0e09a0f,e19572ae-83f3-44dc-825d-fda620140fa8,sobrecarga_sensorial,"[""microacciones"", ""mismo cierre"", ""menos palabras"", ""pausa breve""]","[""muchas instrucciones"", ""pantallas tarde"", ""gritar""]",0.32,3,2026-05-19T09:15:00,2026-03-14T09:15:00,2026-05-19T09:15:00
4413ced9-9e4a-4745-bd0d-df54e6735ced,71921e6a-3568-4494-8d36-6636c0e09a0f,e19572ae-83f3-44dc-825d-fda620140fa8,disfuncion_ejecutiva,"[""mismo cierre"", ""validación""]","[""apurar demasiado"", ""preguntar demasiado"", ""muchas instrucciones"", ""demasiado ruido""]",0.32,3,2026-05-28T21:00:00,2026-04-18T21:00:00,2026-05-28T21:00:00
5eb49a6f-bccc-4dc5-9804-c633d8bdbb82,71921e6a-3568-4494-8d36-6636c0e09a0f,e19572ae-83f3-44dc-825d-fda620140fa8,transicion_rigidez,"[""validación"", ""anticipación"", ""mismo cierre"", ""bajar luces""]","[""forzar explicación"", ""corregir en el pico"", ""demasiado ruido"", ""cambio brusco""]",0.32,3,2026-05-29T23:00:00,2026-04-27T23:00:00,2026-05-29T23:00:00
77c3674e-c9d9-4afb-8ebc-60e84ff14e06,71921e6a-3568-4494-8d36-6636c0e09a0f,e19572ae-83f3-44dc-825d-fda620140fa8,sobrecarga_cuidador,"[""pausa breve"", ""validación"", ""microacciones"", ""menos palabras""]","[""gritar"", ""corregir en el pico"", ""forzar explicación"", ""preguntar demasiado""]",0.4,5,2026-05-28T21:00:00,2026-03-22T21:00:00,2026-05-28T21:00:00
aa09dc3a-6f3f-4aba-9cb6-746c8ef79851,71921e6a-3568-4494-8d36-6636c0e09a0f,e19572ae-83f3-44dc-825d-fda620140fa8,sueno_regulacion,"[""microacciones"", ""dar tiempo"", ""pausa breve""]","[""pantallas tarde"", ""corregir en el pico"", ""forzar explicación""]",0.24,1,2026-05-29T11:56:00,2026-04-17T11:56:00,2026-05-29T11:56:00
4f367a49-ec58-4a31-9a50-364ff3fd76f7,181f1fef-62b2-4008-ab1a-eda0a4a832b0,1735734b-8a0a-4e52-95a6-1dd94705fe4b,sobrecarga_sensorial,"[""microacciones"", ""dar tiempo"", ""validación"", ""menos ruido""]","[""pantallas tarde"", ""presión escolar"", ""preguntar demasiado"", ""gritar""]",0.4,5,2026-05-31T01:00:00,2026-04-22T01:00:00,2026-05-31T01:00:00
9d2dc6f3-c774-47fe-8fac-efac975c72c3,181f1fef-62b2-4008-ab1a-eda0a4a832b0,1735734b-8a0a-4e52-95a6-1dd94705fe4b,apoyo_general,"[""mismo cierre"", ""dar tiempo"", ""validación"", ""menos palabras""]","[""apurar demasiado"", ""corregir en el pico"", ""forzar explicación"", ""presión escolar""]",0.4,5,2026-05-30T21:00:00,2026-03-25T21:00:00,2026-05-30T21:00:00
1f2aa93f-ba67-404e-b055-57def146bc21,181f1fef-62b2-4008-ab1a-eda0a4a832b0,1735734b-8a0a-4e52-95a6-1dd94705fe4b,disfuncion_ejecutiva,"[""anticipación"", ""bajar luces"", ""menos ruido""]","[""forzar explicación"", ""muchas instrucciones"", ""demasiado ruido"", ""corregir en el pico""]",0.28,2,2026-05-28T21:00:00,2026-04-01T21:00:00,2026-05-28T21:00:00
f0f0d1c5-5a15-4797-8617-7a0beaa62203,181f1fef-62b2-4008-ab1a-eda0a4a832b0,1735734b-8a0a-4e52-95a6-1dd94705fe4b,sueno_regulacion,"[""pausa breve"", ""validación"", ""mismo cierre"", ""bajar luces""]","[""presión escolar"", ""muchas instrucciones""]",0.28,2,2026-05-31T03:00:00,2026-04-30T03:00:00,2026-05-31T03:00:00
80fdbcb6-37f5-4eab-87b6-5765f56e2305,181f1fef-62b2-4008-ab1a-eda0a4a832b0,1735734b-8a0a-4e52-95a6-1dd94705fe4b,sobrecarga_cuidador,"[""anticipación"", ""mismo cierre"", ""pausa breve"", ""microacciones""]","[""pantallas tarde"", ""gritar"", ""presión escolar"", ""demasiado ruido""]",0.44,6,2026-05-31T06:00:00,2026-04-05T06:00:00,2026-05-31T06:00:00
e107b70f-22b6-47c8-87fb-b235c0fea659,181f1fef-62b2-4008-ab1a-eda0a4a832b0,1735734b-8a0a-4e52-95a6-1dd94705fe4b,crisis_activa,"[""dar tiempo"", ""microacciones"", ""anticipación""]","[""forzar explicación"", ""gritar"", ""presión escolar"", ""apurar demasiado""]",0.32,3,2026-05-30T01:00:00,2026-04-05T01:00:00,2026-05-30T01:00:00
fcdbcb68-c920-478b-a158-720761a67f46,4c60a0bf-988f-41a7-bcdf-fe5f599c6b6f,ad277f2b-249d-4b05-b999-65f57cc29cda,sobrecarga_sensorial,"[""mismo cierre"", ""anticipación"", ""microacciones"", ""menos ruido""]","[""demasiado ruido"", ""corregir en el pico"", ""cambio brusco"", ""pantallas tarde""]",0.32,3,2026-05-29T21:00:00,2026-03-30T21:00:00,2026-05-29T21:00:00
0e437df9-45fc-40b2-ae07-a46595f21de1,4c60a0bf-988f-41a7-bcdf-fe5f599c6b6f,ad277f2b-249d-4b05-b999-65f57cc29cda,crisis_activa,"[""dar tiempo"", ""anticipación"", ""microacciones""]","[""cambio brusco"", ""pantallas tarde"", ""muchas instrucciones"", ""apurar demasiado""]",0.32,3,2026-05-31T01:00:00,2026-03-20T01:00:00,2026-05-31T01:00:00
597458d6-c322-4841-94fd-687dd2b3f3a5,4c60a0bf-988f-41a7-bcdf-fe5f599c6b6f,ad277f2b-249d-4b05-b999-65f57cc29cda,apoyo_general,"[""mismo cierre"", ""menos palabras"", ""validación"", ""microacciones""]","[""apurar demasiado"", ""preguntar demasiado"", ""cambio brusco"", ""gritar""]",0.48,7,2026-05-30T23:00:00,2026-05-04T23:00:00,2026-05-30T23:00:00
71aea789-1a9e-42ca-b5b6-71cdefe1ee1b,4c60a0bf-988f-41a7-bcdf-fe5f599c6b6f,ad277f2b-249d-4b05-b999-65f57cc29cda,sueno_regulacion,"[""menos ruido"", ""microacciones""]","[""gritar"", ""forzar explicación"", ""apurar demasiado"", ""demasiado ruido""]",0.28,2,2026-05-28T03:00:00,2026-03-15T03:00:00,2026-05-28T03:00:00
7e583d99-0021-4666-80ac-287ca0d88479,4c60a0bf-988f-41a7-bcdf-fe5f599c6b6f,ad277f2b-249d-4b05-b999-65f57cc29cda,disfuncion_ejecutiva,"[""pausa breve"", ""una sola indicación"", ""menos palabras"", ""menos ruido""]","[""preguntar demasiado"", ""demasiado ruido"", ""presión escolar"", ""corregir en el pico""]",0.44,6,2026-05-31T21:00:00,2026-04-14T21:00:00,2026-05-31T21:00:00
4e281b12-0e58-41f5-9587-bdfe9f07e1bf,4c60a0bf-988f-41a7-bcdf-fe5f599c6b6f,ad277f2b-249d-4b05-b999-65f57cc29cda,transicion_rigidez,"[""microacciones"", ""bajar luces"", ""mismo cierre""]","[""muchas instrucciones"", ""pantallas tarde"", ""corregir en el pico"", ""forzar explicación""]",0.28,2,2026-05-30T15:38:00,2026-05-05T15:38:00,2026-05-30T15:38:00
a4187472-3f60-4ed8-92ae-2e919f46077f,fb08059b-f33c-4f74-adb6-b8a24f4e6e23,080bcd83-84db-4119-923c-7208fad5d191,crisis_activa,[],"[""apurar demasiado"", ""muchas instrucciones""]",0.24,1,2026-05-21T15:09:00,2026-04-11T15:09:00,2026-05-21T15:09:00
fb61f7cd-eddf-413f-a1c4-dd0084be4ba1,fb08059b-f33c-4f74-adb6-b8a24f4e6e23,080bcd83-84db-4119-923c-7208fad5d191,apoyo_general,"[""menos palabras"", ""microacciones"", ""pausa breve"", ""bajar luces""]","[""corregir en el pico"", ""gritar"", ""pantallas tarde"", ""demasiado ruido""]",0.4,5,2026-05-31T02:00:00,2026-03-13T02:00:00,2026-05-31T02:00:00
120e0c9f-c23e-43e7-bf13-e6de343cf1e0,fb08059b-f33c-4f74-adb6-b8a24f4e6e23,080bcd83-84db-4119-923c-7208fad5d191,disfuncion_ejecutiva,"[""menos ruido"", ""validación"", ""anticipación"", ""dar tiempo""]","[""forzar explicación"", ""gritar"", ""demasiado ruido"", ""muchas instrucciones""]",0.28,2,2026-05-30T21:00:00,2026-03-24T21:00:00,2026-05-30T21:00:00
d8bd617c-f277-49fd-a50f-25472c72de15,fb08059b-f33c-4f74-adb6-b8a24f4e6e23,080bcd83-84db-4119-923c-7208fad5d191,sobrecarga_sensorial,"[""menos palabras"", ""menos ruido"", ""anticipación"", ""bajar luces""]","[""pantallas tarde"", ""corregir en el pico"", ""presión escolar"", ""cambio brusco""]",0.52,8,2026-05-31T04:00:00,2026-03-19T04:00:00,2026-05-31T04:00:00
3b282fbf-7d70-40b1-a201-07ca62b4b0e9,fb08059b-f33c-4f74-adb6-b8a24f4e6e23,080bcd83-84db-4119-923c-7208fad5d191,sobrecarga_cuidador,"[""una sola indicación"", ""pausa breve"", ""mismo cierre"", ""bajar luces""]","[""muchas instrucciones"", ""presión escolar"", ""pantallas tarde"", ""demasiado ruido""]",0.4,5,2026-05-31T21:00:00,2026-05-01T21:00:00,2026-05-31T21:00:00
464f1ce2-9545-4497-977d-e1c4668eac68,fb08059b-f33c-4f74-adb6-b8a24f4e6e23,080bcd83-84db-4119-923c-7208fad5d191,transicion_rigidez,"[""menos ruido"", ""bajar luces"", ""anticipación"", ""una sola indicación""]","[""corregir en el pico"", ""apurar demasiado"", ""presión escolar"", ""muchas instrucciones""]",0.28,2,2026-05-30T21:00:00,2026-04-02T21:00:00,2026-05-30T21:00:00
9ad2e799-576c-4255-9b6d-63ac2a38a131,3bcb7eb9-47d9-495a-8846-c99c285f1712,90cbec23-43f5-4862-801c-0e7a56a19aaf,crisis_activa,"[""menos palabras"", ""pausa breve"", ""mismo cierre"", ""bajar luces""]","[""preguntar demasiado"", ""pantallas tarde"", ""demasiado ruido"", ""cambio brusco""]",0.36,4,2026-05-28T23:00:00,2026-03-11T23:00:00,2026-05-28T23:00:00
f3e92c94-ff1b-43e8-8e1d-403bbc468a95,3bcb7eb9-47d9-495a-8846-c99c285f1712,90cbec23-43f5-4862-801c-0e7a56a19aaf,apoyo_general,"[""una sola indicación"", ""validación"", ""mismo cierre"", ""microacciones""]","[""gritar"", ""presión escolar"", ""demasiado ruido"", ""corregir en el pico""]",0.48,7,2026-05-31T21:00:00,2026-05-06T21:00:00,2026-05-31T21:00:00
77bb6b8d-f55f-4e15-93f5-79c3c413b2e5,3bcb7eb9-47d9-495a-8846-c99c285f1712,90cbec23-43f5-4862-801c-0e7a56a19aaf,sobrecarga_cuidador,"[""bajar luces"", ""pausa breve"", ""microacciones"", ""mismo cierre""]","[""muchas instrucciones"", ""pantallas tarde"", ""preguntar demasiado"", ""presión escolar""]",0.32,3,2026-05-31T01:00:00,2026-03-20T01:00:00,2026-05-31T01:00:00
6d1c21e5-f464-4b48-a117-ddee970e590f,3bcb7eb9-47d9-495a-8846-c99c285f1712,90cbec23-43f5-4862-801c-0e7a56a19aaf,transicion_rigidez,"[""microacciones"", ""mismo cierre"", ""bajar luces"", ""menos ruido""]","[""demasiado ruido"", ""corregir en el pico"", ""forzar explicación"", ""presión escolar""]",0.36,4,2026-05-30T23:00:00,2026-04-08T23:00:00,2026-05-30T23:00:00
1f78685e-97e6-46ac-a678-b6d060b6147f,3bcb7eb9-47d9-495a-8846-c99c285f1712,90cbec23-43f5-4862-801c-0e7a56a19aaf,disfuncion_ejecutiva,"[""pausa breve"", ""mismo cierre""]","[""pantallas tarde"", ""demasiado ruido"", ""forzar explicación""]",0.24,1,2026-05-29T21:00:00,2026-03-24T21:00:00,2026-05-29T21:00:00
f4c3951d-7317-43db-8cb7-81765eb29ab6,3bcb7eb9-47d9-495a-8846-c99c285f1712,90cbec23-43f5-4862-801c-0e7a56a19aaf,sueno_regulacion,"[""menos ruido"", ""mismo cierre"", ""anticipación"", ""bajar luces""]","[""pantallas tarde"", ""forzar explicación""]",0.28,2,2026-05-28T21:00:00,2026-04-30T21:00:00,2026-05-28T21:00:00
d1b9f19c-6ec4-46f0-a31c-516e0a1d94b5,3bcb7eb9-47d9-495a-8846-c99c285f1712,90cbec23-43f5-4862-801c-0e7a56a19aaf,sobrecarga_sensorial,"[""validación"", ""dar tiempo""]","[""cambio brusco"", ""pantallas tarde"", ""corregir en el pico"", ""forzar explicación""]",0.28,2,2026-05-31T03:00:00,2026-03-29T03:00:00,2026-05-31T03:00:00
4cded6d2-8c0e-4896-aa2e-1e1d7d8b3e9f,7cfe448f-0440-4b90-afb4-5d66315b675f,bf899728-ea83-48d8-8407-c49d76612570,apoyo_general,"[""dar tiempo""]","[""demasiado ruido"", ""presión escolar"", ""muchas instrucciones""]",0.28,2,2026-05-09T05:26:00,2026-04-08T05:26:00,2026-05-09T05:26:00
c9a89524-c884-4eee-94ef-9c222efe23c9,7cfe448f-0440-4b90-afb4-5d66315b675f,bf899728-ea83-48d8-8407-c49d76612570,sobrecarga_sensorial,"[""anticipación"", ""microacciones"", ""pausa breve"", ""dar tiempo""]","[""forzar explicación"", ""muchas instrucciones"", ""pantallas tarde"", ""presión escolar""]",0.52,8,2026-05-31T02:00:00,2026-04-15T02:00:00,2026-05-31T02:00:00
b05b99e7-27dc-4b98-b2f9-efd02625b798,7cfe448f-0440-4b90-afb4-5d66315b675f,bf899728-ea83-48d8-8407-c49d76612570,sobrecarga_cuidador,"[""validación"", ""una sola indicación""]","[""cambio brusco"", ""pantallas tarde""]",0.24,1,2026-04-19T19:26:00,2026-03-17T19:26:00,2026-04-19T19:26:00
2ec2c936-6ae0-450b-98da-b5b63e189ca8,7cfe448f-0440-4b90-afb4-5d66315b675f,bf899728-ea83-48d8-8407-c49d76612570,disfuncion_ejecutiva,"[""menos ruido"", ""validación"", ""anticipación""]","[""pantallas tarde"", ""demasiado ruido"", ""gritar"", ""muchas instrucciones""]",0.32,3,2026-05-22T22:29:00,2026-05-01T22:29:00,2026-05-22T22:29:00
05aa33c0-f423-4772-8172-3a897b0572ee,7cfe448f-0440-4b90-afb4-5d66315b675f,bf899728-ea83-48d8-8407-c49d76612570,crisis_activa,"[""dar tiempo"", ""menos palabras"", ""menos ruido"", ""validación""]","[""preguntar demasiado"", ""cambio brusco"", ""demasiado ruido"", ""muchas instrucciones""]",0.32,3,2026-05-31T05:00:00,2026-03-26T05:00:00,2026-05-31T05:00:00
f114beac-cc90-46a7-8e15-fdde80c9c447,7cfe448f-0440-4b90-afb4-5d66315b675f,bf899728-ea83-48d8-8407-c49d76612570,sueno_regulacion,"[""mismo cierre"", ""menos palabras"", ""dar tiempo"", ""bajar luces""]","[""forzar explicación"", ""pantallas tarde"", ""presión escolar"", ""corregir en el pico""]",0.36,4,2026-05-31T21:00:00,2026-03-14T21:00:00,2026-05-31T21:00:00
c0c94f70-7e90-4977-9148-a18865344001,7cfe448f-0440-4b90-afb4-5d66315b675f,bf899728-ea83-48d8-8407-c49d76612570,transicion_rigidez,"[""pausa breve"", ""validación"", ""dar tiempo""]","[""muchas instrucciones"", ""demasiado ruido"", ""cambio brusco""]",0.28,2,2026-05-30T21:00:00,2026-03-16T21:00:00,2026-05-30T21:00:00
d095706f-8d66-43b8-ab19-3f1de20d80c2,b88ae4ea-cf41-4705-82c1-8b0a5cc90d92,b7961779-2439-490c-82c0-90bca376d4d6,disfuncion_ejecutiva,"[""microacciones"", ""una sola indicación"", ""validación"", ""mismo cierre""]","[""forzar explicación"", ""pantallas tarde"", ""gritar"", ""muchas instrucciones""]",0.36,4,2026-05-30T21:00:00,2026-05-07T21:00:00,2026-05-30T21:00:00
b5aa873c-f691-4d39-a0f5-144ab0132911,b88ae4ea-cf41-4705-82c1-8b0a5cc90d92,b7961779-2439-490c-82c0-90bca376d4d6,apoyo_general,"[""una sola indicación"", ""validación"", ""menos ruido"", ""dar tiempo""]","[""corregir en el pico"", ""apurar demasiado"", ""muchas instrucciones"", ""forzar explicación""]",0.4,5,2026-05-31T21:00:00,2026-04-13T21:00:00,2026-05-31T21:00:00
fd299beb-c03e-4515-a4ef-27f6ed9e9132,b88ae4ea-cf41-4705-82c1-8b0a5cc90d92,b7961779-2439-490c-82c0-90bca376d4d6,sueno_regulacion,"[""una sola indicación"", ""mismo cierre"", ""microacciones"", ""menos palabras""]","[""muchas instrucciones"", ""preguntar demasiado"", ""corregir en el pico""]",0.28,2,2026-05-30T21:00:00,2026-04-06T21:00:00,2026-05-30T21:00:00
27e45443-40f9-4c81-bc25-1459e5ed494a,b88ae4ea-cf41-4705-82c1-8b0a5cc90d92,b7961779-2439-490c-82c0-90bca376d4d6,sobrecarga_sensorial,"[""validación"", ""anticipación"", ""microacciones"", ""dar tiempo""]","[""forzar explicación"", ""apurar demasiado"", ""gritar"", ""demasiado ruido""]",0.44,6,2026-05-31T21:00:00,2026-03-12T21:00:00,2026-05-31T21:00:00
8f890d41-4506-4d0f-9710-cf4377e8dbd3,b88ae4ea-cf41-4705-82c1-8b0a5cc90d92,b7961779-2439-490c-82c0-90bca376d4d6,sobrecarga_cuidador,"[""menos palabras"", ""menos ruido"", ""mismo cierre"", ""validación""]","[""cambio brusco"", ""demasiado ruido"", ""muchas instrucciones"", ""corregir en el pico""]",0.32,3,2026-05-31T21:00:00,2026-04-28T21:00:00,2026-05-31T21:00:00
b17ce346-d0a0-4a47-a0b9-4d064f0bc052,b88ae4ea-cf41-4705-82c1-8b0a5cc90d92,b7961779-2439-490c-82c0-90bca376d4d6,transicion_rigidez,"[""mismo cierre"", ""menos ruido""]","[""presión escolar"", ""forzar explicación"", ""demasiado ruido""]",0.28,2,2026-05-29T21:00:00,2026-05-04T21:00:00,2026-05-29T21:00:00
93bd3f03-b69f-443e-bf31-14cc62bdefbe,b88ae4ea-cf41-4705-82c1-8b0a5cc90d92,b7961779-2439-490c-82c0-90bca376d4d6,crisis_activa,[],"[""apurar demasiado"", ""pantallas tarde""]",0.24,1,2026-05-30T21:00:00,2026-04-03T21:00:00,2026-05-30T21:00:00
521fce63-3c36-4385-a27a-b7b6a767c709,89ca1266-e534-4ffb-b585-b5eb2a87113e,da914566-beac-446d-be19-475f312d6377,disfuncion_ejecutiva,"[""menos palabras"", ""pausa breve"", ""microacciones"", ""dar tiempo""]","[""pantallas tarde"", ""preguntar demasiado"", ""corregir en el pico"", ""forzar explicación""]",0.32,3,2026-05-31T03:00:00,2026-04-14T03:00:00,2026-05-31T03:00:00
32bacc59-cfb4-489c-9eeb-f8e15354b94f,89ca1266-e534-4ffb-b585-b5eb2a87113e,da914566-beac-446d-be19-475f312d6377,apoyo_general,"[""menos ruido"", ""pausa breve"", ""bajar luces"", ""microacciones""]","[""demasiado ruido"", ""preguntar demasiado"", ""corregir en el pico"", ""cambio brusco""]",0.44,6,2026-05-28T21:00:00,2026-04-17T21:00:00,2026-05-28T21:00:00
0015b75b-80d9-4296-b3b8-f9a4f17eb92c,89ca1266-e534-4ffb-b585-b5eb2a87113e,da914566-beac-446d-be19-475f312d6377,sobrecarga_cuidador,"[""mismo cierre"", ""menos palabras"", ""microacciones""]","[""muchas instrucciones"", ""preguntar demasiado"", ""gritar""]",0.28,2,2026-05-31T00:00:00,2026-04-20T00:00:00,2026-05-31T00:00:00
cba9aae7-75dd-4b64-804e-650a84bf59cb,89ca1266-e534-4ffb-b585-b5eb2a87113e,da914566-beac-446d-be19-475f312d6377,sueno_regulacion,"[""menos palabras"", ""menos ruido"", ""validación"", ""una sola indicación""]","[""muchas instrucciones"", ""pantallas tarde"", ""apurar demasiado"", ""demasiado ruido""]",0.36,4,2026-05-31T01:00:00,2026-05-04T01:00:00,2026-05-31T01:00:00
dbeb0baf-1c07-4957-9576-7ddef6a8d29c,89ca1266-e534-4ffb-b585-b5eb2a87113e,da914566-beac-446d-be19-475f312d6377,crisis_activa,"[""pausa breve"", ""mismo cierre"", ""menos ruido"", ""una sola indicación""]","[""forzar explicación"", ""preguntar demasiado"", ""presión escolar"", ""muchas instrucciones""]",0.36,4,2026-05-31T12:54:00,2026-03-25T12:54:00,2026-05-31T12:54:00
09a6f25b-552c-4049-b10d-b58fc0cdfc69,89ca1266-e534-4ffb-b585-b5eb2a87113e,da914566-beac-446d-be19-475f312d6377,transicion_rigidez,"[""pausa breve"", ""dar tiempo"", ""anticipación"", ""microacciones""]","[""presión escolar"", ""pantallas tarde"", ""muchas instrucciones"", ""gritar""]",0.32,3,2026-05-31T02:00:00,2026-03-29T02:00:00,2026-05-31T02:00:00
78c715b9-4808-4dc9-bcaf-f01c566f0591,89ca1266-e534-4ffb-b585-b5eb2a87113e,da914566-beac-446d-be19-475f312d6377,sobrecarga_sensorial,"[""menos ruido"", ""una sola indicación""]","[""corregir en el pico"", ""pantallas tarde"", ""apurar demasiado""]",0.24,1,2026-05-30T21:00:00,2026-04-13T21:00:00,2026-05-30T21:00:00
35daeac2-6874-4eb8-8020-2ce5ede70d60,02402def-d911-468c-88fa-4a691bbb79d6,144b8108-f23c-4bf5-aab9-27382ba12462,transicion_rigidez,[],"[""muchas instrucciones"", ""demasiado ruido""]",0.28,2,2026-05-27T21:00:00,2026-04-10T21:00:00,2026-05-27T21:00:00
f4c4e5e5-6df9-418c-a2f2-285dd85d10d0,02402def-d911-468c-88fa-4a691bbb79d6,144b8108-f23c-4bf5-aab9-27382ba12462,apoyo_general,"[""pausa breve"", ""menos ruido"", ""mismo cierre"", ""anticipación""]","[""preguntar demasiado"", ""pantallas tarde"", ""demasiado ruido"", ""apurar demasiado""]",0.48,7,2026-05-31T17:41:00,2026-03-14T17:41:00,2026-05-31T17:41:00
f43ee08e-2645-4e31-911b-75fb1d4947b9,02402def-d911-468c-88fa-4a691bbb79d6,144b8108-f23c-4bf5-aab9-27382ba12462,sueno_regulacion,"[""menos palabras"", ""microacciones"", ""dar tiempo"", ""mismo cierre""]","[""pantallas tarde"", ""corregir en el pico"", ""gritar"", ""demasiado ruido""]",0.32,3,2026-05-31T21:00:00,2026-04-18T21:00:00,2026-05-31T21:00:00
a95c5cb4-7f90-493f-a30c-2eec4cee14bc,02402def-d911-468c-88fa-4a691bbb79d6,144b8108-f23c-4bf5-aab9-27382ba12462,disfuncion_ejecutiva,"[""bajar luces"", ""mismo cierre"", ""microacciones"", ""pausa breve""]","[""demasiado ruido"", ""cambio brusco"", ""apurar demasiado"", ""gritar""]",0.44,6,2026-05-31T21:00:00,2026-05-06T21:00:00,2026-05-31T21:00:00
85368cea-f331-405d-a112-7e4629dd31e3,02402def-d911-468c-88fa-4a691bbb79d6,144b8108-f23c-4bf5-aab9-27382ba12462,sobrecarga_cuidador,[],"[""forzar explicación""]",0.24,1,2026-05-29T23:00:00,2026-04-09T23:00:00,2026-05-29T23:00:00
64cad1e6-167b-4d33-b43f-22a5fb9af81f,02402def-d911-468c-88fa-4a691bbb79d6,144b8108-f23c-4bf5-aab9-27382ba12462,crisis_activa,"[""una sola indicación"", ""mismo cierre"", ""anticipación"", ""dar tiempo""]","[""corregir en el pico"", ""gritar"", ""pantallas tarde"", ""demasiado ruido""]",0.32,3,2026-05-31T21:00:00,2026-04-02T21:00:00,2026-05-31T21:00:00
d6b04184-78dc-41c3-9e6f-ea20764c523a,02402def-d911-468c-88fa-4a691bbb79d6,144b8108-f23c-4bf5-aab9-27382ba12462,sobrecarga_sensorial,"[""microacciones"", ""bajar luces"", ""pausa breve""]","[""demasiado ruido"", ""presión escolar"", ""preguntar demasiado""]",0.24,1,2026-05-31T00:00:00,2026-05-03T00:00:00,2026-05-31T00:00:00
46ef9f66-31ad-4857-8bca-c52ac3eb8297,2ea957c5-c357-4641-b192-7d0aee77c7fa,c1021b7f-9f58-4490-8d7c-1055faa9f031,crisis_activa,"[""una sola indicación"", ""anticipación"", ""dar tiempo"", ""bajar luces""]","[""corregir en el pico"", ""gritar"", ""preguntar demasiado"", ""cambio brusco""]",0.36,4,2026-05-31T21:00:00,2026-04-03T21:00:00,2026-05-31T21:00:00
f9c7aab7-f417-47e7-967f-db7e1b74bf02,2ea957c5-c357-4641-b192-7d0aee77c7fa,c1021b7f-9f58-4490-8d7c-1055faa9f031,sobrecarga_cuidador,"[""microacciones"", ""menos palabras"", ""menos ruido"", ""una sola indicación""]","[""cambio brusco"", ""forzar explicación"", ""gritar"", ""apurar demasiado""]",0.44,6,2026-05-31T03:00:00,2026-03-16T03:00:00,2026-05-31T03:00:00
0aa471bf-61b9-4a51-b6af-652c940b86cf,2ea957c5-c357-4641-b192-7d0aee77c7fa,c1021b7f-9f58-4490-8d7c-1055faa9f031,disfuncion_ejecutiva,"[""anticipación"", ""pausa breve"", ""microacciones"", ""bajar luces""]","[""pantallas tarde"", ""apurar demasiado"", ""preguntar demasiado"", ""cambio brusco""]",0.32,3,2026-05-30T21:00:00,2026-05-08T21:00:00,2026-05-30T21:00:00
6fd71ccd-10a8-4713-a977-164b50decf6f,2ea957c5-c357-4641-b192-7d0aee77c7fa,c1021b7f-9f58-4490-8d7c-1055faa9f031,apoyo_general,"[""pausa breve"", ""anticipación"", ""microacciones"", ""dar tiempo""]","[""preguntar demasiado"", ""pantallas tarde"", ""cambio brusco"", ""corregir en el pico""]",0.36,4,2026-05-30T21:00:00,2026-04-22T21:00:00,2026-05-30T21:00:00
864683a9-0ad7-4525-acc7-44401157c728,2ea957c5-c357-4641-b192-7d0aee77c7fa,c1021b7f-9f58-4490-8d7c-1055faa9f031,sueno_regulacion,"[""menos ruido"", ""anticipación"", ""mismo cierre"", ""bajar luces""]","[""forzar explicación"", ""preguntar demasiado"", ""pantallas tarde""]",0.32,3,2026-05-28T21:00:00,2026-04-03T21:00:00,2026-05-28T21:00:00
119d1f1d-399e-40bd-9e1f-ce70652e6b19,2ea957c5-c357-4641-b192-7d0aee77c7fa,c1021b7f-9f58-4490-8d7c-1055faa9f031,transicion_rigidez,"[""microacciones"", ""una sola indicación"", ""menos ruido""]","[""presión escolar"", ""cambio brusco"", ""preguntar demasiado"", ""pantallas tarde""]",0.28,2,2026-05-29T01:00:00,2026-04-04T01:00:00,2026-05-29T01:00:00
da76548f-aef5-4576-90d0-41e6583a6ca3,2ea957c5-c357-4641-b192-7d0aee77c7fa,c1021b7f-9f58-4490-8d7c-1055faa9f031,sobrecarga_sensorial,"[""dar tiempo"", ""bajar luces"", ""microacciones""]","[""corregir en el pico""]",0.24,1,2026-05-30T21:00:00,2026-04-14T21:00:00,2026-05-30T21:00:00
341b24b2-9ff5-437a-93cf-58595b077769,f456d1d6-d329-4fdd-ad65-6e4c0ff245be,9bc90a2e-c000-4ed9-977e-d10a484bb8d8,apoyo_general,"[""validación"", ""una sola indicación"", ""menos palabras"", ""mismo cierre""]","[""corregir en el pico"", ""preguntar demasiado"", ""cambio brusco"", ""apurar demasiado""]",0.52,8,2026-05-31T21:00:00,2026-04-19T21:00:00,2026-05-31T21:00:00
5d2444a3-5938-4a0b-a615-70c8dcfe345d,f456d1d6-d329-4fdd-ad65-6e4c0ff245be,9bc90a2e-c000-4ed9-977e-d10a484bb8d8,crisis_activa,"[""menos palabras"", ""bajar luces"", ""validación"", ""anticipación""]","[""presión escolar"", ""cambio brusco"", ""gritar"", ""forzar explicación""]",0.32,3,2026-05-31T13:48:00,2026-03-21T13:48:00,2026-05-31T13:48:00
9c6a7898-966a-4b90-9a48-f7b11dece510,f456d1d6-d329-4fdd-ad65-6e4c0ff245be,9bc90a2e-c000-4ed9-977e-d10a484bb8d8,sueno_regulacion,"[""mismo cierre"", ""pausa breve"", ""una sola indicación"", ""anticipación""]","[""presión escolar"", ""apurar demasiado"", ""muchas instrucciones""]",0.32,3,2026-05-30T21:00:00,2026-05-01T21:00:00,2026-05-30T21:00:00
3f31b2b6-3744-4757-bc88-c0d02e856ed9,f456d1d6-d329-4fdd-ad65-6e4c0ff245be,9bc90a2e-c000-4ed9-977e-d10a484bb8d8,sobrecarga_sensorial,"[""mismo cierre"", ""validación"", ""menos ruido"", ""una sola indicación""]","[""demasiado ruido"", ""apurar demasiado"", ""corregir en el pico"", ""forzar explicación""]",0.32,3,2026-05-30T11:48:00,2026-05-05T11:48:00,2026-05-30T11:48:00
cbd6a64e-3898-47b6-a309-1036871486aa,f456d1d6-d329-4fdd-ad65-6e4c0ff245be,9bc90a2e-c000-4ed9-977e-d10a484bb8d8,transicion_rigidez,"[""menos palabras"", ""mismo cierre"", ""una sola indicación""]","[""demasiado ruido"", ""cambio brusco"", ""forzar explicación""]",0.28,2,2026-05-30T21:00:00,2026-04-10T21:00:00,2026-05-30T21:00:00
4f906b38-340e-49e2-88e6-8c6bb59e5e42,f456d1d6-d329-4fdd-ad65-6e4c0ff245be,9bc90a2e-c000-4ed9-977e-d10a484bb8d8,disfuncion_ejecutiva,"[""dar tiempo"", ""menos palabras"", ""menos ruido""]","[""gritar"", ""presión escolar""]",0.28,2,2026-05-31T19:13:00,2026-04-20T19:13:00,2026-05-31T19:13:00
7dc11345-ea82-4521-bf2a-1a09ecac2588,f456d1d6-d329-4fdd-ad65-6e4c0ff245be,9bc90a2e-c000-4ed9-977e-d10a484bb8d8,sobrecarga_cuidador,"[""validación"", ""mismo cierre"", ""dar tiempo"", ""bajar luces""]","[""gritar"", ""presión escolar"", ""cambio brusco"", ""demasiado ruido""]",0.28,2,2026-05-29T21:00:00,2026-03-19T21:00:00,2026-05-29T21:00:00
d6b03d9a-616b-4aa3-9c6a-803deb71d25b,b1620450-6abc-4812-a24e-6824cd8822e3,ed9b3593-cac7-4c26-966c-3e0dfc46d8e0,sueno_regulacion,"[""anticipación"", ""menos ruido"", ""validación"", ""mismo cierre""]","[""presión escolar"", ""demasiado ruido"", ""forzar explicación"", ""apurar demasiado""]",0.28,2,2026-05-31T21:00:00,2026-03-17T21:00:00,2026-05-31T21:00:00
9da9d7b2-44b6-4d6a-b61d-e623cc4f955e,b1620450-6abc-4812-a24e-6824cd8822e3,ed9b3593-cac7-4c26-966c-3e0dfc46d8e0,apoyo_general,"[""mismo cierre"", ""menos ruido"", ""una sola indicación"", ""dar tiempo""]","[""corregir en el pico"", ""cambio brusco"", ""pantallas tarde"", ""demasiado ruido""]",0.36,4,2026-05-31T03:00:00,2026-03-28T03:00:00,2026-05-31T03:00:00
47517c64-39d9-4c1b-9444-83bba655118f,b1620450-6abc-4812-a24e-6824cd8822e3,ed9b3593-cac7-4c26-966c-3e0dfc46d8e0,disfuncion_ejecutiva,"[""dar tiempo"", ""menos palabras"", ""una sola indicación"", ""anticipación""]","[""apurar demasiado"", ""demasiado ruido"", ""cambio brusco"", ""preguntar demasiado""]",0.36,4,2026-05-30T21:00:00,2026-04-26T21:00:00,2026-05-30T21:00:00
2a0e880b-0216-47df-94d5-23c8490a62b6,b1620450-6abc-4812-a24e-6824cd8822e3,ed9b3593-cac7-4c26-966c-3e0dfc46d8e0,transicion_rigidez,[],"[""muchas instrucciones"", ""pantallas tarde""]",0.24,1,2026-05-25T15:16:00,2026-04-28T15:16:00,2026-05-25T15:16:00
c3e758aa-750d-40eb-81df-d190a873e8e9,b1620450-6abc-4812-a24e-6824cd8822e3,ed9b3593-cac7-4c26-966c-3e0dfc46d8e0,sobrecarga_sensorial,"[""menos palabras"", ""microacciones"", ""pausa breve""]","[""gritar"", ""preguntar demasiado"", ""apurar demasiado"", ""cambio brusco""]",0.28,2,2026-05-27T21:00:00,2026-03-09T21:00:00,2026-05-27T21:00:00
d52fc54f-ee48-4e15-abcf-dabeb5675d7d,b1620450-6abc-4812-a24e-6824cd8822e3,ed9b3593-cac7-4c26-966c-3e0dfc46d8e0,sobrecarga_cuidador,"[""bajar luces"", ""validación"", ""una sola indicación"", ""menos ruido""]","[""corregir en el pico"", ""apurar demasiado"", ""pantallas tarde"", ""gritar""]",0.52,8,2026-05-31T21:00:00,2026-04-15T21:00:00,2026-05-31T21:00:00
373dbdec-610b-4132-8463-aa950a2fa050,b1620450-6abc-4812-a24e-6824cd8822e3,ed9b3593-cac7-4c26-966c-3e0dfc46d8e0,crisis_activa,"[""microacciones"", ""mismo cierre"", ""menos palabras"", ""pausa breve""]","[""demasiado ruido"", ""apurar demasiado"", ""preguntar demasiado"", ""gritar""]",0.28,2,2026-05-31T21:00:00,2026-03-30T21:00:00,2026-05-31T21:00:00
6d4b9f0e-8a65-4e2e-a374-f720219cb0f5,9ad4f651-17df-46a4-b1fe-3bed4ab1be88,d7537eb4-7689-4cbd-a0a0-236768b71ed5,sobrecarga_sensorial,"[""pausa breve"", ""una sola indicación""]","[""gritar"", ""preguntar demasiado"", ""presión escolar""]",0.24,1,2026-04-27T14:32:00,2026-04-06T14:32:00,2026-04-27T14:32:00
e17a9b05-b791-4969-9950-10dcc82f775d,9ad4f651-17df-46a4-b1fe-3bed4ab1be88,d7537eb4-7689-4cbd-a0a0-236768b71ed5,apoyo_general,"[""anticipación"", ""una sola indicación"", ""microacciones"", ""mismo cierre""]","[""demasiado ruido"", ""pantallas tarde"", ""muchas instrucciones"", ""forzar explicación""]",0.36,4,2026-05-31T21:00:00,2026-04-12T21:00:00,2026-05-31T21:00:00
bdd387f1-bfcb-46b9-9b65-5f2ab2820802,9ad4f651-17df-46a4-b1fe-3bed4ab1be88,d7537eb4-7689-4cbd-a0a0-236768b71ed5,sueno_regulacion,"[""anticipación"", ""menos ruido"", ""microacciones"", ""dar tiempo""]","[""pantallas tarde"", ""muchas instrucciones"", ""corregir en el pico"", ""preguntar demasiado""]",0.32,3,2026-05-31T21:00:00,2026-04-08T21:00:00,2026-05-31T21:00:00
c5738e2b-ad72-40f9-9e78-ea6da53972c2,9ad4f651-17df-46a4-b1fe-3bed4ab1be88,d7537eb4-7689-4cbd-a0a0-236768b71ed5,sobrecarga_cuidador,"[""bajar luces"", ""anticipación"", ""una sola indicación"", ""validación""]","[""muchas instrucciones"", ""pantallas tarde"", ""gritar"", ""demasiado ruido""]",0.32,3,2026-05-30T21:00:00,2026-05-07T21:00:00,2026-05-30T21:00:00
724b3c78-ef74-4a56-a105-f7da26f840dc,9ad4f651-17df-46a4-b1fe-3bed4ab1be88,d7537eb4-7689-4cbd-a0a0-236768b71ed5,transicion_rigidez,"[""dar tiempo"", ""mismo cierre"", ""pausa breve"", ""microacciones""]","[""corregir en el pico"", ""preguntar demasiado"", ""muchas instrucciones"", ""pantallas tarde""]",0.36,4,2026-05-31T21:00:00,2026-03-18T21:00:00,2026-05-31T21:00:00
3f8e3af9-b89e-4cc5-8592-20b23674b949,9ad4f651-17df-46a4-b1fe-3bed4ab1be88,d7537eb4-7689-4cbd-a0a0-236768b71ed5,disfuncion_ejecutiva,"[""bajar luces"", ""menos ruido"", ""mismo cierre"", ""una sola indicación""]","[""muchas instrucciones"", ""cambio brusco"", ""apurar demasiado"", ""preguntar demasiado""]",0.4,5,2026-05-30T23:00:00,2026-03-17T23:00:00,2026-05-30T23:00:00
033b2e03-2319-45f4-8048-646f1d5ce0e7,9ad4f651-17df-46a4-b1fe-3bed4ab1be88,d7537eb4-7689-4cbd-a0a0-236768b71ed5,crisis_activa,"[""microacciones"", ""dar tiempo""]","[""cambio brusco"", ""muchas instrucciones"", ""gritar"", ""preguntar demasiado""]",0.32,3,2026-05-28T02:00:00,2026-05-04T02:00:00,2026-05-28T02:00:00
700a703f-973c-4377-a1ae-99a36bd9a718,ab306618-f127-4631-9599-a5fc821c32e1,65e3b09b-efb4-479e-9658-7a6342ddad35,disfuncion_ejecutiva,"[""bajar luces"", ""menos palabras"", ""una sola indicación"", ""microacciones""]","[""demasiado ruido"", ""presión escolar"", ""cambio brusco"", ""gritar""]",0.32,3,2026-05-31T10:12:00,2026-04-30T10:12:00,2026-05-31T10:12:00
5d14a986-ed3c-4584-8354-4c4661868191,ab306618-f127-4631-9599-a5fc821c32e1,65e3b09b-efb4-479e-9658-7a6342ddad35,sobrecarga_sensorial,"[""una sola indicación"", ""validación"", ""anticipación"", ""dar tiempo""]","[""gritar"", ""apurar demasiado"", ""cambio brusco"", ""forzar explicación""]",0.32,3,2026-05-28T21:00:00,2026-04-11T21:00:00,2026-05-28T21:00:00
d8ccc5f9-7741-4f56-9e03-442b0580f4f2,ab306618-f127-4631-9599-a5fc821c32e1,65e3b09b-efb4-479e-9658-7a6342ddad35,apoyo_general,"[""microacciones"", ""menos ruido"", ""menos palabras"", ""bajar luces""]","[""muchas instrucciones"", ""forzar explicación"", ""pantallas tarde"", ""apurar demasiado""]",0.52,8,2026-05-31T21:00:00,2026-04-16T21:00:00,2026-05-31T21:00:00
91ad1b12-6af3-4e0b-b272-311e8f31e3a1,ab306618-f127-4631-9599-a5fc821c32e1,65e3b09b-efb4-479e-9658-7a6342ddad35,sueno_regulacion,"[""mismo cierre"", ""validación""]","[""pantallas tarde""]",0.24,1,2026-05-26T21:00:00,2026-03-30T21:00:00,2026-05-26T21:00:00
be7266d4-590e-4338-9d84-f1ca7d2a9ad5,ab306618-f127-4631-9599-a5fc821c32e1,65e3b09b-efb4-479e-9658-7a6342ddad35,crisis_activa,"[""una sola indicación"", ""pausa breve"", ""microacciones"", ""dar tiempo""]","[""apurar demasiado"", ""forzar explicación"", ""muchas instrucciones"", ""demasiado ruido""]",0.36,4,2026-05-31T21:00:00,2026-05-07T21:00:00,2026-05-31T21:00:00
0eb63e5b-01bc-42f9-8a2c-186c9b3d3cf0,ab306618-f127-4631-9599-a5fc821c32e1,65e3b09b-efb4-479e-9658-7a6342ddad35,sobrecarga_cuidador,"[""una sola indicación"", ""bajar luces""]","[""preguntar demasiado"", ""corregir en el pico""]",0.24,1,2026-05-26T21:00:00,2026-04-06T21:00:00,2026-05-26T21:00:00
47f72287-8ba3-495e-87e9-e8a5b5cafef6,ab306618-f127-4631-9599-a5fc821c32e1,65e3b09b-efb4-479e-9658-7a6342ddad35,transicion_rigidez,"[""validación"", ""menos palabras"", ""una sola indicación"", ""mismo cierre""]","[""muchas instrucciones"", ""cambio brusco"", ""gritar"", ""preguntar demasiado""]",0.32,3,2026-05-27T21:00:00,2026-03-26T21:00:00,2026-05-27T21:00:00
9fb42fee-ae11-4a53-8a25-6b3152d1eccf,9c2a10ba-73ab-498a-bb28-9e2c24174028,604286c4-a04c-44a4-ad7c-128826fc404e,sobrecarga_cuidador,"[""validación"", ""dar tiempo"", ""menos ruido"", ""microacciones""]","[""preguntar demasiado"", ""muchas instrucciones"", ""demasiado ruido"", ""pantallas tarde""]",0.32,3,2026-05-27T21:00:00,2026-04-22T21:00:00,2026-05-27T21:00:00
d44c4deb-0802-4a54-a513-9b3d5a4265b5,9c2a10ba-73ab-498a-bb28-9e2c24174028,604286c4-a04c-44a4-ad7c-128826fc404e,disfuncion_ejecutiva,"[""microacciones"", ""una sola indicación"", ""mismo cierre"", ""menos palabras""]","[""corregir en el pico"", ""cambio brusco"", ""demasiado ruido"", ""apurar demasiado""]",0.44,6,2026-05-31T21:00:00,2026-03-14T21:00:00,2026-05-31T21:00:00
2373fcba-1d2d-48d3-8a9d-0663f3c0d776,9c2a10ba-73ab-498a-bb28-9e2c24174028,604286c4-a04c-44a4-ad7c-128826fc404e,sobrecarga_sensorial,"[""validación"", ""menos palabras"", ""una sola indicación"", ""microacciones""]","[""corregir en el pico"", ""demasiado ruido"", ""muchas instrucciones"", ""apurar demasiado""]",0.36,4,2026-05-28T21:00:00,2026-03-13T21:00:00,2026-05-28T21:00:00
4ecf270a-6674-40ee-a141-27aa3b009344,9c2a10ba-73ab-498a-bb28-9e2c24174028,604286c4-a04c-44a4-ad7c-128826fc404e,transicion_rigidez,"[""validación"", ""bajar luces"", ""pausa breve""]","[""cambio brusco"", ""preguntar demasiado"", ""demasiado ruido"", ""apurar demasiado""]",0.28,2,2026-05-31T21:00:00,2026-04-01T21:00:00,2026-05-31T21:00:00
3cf098f3-4ce8-4c4d-b9d4-3e07d53ac90f,9c2a10ba-73ab-498a-bb28-9e2c24174028,604286c4-a04c-44a4-ad7c-128826fc404e,crisis_activa,"[""pausa breve"", ""validación"", ""anticipación"", ""una sola indicación""]","[""corregir en el pico"", ""pantallas tarde"", ""apurar demasiado"", ""forzar explicación""]",0.28,2,2026-05-31T02:00:00,2026-03-20T02:00:00,2026-05-31T02:00:00
84540f88-9bb4-4dfe-bd8a-68a502a19ff0,9c2a10ba-73ab-498a-bb28-9e2c24174028,604286c4-a04c-44a4-ad7c-128826fc404e,apoyo_general,"[""bajar luces"", ""dar tiempo"", ""una sola indicación"", ""anticipación""]","[""preguntar demasiado"", ""gritar"", ""apurar demasiado"", ""demasiado ruido""]",0.28,2,2026-05-29T03:00:00,2026-03-19T03:00:00,2026-05-29T03:00:00
1808b4ba-233c-47fd-90a8-d2537ce88bb1,9c2a10ba-73ab-498a-bb28-9e2c24174028,604286c4-a04c-44a4-ad7c-128826fc404e,sueno_regulacion,"[""menos ruido"", ""anticipación"", ""microacciones"", ""dar tiempo""]","[""forzar explicación"", ""preguntar demasiado"", ""muchas instrucciones"", ""cambio brusco""]",0.36,4,2026-05-29T23:00:00,2026-04-11T23:00:00,2026-05-29T23:00:00
26ed641f-0ff2-4cea-867d-666215566908,90ccd0d6-3e7a-4c76-a73d-cea459a63311,17165b6f-db22-42b7-8245-a62c01e8f413,sobrecarga_cuidador,"[""microacciones"", ""pausa breve"", ""mismo cierre"", ""anticipación""]","[""pantallas tarde"", ""apurar demasiado"", ""muchas instrucciones"", ""preguntar demasiado""]",0.36,4,2026-05-31T21:00:00,2026-04-12T21:00:00,2026-05-31T21:00:00
2d1f1cd5-a2ad-48b8-9f3b-1dee7bd75a7d,90ccd0d6-3e7a-4c76-a73d-cea459a63311,17165b6f-db22-42b7-8245-a62c01e8f413,disfuncion_ejecutiva,"[""dar tiempo"", ""menos ruido"", ""una sola indicación"", ""validación""]","[""gritar"", ""cambio brusco"", ""muchas instrucciones"", ""preguntar demasiado""]",0.44,6,2026-05-31T21:00:00,2026-03-18T21:00:00,2026-05-31T21:00:00
84a21085-02f5-4a7e-97ea-471d4aa59da7,90ccd0d6-3e7a-4c76-a73d-cea459a63311,17165b6f-db22-42b7-8245-a62c01e8f413,sueno_regulacion,"[""dar tiempo"", ""menos palabras"", ""menos ruido"", ""una sola indicación""]","[""cambio brusco"", ""corregir en el pico"", ""presión escolar""]",0.28,2,2026-05-30T01:00:00,2026-04-14T01:00:00,2026-05-30T01:00:00
8f4ab5c2-1b49-4283-b5f2-884b85b21a1c,90ccd0d6-3e7a-4c76-a73d-cea459a63311,17165b6f-db22-42b7-8245-a62c01e8f413,crisis_activa,"[""pausa breve"", ""dar tiempo"", ""bajar luces"", ""menos ruido""]","[""preguntar demasiado"", ""muchas instrucciones"", ""demasiado ruido"", ""presión escolar""]",0.32,3,2026-05-31T21:00:00,2026-04-18T21:00:00,2026-05-31T21:00:00
bd8120d8-8379-401b-b669-ea1ae41c8580,90ccd0d6-3e7a-4c76-a73d-cea459a63311,17165b6f-db22-42b7-8245-a62c01e8f413,transicion_rigidez,"[""mismo cierre"", ""una sola indicación""]","[""demasiado ruido"", ""apurar demasiado""]",0.24,1,2026-05-30T21:00:00,2026-04-23T21:00:00,2026-05-30T21:00:00
2223f05d-4104-42ad-bee6-8b0b649eee13,90ccd0d6-3e7a-4c76-a73d-cea459a63311,17165b6f-db22-42b7-8245-a62c01e8f413,apoyo_general,"[""mismo cierre"", ""menos palabras"", ""validación"", ""una sola indicación""]","[""apurar demasiado"", ""gritar"", ""muchas instrucciones"", ""corregir en el pico""]",0.4,5,2026-05-30T21:00:00,2026-03-11T21:00:00,2026-05-30T21:00:00
9c07a104-328d-4d81-adc0-4b12096b1e83,90ccd0d6-3e7a-4c76-a73d-cea459a63311,17165b6f-db22-42b7-8245-a62c01e8f413,sobrecarga_sensorial,"[""menos palabras"", ""anticipación"", ""mismo cierre""]","[""corregir en el pico"", ""presión escolar"", ""cambio brusco"", ""muchas instrucciones""]",0.28,2,2026-05-31T21:00:00,2026-04-06T21:00:00,2026-05-31T21:00:00
6718dc75-8962-452a-9370-373f0f2a57b7,fec8781c-6f6c-4fd9-b20f-dd2c47fc42d8,886a317a-246d-4502-a9e7-1673ef0b5817,sueno_regulacion,"[""menos palabras"", ""pausa breve"", ""dar tiempo"", ""anticipación""]","[""presión escolar""]",0.28,2,2026-05-30T00:00:00,2026-03-24T00:00:00,2026-05-30T00:00:00
54f0cd5d-1fd5-48aa-a9ea-72c361116aa3,fec8781c-6f6c-4fd9-b20f-dd2c47fc42d8,886a317a-246d-4502-a9e7-1673ef0b5817,disfuncion_ejecutiva,"[""menos ruido"", ""microacciones"", ""pausa breve"", ""una sola indicación""]","[""demasiado ruido"", ""preguntar demasiado"", ""apurar demasiado"", ""cambio brusco""]",0.44,6,2026-05-30T21:00:00,2026-03-23T21:00:00,2026-05-30T21:00:00
a1f4e8d6-e257-4905-851f-632eb4918811,fec8781c-6f6c-4fd9-b20f-dd2c47fc42d8,886a317a-246d-4502-a9e7-1673ef0b5817,sobrecarga_sensorial,"[""bajar luces"", ""pausa breve"", ""dar tiempo"", ""anticipación""]","[""apurar demasiado"", ""presión escolar"", ""forzar explicación"", ""corregir en el pico""]",0.36,4,2026-05-30T21:00:00,2026-05-09T21:00:00,2026-05-30T21:00:00
da69d1c0-003a-417d-b216-de9d6b6b7b99,fec8781c-6f6c-4fd9-b20f-dd2c47fc42d8,886a317a-246d-4502-a9e7-1673ef0b5817,apoyo_general,"[""dar tiempo"", ""una sola indicación"", ""validación"", ""bajar luces""]","[""presión escolar"", ""apurar demasiado"", ""gritar"", ""cambio brusco""]",0.36,4,2026-05-26T21:00:00,2026-04-25T21:00:00,2026-05-26T21:00:00
d7bb672f-2dfd-4d14-b39d-a4d76519d27e,fec8781c-6f6c-4fd9-b20f-dd2c47fc42d8,886a317a-246d-4502-a9e7-1673ef0b5817,sobrecarga_cuidador,"[""menos ruido""]","[""pantallas tarde"", ""cambio brusco"", ""demasiado ruido""]",0.24,1,2026-05-26T08:38:00,2026-04-08T08:38:00,2026-05-26T08:38:00
3e66d9ba-0d71-4eb6-972f-38b2d1a6c007,fec8781c-6f6c-4fd9-b20f-dd2c47fc42d8,886a317a-246d-4502-a9e7-1673ef0b5817,transicion_rigidez,"[""microacciones"", ""dar tiempo"", ""mismo cierre""]","[""cambio brusco"", ""gritar"", ""pantallas tarde"", ""preguntar demasiado""]",0.28,2,2026-05-31T21:00:00,2026-03-29T21:00:00,2026-05-31T21:00:00
7f8755b9-3152-46bf-bec8-b7e794e8eb19,fec8781c-6f6c-4fd9-b20f-dd2c47fc42d8,886a317a-246d-4502-a9e7-1673ef0b5817,crisis_activa,"[""menos palabras"", ""menos ruido"", ""una sola indicación"", ""microacciones""]","[""corregir en el pico"", ""apurar demasiado"", ""cambio brusco""]",0.36,4,2026-05-31T21:00:00,2026-05-05T21:00:00,2026-05-31T21:00:00
d96567ad-a087-43e4-9641-f0c42fa13dae,42b884fb-7576-4616-b9f1-0ba666a182be,00578b00-607d-44c6-8709-2b136f93b209,sobrecarga_cuidador,"[""microacciones"", ""una sola indicación"", ""bajar luces"", ""mismo cierre""]","[""gritar"", ""presión escolar"", ""corregir en el pico"", ""cambio brusco""]",0.32,3,2026-05-29T21:00:00,2026-04-05T21:00:00,2026-05-29T21:00:00
b0d60fc1-6709-47dd-9fbc-5dfe3e476cc5,42b884fb-7576-4616-b9f1-0ba666a182be,00578b00-607d-44c6-8709-2b136f93b209,transicion_rigidez,"[""menos palabras"", ""una sola indicación"", ""dar tiempo"", ""mismo cierre""]","[""pantallas tarde"", ""preguntar demasiado"", ""corregir en el pico"", ""apurar demasiado""]",0.32,3,2026-05-31T16:20:00,2026-05-03T16:20:00,2026-05-31T16:20:00
facd87c7-a030-4a60-8419-400e67f21950,42b884fb-7576-4616-b9f1-0ba666a182be,00578b00-607d-44c6-8709-2b136f93b209,apoyo_general,"[""bajar luces"", ""menos ruido"", ""validación"", ""mismo cierre""]","[""gritar"", ""forzar explicación"", ""corregir en el pico""]",0.28,2,2026-05-30T21:00:00,2026-04-20T21:00:00,2026-05-30T21:00:00
059294b8-3a95-4d5e-9673-aa926e77f27a,42b884fb-7576-4616-b9f1-0ba666a182be,00578b00-607d-44c6-8709-2b136f93b209,sueno_regulacion,"[""microacciones"", ""dar tiempo"", ""menos palabras""]","[""cambio brusco"", ""presión escolar"", ""demasiado ruido""]",0.28,2,2026-05-29T21:00:00,2026-04-20T21:00:00,2026-05-29T21:00:00
50237802-cb6f-452b-8b70-b2c008917c33,42b884fb-7576-4616-b9f1-0ba666a182be,00578b00-607d-44c6-8709-2b136f93b209,disfuncion_ejecutiva,"[""mismo cierre"", ""pausa breve"", ""anticipación"", ""menos ruido""]","[""cambio brusco"", ""demasiado ruido"", ""gritar"", ""corregir en el pico""]",0.4,5,2026-05-31T21:00:00,2026-03-29T21:00:00,2026-05-31T21:00:00
70f9b00d-b1b5-4d03-9dc0-dc3fda87267c,42b884fb-7576-4616-b9f1-0ba666a182be,00578b00-607d-44c6-8709-2b136f93b209,crisis_activa,"[""bajar luces"", ""pausa breve"", ""anticipación"", ""dar tiempo""]","[""muchas instrucciones"", ""pantallas tarde"", ""presión escolar"", ""demasiado ruido""]",0.36,4,2026-05-31T02:00:00,2026-04-23T02:00:00,2026-05-31T02:00:00
549ceafd-8ddd-4b5e-b207-8b9130c2819a,42b884fb-7576-4616-b9f1-0ba666a182be,00578b00-607d-44c6-8709-2b136f93b209,sobrecarga_sensorial,"[""una sola indicación"", ""bajar luces"", ""pausa breve"", ""validación""]","[""forzar explicación"", ""pantallas tarde"", ""demasiado ruido"", ""gritar""]",0.36,4,2026-05-31T21:00:00,2026-04-08T21:00:00,2026-05-31T21:00:00
330454fb-f784-491c-8b4a-47be300fdd4a,f2409a81-15e6-4ce2-8e78-63f4821f3d57,c9eac66c-3113-42a3-907c-1753b1267ef6,transicion_rigidez,"[""una sola indicación"", ""pausa breve"", ""bajar luces"", ""validación""]","[""pantallas tarde"", ""cambio brusco"", ""gritar"", ""apurar demasiado""]",0.36,4,2026-05-31T04:00:00,2026-03-21T04:00:00,2026-05-31T04:00:00
21f146b0-d19c-4a51-a549-dd9554f6bdec,f2409a81-15e6-4ce2-8e78-63f4821f3d57,c9eac66c-3113-42a3-907c-1753b1267ef6,crisis_activa,"[""dar tiempo"", ""menos palabras"", ""bajar luces"", ""validación""]","[""muchas instrucciones"", ""forzar explicación"", ""pantallas tarde"", ""gritar""]",0.4,5,2026-05-31T03:00:00,2026-05-03T03:00:00,2026-05-31T03:00:00
b71d801c-bbef-4b82-9029-68395f8f8898,f2409a81-15e6-4ce2-8e78-63f4821f3d57,c9eac66c-3113-42a3-907c-1753b1267ef6,sueno_regulacion,"[""bajar luces"", ""anticipación"", ""dar tiempo"", ""validación""]","[""corregir en el pico"", ""apurar demasiado"", ""demasiado ruido"", ""presión escolar""]",0.36,4,2026-05-31T21:00:00,2026-04-19T21:00:00,2026-05-31T21:00:00
40c486d0-b685-413f-b86c-4b134a36bf67,f2409a81-15e6-4ce2-8e78-63f4821f3d57,c9eac66c-3113-42a3-907c-1753b1267ef6,apoyo_general,"[""pausa breve"", ""bajar luces"", ""microacciones"", ""mismo cierre""]","[""demasiado ruido"", ""forzar explicación"", ""gritar"", ""pantallas tarde""]",0.36,4,2026-05-28T23:00:00,2026-03-28T23:00:00,2026-05-28T23:00:00
4a74644c-c98e-46f5-b532-f347ff2af355,f2409a81-15e6-4ce2-8e78-63f4821f3d57,c9eac66c-3113-42a3-907c-1753b1267ef6,sobrecarga_sensorial,"[""menos ruido"", ""menos palabras"", ""mismo cierre"", ""una sola indicación""]","[""cambio brusco"", ""demasiado ruido"", ""muchas instrucciones"", ""apurar demasiado""]",0.28,2,2026-05-26T21:00:00,2026-05-05T21:00:00,2026-05-26T21:00:00
6e0bc59c-868d-4a35-a83c-73bdcc6cdfb7,f2409a81-15e6-4ce2-8e78-63f4821f3d57,c9eac66c-3113-42a3-907c-1753b1267ef6,disfuncion_ejecutiva,"[""mismo cierre""]","[""corregir en el pico"", ""forzar explicación"", ""pantallas tarde""]",0.28,2,2026-05-26T21:00:00,2026-04-18T21:00:00,2026-05-26T21:00:00
0194438f-1836-464f-9352-5e54d9c497d6,f2409a81-15e6-4ce2-8e78-63f4821f3d57,c9eac66c-3113-42a3-907c-1753b1267ef6,sobrecarga_cuidador,"[""microacciones"", ""menos ruido""]","[""demasiado ruido"", ""pantallas tarde"", ""apurar demasiado"", ""gritar""]",0.28,2,2026-05-29T05:22:00,2026-04-04T05:22:00,2026-05-29T05:22:00
41bfcef3-731a-48f8-8dd9-6ba42e4148f6,10136bb0-b6e9-4690-9eb1-8592af5c8261,1cf9f982-625e-4269-8aac-0024c6423f5b,sueno_regulacion,[],"[""presión escolar""]",0.24,1,2026-04-26T13:23:00,2026-02-06T13:23:00,2026-04-26T13:23:00
be38f50a-2548-4bf8-bf3a-893af5cc0d2f,10136bb0-b6e9-4690-9eb1-8592af5c8261,1cf9f982-625e-4269-8aac-0024c6423f5b,sobrecarga_cuidador,"[""mismo cierre"", ""microacciones"", ""pausa breve"", ""dar tiempo""]","[""presión escolar"", ""cambio brusco"", ""gritar"", ""pantallas tarde""]",0.36,4,2026-05-31T08:36:00,2026-03-21T08:36:00,2026-05-31T08:36:00
86350796-44b1-46c0-853b-8c676cd34807,10136bb0-b6e9-4690-9eb1-8592af5c8261,1cf9f982-625e-4269-8aac-0024c6423f5b,sobrecarga_sensorial,"[""validación"", ""menos ruido"", ""anticipación"", ""mismo cierre""]","[""demasiado ruido"", ""presión escolar"", ""preguntar demasiado"", ""gritar""]",0.36,4,2026-05-30T21:00:00,2026-03-28T21:00:00,2026-05-30T21:00:00
40187c77-1a68-47c6-aac5-78da5ba23e16,10136bb0-b6e9-4690-9eb1-8592af5c8261,1cf9f982-625e-4269-8aac-0024c6423f5b,crisis_activa,"[""mismo cierre"", ""menos palabras"", ""microacciones"", ""una sola indicación""]","[""demasiado ruido"", ""apurar demasiado"", ""cambio brusco"", ""pantallas tarde""]",0.28,2,2026-05-29T21:00:00,2026-04-21T21:00:00,2026-05-29T21:00:00
eb36b3e1-f9eb-44a4-801f-a95fefba6824,10136bb0-b6e9-4690-9eb1-8592af5c8261,1cf9f982-625e-4269-8aac-0024c6423f5b,apoyo_general,"[""una sola indicación"", ""validación"", ""anticipación"", ""microacciones""]","[""cambio brusco"", ""demasiado ruido"", ""presión escolar"", ""forzar explicación""]",0.4,5,2026-05-31T21:00:00,2026-03-20T21:00:00,2026-05-31T21:00:00
9f90e811-4049-450b-9f75-6cdeacd88047,10136bb0-b6e9-4690-9eb1-8592af5c8261,1cf9f982-625e-4269-8aac-0024c6423f5b,disfuncion_ejecutiva,"[""menos ruido"", ""pausa breve"", ""anticipación"", ""microacciones""]","[""preguntar demasiado"", ""cambio brusco"", ""gritar"", ""demasiado ruido""]",0.36,4,2026-05-31T21:00:00,2026-04-17T21:00:00,2026-05-31T21:00:00
d8e00d96-1a33-4dde-bb64-a6c7977f08dc,10136bb0-b6e9-4690-9eb1-8592af5c8261,1cf9f982-625e-4269-8aac-0024c6423f5b,transicion_rigidez,"[""menos ruido"", ""anticipación"", ""bajar luces"", ""mismo cierre""]","[""preguntar demasiado"", ""gritar"", ""demasiado ruido"", ""corregir en el pico""]",0.32,3,2026-05-30T21:00:00,2026-04-21T21:00:00,2026-05-30T21:00:00
0881196c-6306-41d4-b277-1bce42c544c2,96d332ce-7cdb-4c78-9ee0-11f63858f2c3,cc8831f3-4d62-416a-9aab-95e329f386d4,sobrecarga_sensorial,"[""una sola indicación"", ""validación"", ""menos palabras""]","[""forzar explicación"", ""gritar"", ""corregir en el pico""]",0.28,2,2026-05-27T21:00:00,2026-04-26T21:00:00,2026-05-27T21:00:00
012d305a-a7ae-43d2-ad5a-080fc7a57a39,96d332ce-7cdb-4c78-9ee0-11f63858f2c3,cc8831f3-4d62-416a-9aab-95e329f386d4,transicion_rigidez,"[""menos palabras"", ""anticipación"", ""menos ruido"", ""una sola indicación""]","[""muchas instrucciones"", ""presión escolar"", ""demasiado ruido"", ""corregir en el pico""]",0.32,3,2026-05-31T21:00:00,2026-04-16T21:00:00,2026-05-31T21:00:00
34797d88-a906-4350-b8c6-d3731ca9e520,96d332ce-7cdb-4c78-9ee0-11f63858f2c3,cc8831f3-4d62-416a-9aab-95e329f386d4,crisis_activa,"[""validación"", ""bajar luces"", ""una sola indicación"", ""microacciones""]","[""corregir en el pico"", ""forzar explicación"", ""cambio brusco"", ""muchas instrucciones""]",0.4,5,2026-05-31T00:57:00,2026-05-01T00:57:00,2026-05-31T00:57:00
410b051a-cc0b-4419-b492-d3f63f0e50f6,96d332ce-7cdb-4c78-9ee0-11f63858f2c3,cc8831f3-4d62-416a-9aab-95e329f386d4,apoyo_general,"[""microacciones"", ""pausa breve"", ""menos palabras"", ""menos ruido""]","[""demasiado ruido"", ""preguntar demasiado"", ""cambio brusco"", ""corregir en el pico""]",0.44,6,2026-05-31T21:00:00,2026-03-28T21:00:00,2026-05-31T21:00:00
c5210c4d-c68d-4dbc-b6c1-969ecf918cb7,96d332ce-7cdb-4c78-9ee0-11f63858f2c3,cc8831f3-4d62-416a-9aab-95e329f386d4,sobrecarga_cuidador,"[""menos palabras"", ""anticipación"", ""microacciones""]","[""demasiado ruido"", ""preguntar demasiado"", ""muchas instrucciones"", ""cambio brusco""]",0.36,4,2026-05-29T21:00:00,2026-03-14T21:00:00,2026-05-29T21:00:00
e6cefde1-35fa-4d40-8515-bcd5ea09bed1,96d332ce-7cdb-4c78-9ee0-11f63858f2c3,cc8831f3-4d62-416a-9aab-95e329f386d4,disfuncion_ejecutiva,"[""menos palabras"", ""una sola indicación"", ""mismo cierre"", ""dar tiempo""]","[""gritar"", ""corregir en el pico"", ""pantallas tarde"", ""muchas instrucciones""]",0.32,3,2026-05-31T00:00:00,2026-04-09T00:00:00,2026-05-31T00:00:00
bec352cf-60e7-43af-9070-a5502f802c85,737e3281-f251-48ff-8371-77841448ee12,d3656810-3d5e-483e-a03f-c8a39ae699fb,sobrecarga_cuidador,"[""una sola indicación"", ""menos palabras"", ""microacciones"", ""pausa breve""]","[""corregir en el pico"", ""forzar explicación"", ""demasiado ruido"", ""pantallas tarde""]",0.44,6,2026-05-28T22:00:00,2026-03-13T22:00:00,2026-05-28T22:00:00
9c128c8d-44e1-4b7e-a2ba-6ffd6d7b174e,737e3281-f251-48ff-8371-77841448ee12,d3656810-3d5e-483e-a03f-c8a39ae699fb,crisis_activa,"[""anticipación"", ""menos ruido""]","[""forzar explicación""]",0.24,1,2026-05-04T15:09:00,2026-02-16T15:09:00,2026-05-04T15:09:00
08703c46-fbba-460b-add4-5759c49302b1,737e3281-f251-48ff-8371-77841448ee12,d3656810-3d5e-483e-a03f-c8a39ae699fb,apoyo_general,"[""validación"", ""menos palabras"", ""mismo cierre"", ""anticipación""]","[""cambio brusco"", ""muchas instrucciones"", ""apurar demasiado"", ""demasiado ruido""]",0.4,5,2026-05-29T22:00:00,2026-03-13T22:00:00,2026-05-29T22:00:00
9a0f4e6f-0f5a-4cc1-8bc9-55fd35f63725,737e3281-f251-48ff-8371-77841448ee12,d3656810-3d5e-483e-a03f-c8a39ae699fb,sobrecarga_sensorial,"[""pausa breve"", ""menos palabras"", ""una sola indicación"", ""menos ruido""]","[""apurar demasiado"", ""pantallas tarde"", ""demasiado ruido"", ""forzar explicación""]",0.4,5,2026-05-31T03:00:00,2026-03-26T03:00:00,2026-05-31T03:00:00
a3420467-c229-4557-8eeb-522127db00b9,737e3281-f251-48ff-8371-77841448ee12,d3656810-3d5e-483e-a03f-c8a39ae699fb,disfuncion_ejecutiva,"[""bajar luces"", ""dar tiempo"", ""una sola indicación"", ""validación""]","[""demasiado ruido"", ""apurar demasiado"", ""presión escolar"", ""pantallas tarde""]",0.32,3,2026-05-31T02:00:00,2026-04-27T02:00:00,2026-05-31T02:00:00
3da0a2bc-39f9-4272-80bf-413bcd0afadc,737e3281-f251-48ff-8371-77841448ee12,d3656810-3d5e-483e-a03f-c8a39ae699fb,transicion_rigidez,"[""validación"", ""microacciones"", ""bajar luces""]","[""presión escolar"", ""cambio brusco""]",0.24,1,2026-05-31T00:00:00,2026-03-24T00:00:00,2026-05-31T00:00:00
9e7548ac-0565-4e4b-8d57-a4f756c9a86a,737e3281-f251-48ff-8371-77841448ee12,d3656810-3d5e-483e-a03f-c8a39ae699fb,sueno_regulacion,"[""mismo cierre"", ""menos palabras"", ""una sola indicación""]","[""gritar"", ""apurar demasiado"", ""presión escolar"", ""preguntar demasiado""]",0.28,2,2026-05-28T21:00:00,2026-03-19T21:00:00,2026-05-28T21:00:00
d1a1c84d-dad6-4ed0-a1c6-40a3566988b9,70f51822-c0c4-44ce-a746-524de4602df6,3c7b81de-ea2c-4d84-a9a6-3560d9056695,sobrecarga_cuidador,"[""menos ruido"", ""microacciones"", ""bajar luces"", ""menos palabras""]","[""forzar explicación"", ""preguntar demasiado"", ""gritar"", ""corregir en el pico""]",0.36,4,2026-05-31T01:00:00,2026-04-02T01:00:00,2026-05-31T01:00:00
f8b96fc4-3464-4000-9a05-661099e59225,70f51822-c0c4-44ce-a746-524de4602df6,3c7b81de-ea2c-4d84-a9a6-3560d9056695,sobrecarga_sensorial,"[""microacciones"", ""anticipación"", ""validación"", ""mismo cierre""]","[""corregir en el pico"", ""apurar demasiado"", ""cambio brusco"", ""forzar explicación""]",0.4,5,2026-05-29T21:00:00,2026-05-07T21:00:00,2026-05-29T21:00:00
104e0950-3885-4015-adaa-39f7917914ae,70f51822-c0c4-44ce-a746-524de4602df6,3c7b81de-ea2c-4d84-a9a6-3560d9056695,disfuncion_ejecutiva,"[""pausa breve"", ""bajar luces"", ""microacciones""]","[""gritar"", ""apurar demasiado"", ""presión escolar"", ""corregir en el pico""]",0.32,3,2026-05-30T21:00:00,2026-03-28T21:00:00,2026-05-30T21:00:00
69e35689-65ee-4070-9daf-c27a2601188d,70f51822-c0c4-44ce-a746-524de4602df6,3c7b81de-ea2c-4d84-a9a6-3560d9056695,apoyo_general,"[""una sola indicación"", ""menos palabras"", ""anticipación"", ""validación""]","[""presión escolar"", ""cambio brusco"", ""forzar explicación"", ""gritar""]",0.36,4,2026-05-31T01:00:00,2026-04-08T01:00:00,2026-05-31T01:00:00
62fe4976-3948-4730-a973-70a5e4e5eb8a,70f51822-c0c4-44ce-a746-524de4602df6,3c7b81de-ea2c-4d84-a9a6-3560d9056695,crisis_activa,"[""microacciones"", ""menos palabras"", ""pausa breve""]","[""forzar explicación"", ""muchas instrucciones"", ""presión escolar""]",0.28,2,2026-05-29T23:00:00,2026-03-25T23:00:00,2026-05-29T23:00:00
239e3d82-1409-4145-9ec8-13f3fcef322a,70f51822-c0c4-44ce-a746-524de4602df6,3c7b81de-ea2c-4d84-a9a6-3560d9056695,transicion_rigidez,"[""pausa breve"", ""menos palabras"", ""validación""]","[""gritar"", ""forzar explicación"", ""presión escolar"", ""muchas instrucciones""]",0.32,3,2026-05-31T00:00:00,2026-03-23T00:00:00,2026-05-31T00:00:00
5dd21415-1501-42a4-8663-6b5772b72f7a,70f51822-c0c4-44ce-a746-524de4602df6,3c7b81de-ea2c-4d84-a9a6-3560d9056695,sueno_regulacion,"[""microacciones"", ""validación"", ""pausa breve"", ""dar tiempo""]","[""forzar explicación"", ""cambio brusco"", ""demasiado ruido"", ""pantallas tarde""]",0.28,2,2026-05-30T21:00:00,2026-03-31T21:00:00,2026-05-30T21:00:00
2c4c74a0-1b25-4da6-8d83-4c273fb0ec15,f8952b82-cc64-4e63-9fc4-80a847ac0170,a9a9ee6c-41c7-4fe2-9b8d-e282ff30ac29,apoyo_general,"[""validación"", ""una sola indicación"", ""menos palabras"", ""menos ruido""]","[""forzar explicación"", ""gritar"", ""preguntar demasiado"", ""presión escolar""]",0.44,6,2026-05-31T00:00:00,2026-05-02T00:00:00,2026-05-31T00:00:00
95e086b0-bfb9-4c31-873b-44140b6a9316,f8952b82-cc64-4e63-9fc4-80a847ac0170,a9a9ee6c-41c7-4fe2-9b8d-e282ff30ac29,sobrecarga_sensorial,"[""anticipación"", ""validación"", ""pausa breve"", ""menos ruido""]","[""cambio brusco"", ""forzar explicación"", ""demasiado ruido"", ""preguntar demasiado""]",0.44,6,2026-05-31T21:00:00,2026-05-06T21:00:00,2026-05-31T21:00:00
48c79ce4-c0ad-4496-bf3b-6f16e333412e,f8952b82-cc64-4e63-9fc4-80a847ac0170,a9a9ee6c-41c7-4fe2-9b8d-e282ff30ac29,disfuncion_ejecutiva,"[""una sola indicación"", ""dar tiempo""]","[""presión escolar"", ""cambio brusco"", ""corregir en el pico"", ""apurar demasiado""]",0.28,2,2026-05-31T21:00:00,2026-03-16T21:00:00,2026-05-31T21:00:00
ca6f68a7-2b79-49aa-b4c9-c2c97173a523,f8952b82-cc64-4e63-9fc4-80a847ac0170,a9a9ee6c-41c7-4fe2-9b8d-e282ff30ac29,sobrecarga_cuidador,"[""bajar luces"", ""pausa breve"", ""mismo cierre"", ""anticipación""]","[""corregir en el pico"", ""forzar explicación"", ""pantallas tarde"", ""preguntar demasiado""]",0.36,4,2026-05-31T21:00:00,2026-04-18T21:00:00,2026-05-31T21:00:00
a302bf4f-ed60-4a38-a4f6-ceb4f150eb59,f8952b82-cc64-4e63-9fc4-80a847ac0170,a9a9ee6c-41c7-4fe2-9b8d-e282ff30ac29,sueno_regulacion,"[""pausa breve"", ""anticipación"", ""menos palabras"", ""dar tiempo""]","[""presión escolar"", ""corregir en el pico""]",0.28,2,2026-05-27T21:00:00,2026-03-20T21:00:00,2026-05-27T21:00:00
ae731823-00ff-44ae-b866-8c47be911c27,f8952b82-cc64-4e63-9fc4-80a847ac0170,a9a9ee6c-41c7-4fe2-9b8d-e282ff30ac29,transicion_rigidez,"[""microacciones"", ""validación""]","[""forzar explicación"", ""corregir en el pico""]",0.24,1,2026-05-28T21:00:00,2026-03-31T21:00:00,2026-05-28T21:00:00
735ce7ca-6636-4115-8197-08770f37ee8e,f8952b82-cc64-4e63-9fc4-80a847ac0170,a9a9ee6c-41c7-4fe2-9b8d-e282ff30ac29,crisis_activa,"[""validación"", ""menos ruido""]","[""cambio brusco"", ""preguntar demasiado"", ""demasiado ruido"", ""muchas instrucciones""]",0.28,2,2026-05-27T22:00:00,2026-03-27T22:00:00,2026-05-27T22:00:00
c49a5870-38fa-4eb7-8b7b-580e694c9297,1b453eaf-89df-4ba9-ba16-41e59ec859c2,98be2530-bb59-4fed-a6c8-9847b11c97af,sueno_regulacion,"[""menos ruido"", ""pausa breve"", ""menos palabras"", ""microacciones""]","[""gritar"", ""muchas instrucciones"", ""demasiado ruido"", ""presión escolar""]",0.36,4,2026-05-30T21:00:00,2026-03-12T21:00:00,2026-05-30T21:00:00
bb41f375-3d47-4d11-b451-f26011283488,1b453eaf-89df-4ba9-ba16-41e59ec859c2,98be2530-bb59-4fed-a6c8-9847b11c97af,transicion_rigidez,"[""validación"", ""una sola indicación"", ""pausa breve"", ""microacciones""]","[""forzar explicación"", ""preguntar demasiado"", ""corregir en el pico"", ""gritar""]",0.32,3,2026-05-27T21:00:00,2026-04-06T21:00:00,2026-05-27T21:00:00
babc8eeb-3ac2-42b9-a164-e8921e2482fe,1b453eaf-89df-4ba9-ba16-41e59ec859c2,98be2530-bb59-4fed-a6c8-9847b11c97af,crisis_activa,"[""bajar luces"", ""una sola indicación"", ""validación"", ""microacciones""]","[""preguntar demasiado"", ""cambio brusco"", ""corregir en el pico"", ""demasiado ruido""]",0.36,4,2026-05-28T02:56:00,2026-04-08T02:56:00,2026-05-28T02:56:00
28cd8a65-8028-4d77-ac39-4587fd2461bc,1b453eaf-89df-4ba9-ba16-41e59ec859c2,98be2530-bb59-4fed-a6c8-9847b11c97af,disfuncion_ejecutiva,"[""menos ruido"", ""mismo cierre"", ""dar tiempo"", ""anticipación""]","[""demasiado ruido"", ""presión escolar"", ""corregir en el pico""]",0.28,2,2026-05-31T03:00:00,2026-05-01T03:00:00,2026-05-31T03:00:00
040c355f-f891-4fd0-b7e3-39db3159b29a,1b453eaf-89df-4ba9-ba16-41e59ec859c2,98be2530-bb59-4fed-a6c8-9847b11c97af,apoyo_general,"[""bajar luces"", ""microacciones"", ""menos palabras"", ""dar tiempo""]","[""pantallas tarde"", ""corregir en el pico"", ""muchas instrucciones"", ""gritar""]",0.36,4,2026-05-29T21:00:00,2026-03-20T21:00:00,2026-05-29T21:00:00
6d1fa665-2aea-43df-a8eb-cfe6a44dda77,1b453eaf-89df-4ba9-ba16-41e59ec859c2,98be2530-bb59-4fed-a6c8-9847b11c97af,sobrecarga_sensorial,"[""menos ruido"", ""bajar luces"", ""microacciones""]","[""cambio brusco"", ""demasiado ruido"", ""pantallas tarde"", ""gritar""]",0.32,3,2026-05-29T21:00:00,2026-04-23T21:00:00,2026-05-29T21:00:00
887852b1-6d2c-4967-bae8-c469b3563a31,1b453eaf-89df-4ba9-ba16-41e59ec859c2,98be2530-bb59-4fed-a6c8-9847b11c97af,sobrecarga_cuidador,"[""validación"", ""menos palabras"", ""bajar luces"", ""una sola indicación""]","[""gritar"", ""apurar demasiado"", ""forzar explicación"", ""cambio brusco""]",0.32,3,2026-05-31T21:00:00,2026-05-04T21:00:00,2026-05-31T21:00:00
80e90c2a-7a35-41b0-8f9a-a35f85c40358,eda20260-af71-41fb-a5b2-4750c8c3e247,30eeda2e-4275-43f0-84f3-6323f5425f5b,crisis_activa,"[""mismo cierre"", ""validación"", ""anticipación"", ""pausa breve""]","[""presión escolar"", ""pantallas tarde"", ""demasiado ruido"", ""corregir en el pico""]",0.44,6,2026-05-31T21:00:00,2026-03-18T21:00:00,2026-05-31T21:00:00
c017bd22-e240-4658-b83d-4472fca1f07b,eda20260-af71-41fb-a5b2-4750c8c3e247,30eeda2e-4275-43f0-84f3-6323f5425f5b,disfuncion_ejecutiva,"[""microacciones"", ""bajar luces"", ""pausa breve"", ""una sola indicación""]","[""apurar demasiado"", ""gritar"", ""presión escolar"", ""corregir en el pico""]",0.28,2,2026-05-28T13:40:00,2026-04-26T13:40:00,2026-05-28T13:40:00
6edaaa09-08d1-449a-a314-d1f928e8ac5f,eda20260-af71-41fb-a5b2-4750c8c3e247,30eeda2e-4275-43f0-84f3-6323f5425f5b,apoyo_general,"[""microacciones"", ""mismo cierre"", ""menos ruido"", ""dar tiempo""]","[""presión escolar"", ""preguntar demasiado"", ""apurar demasiado"", ""demasiado ruido""]",0.36,4,2026-05-31T21:00:00,2026-04-21T21:00:00,2026-05-31T21:00:00
652eaf17-f57a-48bb-afbe-6f9c885fa5a2,eda20260-af71-41fb-a5b2-4750c8c3e247,30eeda2e-4275-43f0-84f3-6323f5425f5b,transicion_rigidez,"[""bajar luces""]","[""corregir en el pico"", ""forzar explicación""]",0.28,2,2026-05-30T21:00:00,2026-03-27T21:00:00,2026-05-30T21:00:00
09de8871-3897-4fa2-be8f-a4d5d1a3fe43,eda20260-af71-41fb-a5b2-4750c8c3e247,30eeda2e-4275-43f0-84f3-6323f5425f5b,sobrecarga_sensorial,"[""menos ruido"", ""menos palabras"", ""bajar luces"", ""dar tiempo""]","[""cambio brusco"", ""apurar demasiado"", ""gritar"", ""forzar explicación""]",0.48,7,2026-05-31T21:00:00,2026-04-05T21:00:00,2026-05-31T21:00:00
6746df91-9fe4-4cdb-a403-f0b00fa6fec7,eda20260-af71-41fb-a5b2-4750c8c3e247,30eeda2e-4275-43f0-84f3-6323f5425f5b,sobrecarga_cuidador,"[""mismo cierre"", ""microacciones"", ""una sola indicación""]","[""muchas instrucciones"", ""pantallas tarde"", ""corregir en el pico""]",0.24,1,2026-05-26T21:00:00,2026-04-15T21:00:00,2026-05-26T21:00:00
953ad7c8-8a5d-410c-965a-f71b9d59d30c,eda20260-af71-41fb-a5b2-4750c8c3e247,30eeda2e-4275-43f0-84f3-6323f5425f5b,sueno_regulacion,"[""menos ruido"", ""pausa breve"", ""bajar luces""]","[""presión escolar"", ""demasiado ruido"", ""muchas instrucciones""]",0.24,1,2026-05-27T21:00:00,2026-03-12T21:00:00,2026-05-27T21:00:00
d7f3af74-b548-46d6-bc96-04e0e75677eb,64010efc-8274-49b5-81d5-b81ffa68199a,78df1dc7-ae73-47b0-8ba2-a5601d908644,sobrecarga_cuidador,"[""dar tiempo"", ""menos ruido"", ""una sola indicación"", ""validación""]","[""gritar"", ""cambio brusco"", ""presión escolar"", ""corregir en el pico""]",0.36,4,2026-05-27T21:00:00,2026-04-13T21:00:00,2026-05-27T21:00:00
1943c25d-d601-41d3-9223-03e9adc4731c,64010efc-8274-49b5-81d5-b81ffa68199a,78df1dc7-ae73-47b0-8ba2-a5601d908644,sueno_regulacion,"[""menos palabras"", ""validación"", ""anticipación"", ""microacciones""]","[""preguntar demasiado"", ""pantallas tarde"", ""presión escolar"", ""corregir en el pico""]",0.4,5,2026-05-31T10:15:00,2026-04-17T10:15:00,2026-05-31T10:15:00
4b6a22ba-2617-422e-93f0-6ebb8f3757c5,64010efc-8274-49b5-81d5-b81ffa68199a,78df1dc7-ae73-47b0-8ba2-a5601d908644,crisis_activa,"[""menos palabras"", ""menos ruido"", ""microacciones"", ""mismo cierre""]","[""corregir en el pico"", ""demasiado ruido"", ""gritar""]",0.28,2,2026-05-28T21:00:00,2026-05-05T21:00:00,2026-05-28T21:00:00
b4322ce9-ccc6-4d42-9526-55e22ced3d68,64010efc-8274-49b5-81d5-b81ffa68199a,78df1dc7-ae73-47b0-8ba2-a5601d908644,disfuncion_ejecutiva,"[""una sola indicación"", ""pausa breve"", ""mismo cierre"", ""menos palabras""]","[""forzar explicación"", ""gritar"", ""cambio brusco"", ""corregir en el pico""]",0.36,4,2026-05-31T03:00:00,2026-04-05T03:00:00,2026-05-31T03:00:00
ea04e64b-0f9f-4f05-87e6-a99e0c7462da,64010efc-8274-49b5-81d5-b81ffa68199a,78df1dc7-ae73-47b0-8ba2-a5601d908644,transicion_rigidez,"[""pausa breve"", ""anticipación""]","[""pantallas tarde"", ""apurar demasiado"", ""forzar explicación"", ""gritar""]",0.28,2,2026-05-31T21:00:00,2026-03-28T21:00:00,2026-05-31T21:00:00
4726e7c8-52a5-456b-aa95-3da40d37ff97,64010efc-8274-49b5-81d5-b81ffa68199a,78df1dc7-ae73-47b0-8ba2-a5601d908644,sobrecarga_sensorial,"[""bajar luces"", ""una sola indicación"", ""mismo cierre"", ""menos palabras""]","[""presión escolar"", ""muchas instrucciones"", ""gritar"", ""preguntar demasiado""]",0.4,5,2026-05-29T21:00:00,2026-04-22T21:00:00,2026-05-29T21:00:00
4da27122-a1ce-4161-8b54-2e8d05d46ccc,64010efc-8274-49b5-81d5-b81ffa68199a,78df1dc7-ae73-47b0-8ba2-a5601d908644,apoyo_general,"[""microacciones"", ""dar tiempo"", ""bajar luces""]","[""pantallas tarde"", ""presión escolar""]",0.24,1,2026-05-30T13:43:00,2026-04-23T13:43:00,2026-05-30T13:43:00
7c61e5cc-0d8e-4c19-b6ee-2eb3a05a38bd,a61e05b0-20cf-4dcf-9188-08a0454ffbc6,4384f166-3515-4e49-83c3-aa4ee400c240,sobrecarga_cuidador,"[""bajar luces""]","[""cambio brusco""]",0.24,1,2026-02-20T17:27:00,2026-01-01T17:27:00,2026-02-20T17:27:00
c25ed088-dc86-4982-b280-c8fc2299597d,a61e05b0-20cf-4dcf-9188-08a0454ffbc6,4384f166-3515-4e49-83c3-aa4ee400c240,transicion_rigidez,"[""anticipación"", ""una sola indicación""]","[""forzar explicación"", ""preguntar demasiado"", ""presión escolar""]",0.28,2,2026-05-26T21:00:00,2026-04-02T21:00:00,2026-05-26T21:00:00
e8844b70-8895-48fb-935c-5b15c8ec7b52,a61e05b0-20cf-4dcf-9188-08a0454ffbc6,4384f166-3515-4e49-83c3-aa4ee400c240,disfuncion_ejecutiva,"[""menos ruido"", ""menos palabras"", ""pausa breve"", ""bajar luces""]","[""preguntar demasiado"", ""gritar"", ""corregir en el pico"", ""muchas instrucciones""]",0.4,5,2026-05-31T21:00:00,2026-04-16T21:00:00,2026-05-31T21:00:00
38295d64-70af-4b33-af2b-e9eaa637e482,a61e05b0-20cf-4dcf-9188-08a0454ffbc6,4384f166-3515-4e49-83c3-aa4ee400c240,crisis_activa,"[""una sola indicación"", ""pausa breve"", ""mismo cierre"", ""bajar luces""]","[""demasiado ruido"", ""cambio brusco"", ""gritar"", ""preguntar demasiado""]",0.44,6,2026-05-30T01:00:00,2026-04-07T01:00:00,2026-05-30T01:00:00
3c2c59fa-36bb-4b63-b0f8-84781425b503,a61e05b0-20cf-4dcf-9188-08a0454ffbc6,4384f166-3515-4e49-83c3-aa4ee400c240,apoyo_general,"[""bajar luces"", ""mismo cierre"", ""menos palabras"", ""validación""]","[""demasiado ruido"", ""presión escolar"", ""forzar explicación"", ""cambio brusco""]",0.44,6,2026-05-28T21:00:00,2026-04-02T21:00:00,2026-05-28T21:00:00
c5a9bc6d-3c40-41e8-8ad0-a2014863863f,a61e05b0-20cf-4dcf-9188-08a0454ffbc6,4384f166-3515-4e49-83c3-aa4ee400c240,sueno_regulacion,"[""una sola indicación"", ""anticipación"", ""dar tiempo"", ""menos palabras""]","[""cambio brusco"", ""demasiado ruido"", ""apurar demasiado"", ""pantallas tarde""]",0.32,3,2026-05-31T21:00:00,2026-03-15T21:00:00,2026-05-31T21:00:00
969479f6-5f50-4c44-84b6-b38dd111c6da,46dc21de-eac2-4f76-aa5f-ea02c062fc46,05a8edf5-5b33-4d65-994d-f11a0c6a081b,apoyo_general,"[""dar tiempo"", ""bajar luces"", ""menos palabras"", ""microacciones""]","[""cambio brusco"", ""demasiado ruido"", ""apurar demasiado"", ""gritar""]",0.48,7,2026-05-31T21:00:00,2026-04-21T21:00:00,2026-05-31T21:00:00
60922ee1-a976-4660-a56b-7104b3cb3918,46dc21de-eac2-4f76-aa5f-ea02c062fc46,05a8edf5-5b33-4d65-994d-f11a0c6a081b,sobrecarga_cuidador,"[""menos palabras"", ""pausa breve"", ""menos ruido"", ""anticipación""]","[""corregir en el pico"", ""presión escolar"", ""cambio brusco"", ""pantallas tarde""]",0.4,5,2026-05-31T21:00:00,2026-03-27T21:00:00,2026-05-31T21:00:00
9d1528c8-f63c-47b4-bbe2-e06b52980569,46dc21de-eac2-4f76-aa5f-ea02c062fc46,05a8edf5-5b33-4d65-994d-f11a0c6a081b,sobrecarga_sensorial,"[""mismo cierre""]","[""presión escolar""]",0.24,1,2026-03-23T18:51:00,2026-03-02T18:51:00,2026-03-23T18:51:00
aad16dfd-0d4f-4b57-a8f3-df4fe43441ff,46dc21de-eac2-4f76-aa5f-ea02c062fc46,05a8edf5-5b33-4d65-994d-f11a0c6a081b,disfuncion_ejecutiva,"[""bajar luces"", ""menos palabras"", ""microacciones"", ""pausa breve""]","[""preguntar demasiado"", ""forzar explicación"", ""pantallas tarde"", ""cambio brusco""]",0.36,4,2026-05-31T21:00:00,2026-05-09T21:00:00,2026-05-31T21:00:00
d46bd2ff-734b-47e4-9cad-58f483dbb638,46dc21de-eac2-4f76-aa5f-ea02c062fc46,05a8edf5-5b33-4d65-994d-f11a0c6a081b,crisis_activa,"[""bajar luces""]","[""demasiado ruido"", ""presión escolar"", ""cambio brusco"", ""corregir en el pico""]",0.28,2,2026-05-30T22:00:00,2026-03-27T22:00:00,2026-05-30T22:00:00
b7ac5a43-5935-4718-bbb9-dc7a2bc0d7ee,46dc21de-eac2-4f76-aa5f-ea02c062fc46,05a8edf5-5b33-4d65-994d-f11a0c6a081b,sueno_regulacion,"[""microacciones"", ""mismo cierre"", ""pausa breve"", ""bajar luces""]","[""cambio brusco"", ""muchas instrucciones"", ""pantallas tarde"", ""gritar""]",0.32,3,2026-05-30T21:00:00,2026-03-17T21:00:00,2026-05-30T21:00:00
4a44b273-ea78-43c1-bd9e-90e84004da15,46dc21de-eac2-4f76-aa5f-ea02c062fc46,05a8edf5-5b33-4d65-994d-f11a0c6a081b,transicion_rigidez,"[""pausa breve""]","[""demasiado ruido""]",0.24,1,2026-05-31T21:00:00,2026-04-22T21:00:00,2026-05-31T21:00:00
adb4addb-c4ea-4885-b97f-61177d35f92a,99ecb23c-e421-411a-860e-300081713a9b,5edfb91a-d317-4931-8916-e508391bee7f,crisis_activa,"[""una sola indicación"", ""menos ruido"", ""dar tiempo"", ""bajar luces""]","[""apurar demasiado"", ""demasiado ruido"", ""cambio brusco"", ""gritar""]",0.36,4,2026-05-29T21:00:00,2026-04-06T21:00:00,2026-05-29T21:00:00
5a9f933a-69c1-4f16-8572-af432bcc56c4,99ecb23c-e421-411a-860e-300081713a9b,5edfb91a-d317-4931-8916-e508391bee7f,transicion_rigidez,"[""menos ruido"", ""pausa breve"", ""microacciones"", ""bajar luces""]","[""preguntar demasiado"", ""corregir en el pico"", ""muchas instrucciones"", ""apurar demasiado""]",0.28,2,2026-05-27T21:00:00,2026-03-12T21:00:00,2026-05-27T21:00:00
ccd9f4bd-6c33-4b6e-8ac4-98ff33c91e40,99ecb23c-e421-411a-860e-300081713a9b,5edfb91a-d317-4931-8916-e508391bee7f,sobrecarga_sensorial,"[""bajar luces"", ""una sola indicación"", ""menos ruido""]","[""cambio brusco"", ""preguntar demasiado"", ""corregir en el pico"", ""forzar explicación""]",0.36,4,2026-05-31T01:00:00,2026-04-21T01:00:00,2026-05-31T01:00:00
9867532b-eb74-4a09-bde2-c1b34e23defb,99ecb23c-e421-411a-860e-300081713a9b,5edfb91a-d317-4931-8916-e508391bee7f,sueno_regulacion,"[""menos palabras"", ""bajar luces"", ""mismo cierre"", ""menos ruido""]","[""forzar explicación"", ""demasiado ruido"", ""cambio brusco"", ""corregir en el pico""]",0.48,7,2026-05-31T00:00:00,2026-04-02T00:00:00,2026-05-31T00:00:00
cd3cd65d-097f-4a65-a9a6-9f1e28a1b2dc,99ecb23c-e421-411a-860e-300081713a9b,5edfb91a-d317-4931-8916-e508391bee7f,disfuncion_ejecutiva,"[""bajar luces"", ""menos palabras"", ""validación"", ""pausa breve""]","[""muchas instrucciones"", ""gritar"", ""apurar demasiado"", ""demasiado ruido""]",0.32,3,2026-05-31T19:17:00,2026-04-14T19:17:00,2026-05-31T19:17:00
cfcd5498-13fa-4317-8be4-52858b280d32,99ecb23c-e421-411a-860e-300081713a9b,5edfb91a-d317-4931-8916-e508391bee7f,apoyo_general,"[""anticipación"", ""mismo cierre""]","[""corregir en el pico"", ""gritar"", ""demasiado ruido"", ""forzar explicación""]",0.28,2,2026-05-31T01:00:00,2026-03-16T01:00:00,2026-05-31T01:00:00
a29c658c-ca12-4e3e-8e23-d34b6f90eb5e,99ecb23c-e421-411a-860e-300081713a9b,5edfb91a-d317-4931-8916-e508391bee7f,sobrecarga_cuidador,"[""menos ruido"", ""pausa breve"", ""dar tiempo""]","[""muchas instrucciones"", ""preguntar demasiado""]",0.24,1,2026-05-31T21:00:00,2026-03-27T21:00:00,2026-05-31T21:00:00
0a98f6d7-60d0-42fc-bb37-3e3430025fac,09707de6-1df8-4d29-9a97-7072dc872ed8,83d3a31a-53bd-4cd9-93f1-ba0c5e9dd1ce,transicion_rigidez,"[""anticipación""]","[""forzar explicación""]",0.24,1,2026-04-08T14:50:00,2026-03-18T14:50:00,2026-04-08T14:50:00
d6321fb2-d530-49f0-b1eb-425bcbc21756,09707de6-1df8-4d29-9a97-7072dc872ed8,83d3a31a-53bd-4cd9-93f1-ba0c5e9dd1ce,apoyo_general,"[""dar tiempo"", ""menos ruido"", ""anticipación"", ""pausa breve""]","[""cambio brusco"", ""apurar demasiado"", ""gritar"", ""corregir en el pico""]",0.44,6,2026-05-31T21:00:00,2026-04-02T21:00:00,2026-05-31T21:00:00
d79ba1a3-d0b4-433a-ab76-27b9ba0cba22,09707de6-1df8-4d29-9a97-7072dc872ed8,83d3a31a-53bd-4cd9-93f1-ba0c5e9dd1ce,crisis_activa,"[""menos ruido"", ""anticipación"", ""dar tiempo"", ""validación""]","[""cambio brusco"", ""pantallas tarde"", ""corregir en el pico"", ""demasiado ruido""]",0.36,4,2026-05-30T21:00:00,2026-03-31T21:00:00,2026-05-30T21:00:00
5271dea8-278f-4c43-9681-b30b2230e810,09707de6-1df8-4d29-9a97-7072dc872ed8,83d3a31a-53bd-4cd9-93f1-ba0c5e9dd1ce,sobrecarga_cuidador,"[""microacciones"", ""menos palabras"", ""anticipación"", ""validación""]","[""muchas instrucciones"", ""forzar explicación"", ""cambio brusco"", ""corregir en el pico""]",0.44,6,2026-05-30T21:00:00,2026-04-02T21:00:00,2026-05-30T21:00:00
2fa8b55a-0740-45b0-bca2-ad76f105bb4f,09707de6-1df8-4d29-9a97-7072dc872ed8,83d3a31a-53bd-4cd9-93f1-ba0c5e9dd1ce,sobrecarga_sensorial,"[""pausa breve"", ""microacciones""]","[""presión escolar"", ""pantallas tarde"", ""apurar demasiado""]",0.28,2,2026-05-31T21:00:00,2026-04-14T21:00:00,2026-05-31T21:00:00
5826776b-4ec4-43c3-8ad6-82dcdb7f8b03,09707de6-1df8-4d29-9a97-7072dc872ed8,83d3a31a-53bd-4cd9-93f1-ba0c5e9dd1ce,sueno_regulacion,"[""pausa breve"", ""menos palabras""]","[""cambio brusco"", ""apurar demasiado"", ""muchas instrucciones"", ""forzar explicación""]",0.28,2,2026-05-30T21:00:00,2026-03-22T21:00:00,2026-05-30T21:00:00
224d59da-d1ff-4f8b-9c90-fc6286b74820,09707de6-1df8-4d29-9a97-7072dc872ed8,83d3a31a-53bd-4cd9-93f1-ba0c5e9dd1ce,disfuncion_ejecutiva,"[""menos palabras"", ""anticipación"", ""validación""]","[""apurar demasiado"", ""demasiado ruido"", ""forzar explicación"", ""presión escolar""]",0.28,2,2026-05-29T21:00:00,2026-03-17T21:00:00,2026-05-29T21:00:00
8a17a214-e425-44bb-9b61-78fc189d0eb6,b2b46724-77d7-4b33-98f3-2f3314298b1d,14f9edf8-4dd7-4289-b95d-3803241beb59,crisis_activa,"[""microacciones"", ""menos ruido"", ""menos palabras"", ""mismo cierre""]","[""apurar demasiado"", ""demasiado ruido"", ""preguntar demasiado"", ""muchas instrucciones""]",0.4,5,2026-05-30T21:00:00,2026-04-13T21:00:00,2026-05-30T21:00:00
0b7fe92e-4a1e-458d-b62c-885be3069678,b2b46724-77d7-4b33-98f3-2f3314298b1d,14f9edf8-4dd7-4289-b95d-3803241beb59,disfuncion_ejecutiva,"[""validación"", ""menos palabras"", ""microacciones"", ""anticipación""]","[""cambio brusco"", ""gritar"", ""pantallas tarde"", ""corregir en el pico""]",0.4,5,2026-05-29T21:00:00,2026-04-18T21:00:00,2026-05-29T21:00:00
39f56632-8fcd-4e89-b34a-31bc7065695d,b2b46724-77d7-4b33-98f3-2f3314298b1d,14f9edf8-4dd7-4289-b95d-3803241beb59,transicion_rigidez,"[""dar tiempo"", ""mismo cierre""]","[""cambio brusco"", ""forzar explicación""]",0.24,1,2026-05-14T21:09:00,2026-04-22T21:09:00,2026-05-14T21:09:00
b01f0a06-aef0-42c7-87d0-bdbbd285337d,b2b46724-77d7-4b33-98f3-2f3314298b1d,14f9edf8-4dd7-4289-b95d-3803241beb59,apoyo_general,"[""pausa breve"", ""una sola indicación"", ""bajar luces"", ""validación""]","[""apurar demasiado"", ""gritar"", ""cambio brusco"", ""preguntar demasiado""]",0.4,5,2026-05-31T21:00:00,2026-05-05T21:00:00,2026-05-31T21:00:00
0ea727d4-334e-495b-b261-b30b12aa1c94,b2b46724-77d7-4b33-98f3-2f3314298b1d,14f9edf8-4dd7-4289-b95d-3803241beb59,sobrecarga_cuidador,"[""microacciones"", ""una sola indicación"", ""menos palabras"", ""pausa breve""]","[""pantallas tarde"", ""corregir en el pico"", ""demasiado ruido"", ""apurar demasiado""]",0.32,3,2026-05-26T21:00:00,2026-05-05T21:00:00,2026-05-26T21:00:00
180a380a-aa8e-40b0-87d5-8ffa6382621d,b2b46724-77d7-4b33-98f3-2f3314298b1d,14f9edf8-4dd7-4289-b95d-3803241beb59,sobrecarga_sensorial,"[""una sola indicación"", ""validación""]","[""demasiado ruido"", ""corregir en el pico"", ""gritar""]",0.28,2,2026-05-31T08:35:00,2026-05-01T08:35:00,2026-05-31T08:35:00
68c31885-6f2f-4c74-8ce4-6c6b9bf3d0c6,b2b46724-77d7-4b33-98f3-2f3314298b1d,14f9edf8-4dd7-4289-b95d-3803241beb59,sueno_regulacion,"[""dar tiempo"", ""una sola indicación""]","[""cambio brusco"", ""preguntar demasiado"", ""demasiado ruido""]",0.28,2,2026-05-29T21:00:00,2026-04-21T21:00:00,2026-05-29T21:00:00
d2e97ac6-bd05-45b3-a3a7-465367a445b8,f02149f5-5b92-42ff-bd36-36371ef9748d,4ef9a153-f413-4797-bb0c-8acc42815338,crisis_activa,"[""una sola indicación"", ""menos palabras"", ""menos ruido"", ""anticipación""]","[""gritar"", ""preguntar demasiado"", ""forzar explicación"", ""cambio brusco""]",0.4,5,2026-05-31T04:02:00,2026-04-13T04:02:00,2026-05-31T04:02:00
5e354b6e-2771-478f-b378-7423c2b97ff2,f02149f5-5b92-42ff-bd36-36371ef9748d,4ef9a153-f413-4797-bb0c-8acc42815338,transicion_rigidez,"[""dar tiempo"", ""pausa breve"", ""validación""]","[""apurar demasiado"", ""gritar"", ""presión escolar"", ""forzar explicación""]",0.32,3,2026-05-28T02:00:00,2026-03-31T02:00:00,2026-05-28T02:00:00
6a145192-f4f9-45e4-aa36-e90673b0b5bd,f02149f5-5b92-42ff-bd36-36371ef9748d,4ef9a153-f413-4797-bb0c-8acc42815338,sobrecarga_sensorial,"[""una sola indicación"", ""anticipación"", ""pausa breve"", ""menos ruido""]","[""pantallas tarde"", ""demasiado ruido"", ""preguntar demasiado"", ""forzar explicación""]",0.36,4,2026-05-31T03:00:00,2026-03-28T03:00:00,2026-05-31T03:00:00
70debd5b-fbe3-4891-9be1-3a173c7e4022,f02149f5-5b92-42ff-bd36-36371ef9748d,4ef9a153-f413-4797-bb0c-8acc42815338,sobrecarga_cuidador,"[""bajar luces"", ""microacciones"", ""menos palabras"", ""validación""]","[""cambio brusco"", ""pantallas tarde"", ""apurar demasiado"", ""demasiado ruido""]",0.32,3,2026-05-29T21:00:00,2026-04-06T21:00:00,2026-05-29T21:00:00
ada28c49-4901-4dbc-92ac-d6722065e8a0,f02149f5-5b92-42ff-bd36-36371ef9748d,4ef9a153-f413-4797-bb0c-8acc42815338,disfuncion_ejecutiva,"[""bajar luces"", ""una sola indicación"", ""menos palabras"", ""dar tiempo""]","[""gritar"", ""apurar demasiado"", ""demasiado ruido"", ""corregir en el pico""]",0.32,3,2026-05-31T21:00:00,2026-04-28T21:00:00,2026-05-31T21:00:00
4d081d19-2c99-4063-a8e8-85ed4b30108f,f02149f5-5b92-42ff-bd36-36371ef9748d,4ef9a153-f413-4797-bb0c-8acc42815338,apoyo_general,"[""pausa breve"", ""menos palabras"", ""dar tiempo"", ""anticipación""]","[""cambio brusco"", ""gritar"", ""corregir en el pico"", ""forzar explicación""]",0.32,3,2026-05-31T21:00:00,2026-05-07T21:00:00,2026-05-31T21:00:00
d7eac8c1-b7bb-4341-9c41-95936875ec90,f02149f5-5b92-42ff-bd36-36371ef9748d,4ef9a153-f413-4797-bb0c-8acc42815338,sueno_regulacion,"[""anticipación"", ""microacciones"", ""menos ruido""]","[""gritar"", ""presión escolar"", ""pantallas tarde"", ""forzar explicación""]",0.28,2,2026-05-29T21:00:00,2026-03-26T21:00:00,2026-05-29T21:00:00
3a90ebef-d60b-4317-8326-01cc09f198f4,7ebf7a46-7d17-47c9-9d80-c79e8946139f,9d661ebf-df39-49ae-becd-35530429f0c4,sueno_regulacion,"[""menos palabras"", ""dar tiempo"", ""bajar luces""]","[""gritar"", ""presión escolar"", ""cambio brusco"", ""muchas instrucciones""]",0.32,3,2026-05-17T11:27:00,2026-03-23T11:27:00,2026-05-17T11:27:00
bc232ead-f025-4e0b-aa4a-bc98c6eec186,7ebf7a46-7d17-47c9-9d80-c79e8946139f,9d661ebf-df39-49ae-becd-35530429f0c4,sobrecarga_cuidador,"[""anticipación"", ""una sola indicación"", ""pausa breve"", ""bajar luces""]","[""apurar demasiado"", ""muchas instrucciones"", ""demasiado ruido"", ""cambio brusco""]",0.48,7,2026-05-30T21:00:00,2026-03-31T21:00:00,2026-05-30T21:00:00
1a8b006b-4004-4faa-940e-62612da31f1b,7ebf7a46-7d17-47c9-9d80-c79e8946139f,9d661ebf-df39-49ae-becd-35530429f0c4,crisis_activa,"[""validación"", ""anticipación"", ""mismo cierre"", ""una sola indicación""]","[""demasiado ruido"", ""forzar explicación""]",0.28,2,2026-05-31T01:27:00,2026-04-02T01:27:00,2026-05-31T01:27:00
add3c9f8-f10f-4293-a125-948d330ef712,7ebf7a46-7d17-47c9-9d80-c79e8946139f,9d661ebf-df39-49ae-becd-35530429f0c4,transicion_rigidez,"[""menos palabras"", ""mismo cierre"", ""microacciones"", ""pausa breve""]","[""apurar demasiado"", ""demasiado ruido"", ""cambio brusco"", ""preguntar demasiado""]",0.36,4,2026-05-31T01:00:00,2026-04-17T01:00:00,2026-05-31T01:00:00
a30fbfbe-715b-47a1-9ba5-7da7286ced5b,7ebf7a46-7d17-47c9-9d80-c79e8946139f,9d661ebf-df39-49ae-becd-35530429f0c4,disfuncion_ejecutiva,"[""dar tiempo"", ""microacciones"", ""menos palabras"", ""bajar luces""]","[""presión escolar"", ""preguntar demasiado"", ""cambio brusco"", ""apurar demasiado""]",0.32,3,2026-05-29T21:00:00,2026-04-18T21:00:00,2026-05-29T21:00:00
4ea09f0e-7896-42bb-994a-3f62bbc182b5,7ebf7a46-7d17-47c9-9d80-c79e8946139f,9d661ebf-df39-49ae-becd-35530429f0c4,apoyo_general,"[""una sola indicación"", ""dar tiempo""]","[""pantallas tarde"", ""presión escolar"", ""muchas instrucciones""]",0.24,1,2026-05-31T01:00:00,2026-03-23T01:00:00,2026-05-31T01:00:00
7bea6c61-65ce-48a2-837e-b380bacde1ad,7ebf7a46-7d17-47c9-9d80-c79e8946139f,9d661ebf-df39-49ae-becd-35530429f0c4,sobrecarga_sensorial,"[""validación"", ""dar tiempo"", ""bajar luces"", ""una sola indicación""]","[""demasiado ruido"", ""corregir en el pico"", ""apurar demasiado"", ""cambio brusco""]",0.32,3,2026-05-31T21:00:00,2026-05-06T21:00:00,2026-05-31T21:00:00
3e166dd5-89e7-4493-b882-ac78d150ff65,e85ba023-7ae6-4dd2-87de-c1a18a6cac5f,36dfbcf8-fa77-4bf7-b9d6-a9acea6252ae,sobrecarga_sensorial,"[""menos ruido"", ""anticipación"", ""validación"", ""dar tiempo""]","[""demasiado ruido""]",0.28,2,2026-05-30T21:00:00,2026-04-08T21:00:00,2026-05-30T21:00:00
1e720b74-9b72-4d76-8a67-15b8731085c4,e85ba023-7ae6-4dd2-87de-c1a18a6cac5f,36dfbcf8-fa77-4bf7-b9d6-a9acea6252ae,sobrecarga_cuidador,"[""bajar luces"", ""pausa breve"", ""dar tiempo"", ""microacciones""]","[""presión escolar"", ""gritar"", ""apurar demasiado"", ""demasiado ruido""]",0.4,5,2026-05-30T21:00:00,2026-04-23T21:00:00,2026-05-30T21:00:00
591ec4d5-f84b-4c3e-b4bf-4baa3ac3430a,e85ba023-7ae6-4dd2-87de-c1a18a6cac5f,36dfbcf8-fa77-4bf7-b9d6-a9acea6252ae,crisis_activa,"[""bajar luces"", ""menos palabras"", ""menos ruido"", ""dar tiempo""]","[""pantallas tarde"", ""muchas instrucciones"", ""gritar"", ""demasiado ruido""]",0.32,3,2026-05-28T21:00:00,2026-04-09T21:00:00,2026-05-28T21:00:00
f82cdcee-159d-4e73-8d62-b785d2059897,e85ba023-7ae6-4dd2-87de-c1a18a6cac5f,36dfbcf8-fa77-4bf7-b9d6-a9acea6252ae,apoyo_general,"[""dar tiempo"", ""anticipación"", ""validación"", ""microacciones""]","[""corregir en el pico"", ""demasiado ruido"", ""apurar demasiado"", ""muchas instrucciones""]",0.4,5,2026-05-31T21:00:00,2026-04-21T21:00:00,2026-05-31T21:00:00
a689ad88-91af-4463-ba30-f4f7286172b6,e85ba023-7ae6-4dd2-87de-c1a18a6cac5f,36dfbcf8-fa77-4bf7-b9d6-a9acea6252ae,transicion_rigidez,"[""menos palabras""]","[""muchas instrucciones"", ""apurar demasiado"", ""preguntar demasiado"", ""presión escolar""]",0.28,2,2026-05-31T02:18:00,2026-04-26T02:18:00,2026-05-31T02:18:00
2952c9c9-43b4-4abf-ad26-ee216c330bd8,e85ba023-7ae6-4dd2-87de-c1a18a6cac5f,36dfbcf8-fa77-4bf7-b9d6-a9acea6252ae,disfuncion_ejecutiva,"[""pausa breve"", ""microacciones"", ""menos ruido""]","[""forzar explicación"", ""gritar"", ""demasiado ruido"", ""corregir en el pico""]",0.32,3,2026-05-31T03:00:00,2026-04-26T03:00:00,2026-05-31T03:00:00
c8d88e80-51ef-47a3-8246-5beb0c55c20d,e85ba023-7ae6-4dd2-87de-c1a18a6cac5f,36dfbcf8-fa77-4bf7-b9d6-a9acea6252ae,sueno_regulacion,"[""una sola indicación"", ""mismo cierre"", ""menos ruido"", ""pausa breve""]","[""muchas instrucciones"", ""forzar explicación"", ""demasiado ruido""]",0.32,3,2026-05-31T21:00:00,2026-05-04T21:00:00,2026-05-31T21:00:00
2eb9fdad-bcb3-4dd9-8e1e-99f19398d254,446a34d6-1983-4346-b506-9d81d3f0a2af,606b9223-b376-4385-8fd9-daf90bdecd30,apoyo_general,"[""microacciones"", ""mismo cierre"", ""bajar luces"", ""pausa breve""]","[""corregir en el pico"", ""apurar demasiado""]",0.36,4,2026-05-28T21:00:00,2026-03-27T21:00:00,2026-05-28T21:00:00
6c104e36-029a-4d5e-9443-49f8e93fd5fa,446a34d6-1983-4346-b506-9d81d3f0a2af,606b9223-b376-4385-8fd9-daf90bdecd30,transicion_rigidez,[],"[""apurar demasiado""]",0.24,1,2026-05-06T20:53:00,2026-03-09T20:53:00,2026-05-06T20:53:00
faef942a-3c11-4ff6-9ed5-41ecaa0d4b71,446a34d6-1983-4346-b506-9d81d3f0a2af,606b9223-b376-4385-8fd9-daf90bdecd30,sobrecarga_sensorial,"[""mismo cierre"", ""una sola indicación"", ""menos palabras"", ""validación""]","[""apurar demasiado"", ""cambio brusco"", ""demasiado ruido"", ""corregir en el pico""]",0.36,4,2026-05-30T21:00:00,2026-04-03T21:00:00,2026-05-30T21:00:00
5930f2ef-9d4c-48b5-9a61-e78d77e6b7a2,446a34d6-1983-4346-b506-9d81d3f0a2af,606b9223-b376-4385-8fd9-daf90bdecd30,disfuncion_ejecutiva,"[""mismo cierre"", ""menos palabras"", ""pausa breve"", ""dar tiempo""]","[""corregir en el pico"", ""muchas instrucciones"", ""apurar demasiado"", ""presión escolar""]",0.32,3,2026-05-30T03:00:00,2026-05-09T03:00:00,2026-05-30T03:00:00
fc654d65-d77d-4b33-873f-b5a315fe2665,446a34d6-1983-4346-b506-9d81d3f0a2af,606b9223-b376-4385-8fd9-daf90bdecd30,sobrecarga_cuidador,"[""menos ruido"", ""validación"", ""mismo cierre"", ""pausa breve""]","[""pantallas tarde"", ""forzar explicación"", ""presión escolar"", ""cambio brusco""]",0.36,4,2026-05-31T00:23:00,2026-03-30T00:23:00,2026-05-31T00:23:00
1ac1cdca-eee8-4cfe-8973-941f3fff33c9,446a34d6-1983-4346-b506-9d81d3f0a2af,606b9223-b376-4385-8fd9-daf90bdecd30,crisis_activa,"[""microacciones"", ""una sola indicación"", ""menos ruido"", ""dar tiempo""]","[""corregir en el pico"", ""presión escolar"", ""preguntar demasiado"", ""pantallas tarde""]",0.36,4,2026-05-31T21:00:00,2026-04-19T21:00:00,2026-05-31T21:00:00
b7eb9731-dc2b-4adb-904e-bfbfcb1a2150,446a34d6-1983-4346-b506-9d81d3f0a2af,606b9223-b376-4385-8fd9-daf90bdecd30,sueno_regulacion,"[""una sola indicación"", ""microacciones"", ""dar tiempo"", ""pausa breve""]","[""presión escolar"", ""muchas instrucciones"", ""apurar demasiado"", ""corregir en el pico""]",0.32,3,2026-05-31T03:00:00,2026-03-15T03:00:00,2026-05-31T03:00:00
01b79e2b-e3c6-4634-9b09-ec2d85429b6f,94aaef6f-a2f1-45e9-a5ca-b272cf569981,cc35ab50-9b2e-4809-ba99-2cc0b6dea2ac,sobrecarga_sensorial,"[""una sola indicación"", ""menos ruido"", ""anticipación"", ""mismo cierre""]","[""apurar demasiado"", ""gritar"", ""demasiado ruido"", ""presión escolar""]",0.44,6,2026-05-30T21:00:00,2026-03-17T21:00:00,2026-05-30T21:00:00
f6adae3b-a001-44cd-87e8-129b98a80a2a,94aaef6f-a2f1-45e9-a5ca-b272cf569981,cc35ab50-9b2e-4809-ba99-2cc0b6dea2ac,apoyo_general,"[""dar tiempo"", ""una sola indicación"", ""microacciones"", ""mismo cierre""]","[""forzar explicación"", ""pantallas tarde"", ""demasiado ruido"", ""cambio brusco""]",0.36,4,2026-05-30T22:58:00,2026-03-19T22:58:00,2026-05-30T22:58:00
c21a53c3-9688-4499-9b82-0194257dbc3f,94aaef6f-a2f1-45e9-a5ca-b272cf569981,cc35ab50-9b2e-4809-ba99-2cc0b6dea2ac,disfuncion_ejecutiva,"[""menos ruido"", ""microacciones"", ""pausa breve"", ""validación""]","[""presión escolar"", ""apurar demasiado""]",0.28,2,2026-05-29T02:00:00,2026-03-17T02:00:00,2026-05-29T02:00:00
fa1be43e-f509-4b58-9b8a-846e0d96a46b,94aaef6f-a2f1-45e9-a5ca-b272cf569981,cc35ab50-9b2e-4809-ba99-2cc0b6dea2ac,sobrecarga_cuidador,"[""una sola indicación"", ""pausa breve""]","[""preguntar demasiado"", ""apurar demasiado"", ""muchas instrucciones""]",0.28,2,2026-05-31T21:00:00,2026-04-07T21:00:00,2026-05-31T21:00:00
8db5005b-def5-44a8-84ae-2ff69e0c70e5,94aaef6f-a2f1-45e9-a5ca-b272cf569981,cc35ab50-9b2e-4809-ba99-2cc0b6dea2ac,crisis_activa,"[""bajar luces""]","[""presión escolar"", ""pantallas tarde"", ""apurar demasiado"", ""corregir en el pico""]",0.32,3,2026-05-31T21:00:00,2026-04-11T21:00:00,2026-05-31T21:00:00
7a4db53b-1486-42f5-9f1c-8eed6ec3484d,94aaef6f-a2f1-45e9-a5ca-b272cf569981,cc35ab50-9b2e-4809-ba99-2cc0b6dea2ac,transicion_rigidez,"[""anticipación"", ""pausa breve"", ""dar tiempo"", ""mismo cierre""]","[""gritar"", ""forzar explicación"", ""demasiado ruido"", ""pantallas tarde""]",0.36,4,2026-05-31T21:00:00,2026-04-29T21:00:00,2026-05-31T21:00:00
ff0ab2a6-78e4-40e2-ae27-7b69a3409561,94aaef6f-a2f1-45e9-a5ca-b272cf569981,cc35ab50-9b2e-4809-ba99-2cc0b6dea2ac,sueno_regulacion,"[""dar tiempo"", ""pausa breve"", ""anticipación"", ""una sola indicación""]","[""presión escolar"", ""preguntar demasiado"", ""forzar explicación"", ""gritar""]",0.28,2,2026-05-28T22:00:00,2026-03-19T22:00:00,2026-05-28T22:00:00
b55588eb-2740-4ac2-94bb-41069471b35b,e3ddddfc-4a0b-40f7-b1be-d9b611d061b8,61a55e01-53f6-43e2-a1ae-b00cc20f0754,sobrecarga_sensorial,"[""mismo cierre"", ""una sola indicación"", ""dar tiempo"", ""pausa breve""]","[""apurar demasiado"", ""muchas instrucciones"", ""presión escolar"", ""demasiado ruido""]",0.36,4,2026-05-31T21:00:00,2026-04-13T21:00:00,2026-05-31T21:00:00
3a74a871-25f4-4129-a9cf-8dbb3bd46017,e3ddddfc-4a0b-40f7-b1be-d9b611d061b8,61a55e01-53f6-43e2-a1ae-b00cc20f0754,sueno_regulacion,"[""anticipación"", ""dar tiempo"", ""menos ruido""]","[""cambio brusco"", ""demasiado ruido"", ""gritar"", ""forzar explicación""]",0.32,3,2026-05-27T06:42:00,2026-04-02T06:42:00,2026-05-27T06:42:00
ea8c27ad-74cb-4b4d-89bd-bfeae3fe8de0,e3ddddfc-4a0b-40f7-b1be-d9b611d061b8,61a55e01-53f6-43e2-a1ae-b00cc20f0754,transicion_rigidez,"[""pausa breve""]","[""gritar"", ""apurar demasiado"", ""presión escolar""]",0.28,2,2026-05-30T21:00:00,2026-05-02T21:00:00,2026-05-30T21:00:00
11414c78-dc73-4e97-bff8-9660eb180bfa,e3ddddfc-4a0b-40f7-b1be-d9b611d061b8,61a55e01-53f6-43e2-a1ae-b00cc20f0754,apoyo_general,"[""menos palabras"", ""microacciones"", ""una sola indicación"", ""validación""]","[""corregir en el pico"", ""apurar demasiado"", ""muchas instrucciones"", ""demasiado ruido""]",0.32,3,2026-05-22T03:42:00,2026-03-03T03:42:00,2026-05-22T03:42:00
725ef1d3-9412-49a6-b18d-e582fa804d22,e3ddddfc-4a0b-40f7-b1be-d9b611d061b8,61a55e01-53f6-43e2-a1ae-b00cc20f0754,sobrecarga_cuidador,"[""una sola indicación""]","[""gritar"", ""presión escolar""]",0.24,1,2026-05-13T17:42:00,2026-04-07T17:42:00,2026-05-13T17:42:00
8c302fd1-98a9-4607-b2dc-14b17e0fc45b,e3ddddfc-4a0b-40f7-b1be-d9b611d061b8,61a55e01-53f6-43e2-a1ae-b00cc20f0754,crisis_activa,"[""menos ruido"", ""menos palabras"", ""dar tiempo"", ""una sola indicación""]","[""cambio brusco"", ""presión escolar"", ""apurar demasiado"", ""preguntar demasiado""]",0.36,4,2026-05-31T21:00:00,2026-04-19T21:00:00,2026-05-31T21:00:00
cf5ada94-f162-429b-9494-8b362f68a3c8,e3ddddfc-4a0b-40f7-b1be-d9b611d061b8,61a55e01-53f6-43e2-a1ae-b00cc20f0754,disfuncion_ejecutiva,"[""anticipación"", ""bajar luces"", ""pausa breve"", ""microacciones""]","[""corregir en el pico"", ""pantallas tarde"", ""preguntar demasiado"", ""forzar explicación""]",0.44,6,2026-05-31T21:00:00,2026-04-19T21:00:00,2026-05-31T21:00:00
3da142f0-3f01-4659-bf8e-824879905ef1,e2438e06-0d3b-4c87-aa75-6ebe7d19cf13,412b44c8-c162-4356-8a7e-e52046889169,transicion_rigidez,"[""menos palabras"", ""validación"", ""menos ruido"", ""bajar luces""]","[""preguntar demasiado"", ""demasiado ruido"", ""pantallas tarde"", ""cambio brusco""]",0.36,4,2026-05-31T03:21:00,2026-04-26T03:21:00,2026-05-31T03:21:00
a1863179-0d45-4c92-97f6-b9f679dd823d,e2438e06-0d3b-4c87-aa75-6ebe7d19cf13,412b44c8-c162-4356-8a7e-e52046889169,apoyo_general,"[""pausa breve"", ""menos palabras"", ""mismo cierre"", ""dar tiempo""]","[""gritar"", ""cambio brusco"", ""corregir en el pico"", ""forzar explicación""]",0.32,3,2026-05-25T21:21:00,2026-03-27T21:21:00,2026-05-25T21:21:00
e9b40c52-9132-45d4-9301-d6cf2b8216ba,e2438e06-0d3b-4c87-aa75-6ebe7d19cf13,412b44c8-c162-4356-8a7e-e52046889169,sobrecarga_sensorial,"[""menos palabras"", ""bajar luces"", ""anticipación"", ""dar tiempo""]","[""pantallas tarde"", ""gritar"", ""preguntar demasiado"", ""demasiado ruido""]",0.4,5,2026-05-30T03:00:00,2026-04-20T03:00:00,2026-05-30T03:00:00
848b8866-b0e5-4bac-bfc7-50be7aff7682,e2438e06-0d3b-4c87-aa75-6ebe7d19cf13,412b44c8-c162-4356-8a7e-e52046889169,sobrecarga_cuidador,"[""una sola indicación"", ""microacciones"", ""mismo cierre"", ""menos palabras""]","[""gritar"", ""presión escolar"", ""apurar demasiado"", ""cambio brusco""]",0.32,3,2026-05-28T21:00:00,2026-04-28T21:00:00,2026-05-28T21:00:00
ecdcd64c-7941-44dc-85d7-2bae54178d9a,e2438e06-0d3b-4c87-aa75-6ebe7d19cf13,412b44c8-c162-4356-8a7e-e52046889169,crisis_activa,"[""anticipación"", ""menos ruido"", ""pausa breve"", ""validación""]","[""corregir en el pico"", ""presión escolar"", ""muchas instrucciones"", ""gritar""]",0.4,5,2026-05-31T21:00:00,2026-04-23T21:00:00,2026-05-31T21:00:00
e8eb1cc0-569c-409e-9dc3-bbad1838e3bd,e2438e06-0d3b-4c87-aa75-6ebe7d19cf13,412b44c8-c162-4356-8a7e-e52046889169,disfuncion_ejecutiva,"[""menos ruido""]","[""apurar demasiado"", ""gritar"", ""muchas instrucciones"", ""forzar explicación""]",0.32,3,2026-05-30T21:00:00,2026-04-18T21:00:00,2026-05-30T21:00:00
706e0061-6480-4f2f-866d-87c3b719a5a2,bd6b0438-c122-4d21-bb40-ce665cc03fda,6fe5f52e-55c6-479b-994f-c5943a854e5c,sobrecarga_cuidador,"[""microacciones"", ""mismo cierre"", ""dar tiempo"", ""menos palabras""]","[""pantallas tarde"", ""presión escolar"", ""preguntar demasiado"", ""muchas instrucciones""]",0.52,8,2026-05-31T21:00:00,2026-05-04T21:00:00,2026-05-31T21:00:00
c12f8f58-f712-45d2-a8fd-c797d468476f,bd6b0438-c122-4d21-bb40-ce665cc03fda,6fe5f52e-55c6-479b-994f-c5943a854e5c,disfuncion_ejecutiva,"[""menos palabras"", ""dar tiempo"", ""bajar luces"", ""una sola indicación""]","[""apurar demasiado"", ""preguntar demasiado"", ""pantallas tarde"", ""muchas instrucciones""]",0.4,5,2026-05-30T21:00:00,2026-04-20T21:00:00,2026-05-30T21:00:00
6e6fdd31-f767-4bb8-8eb8-bc08c25f9f44,bd6b0438-c122-4d21-bb40-ce665cc03fda,6fe5f52e-55c6-479b-994f-c5943a854e5c,sobrecarga_sensorial,"[""validación""]","[""presión escolar"", ""cambio brusco""]",0.28,2,2026-05-30T21:00:00,2026-04-07T21:00:00,2026-05-30T21:00:00
2bc0d088-9175-483c-94d9-3df0c1b9e4b1,bd6b0438-c122-4d21-bb40-ce665cc03fda,6fe5f52e-55c6-479b-994f-c5943a854e5c,sueno_regulacion,"[""menos ruido"", ""mismo cierre"", ""validación""]","[""gritar"", ""presión escolar"", ""preguntar demasiado"", ""apurar demasiado""]",0.28,2,2026-05-30T03:00:00,2026-04-05T03:00:00,2026-05-30T03:00:00
e9dc4e4d-edf3-4490-8d3e-20be8f89558c,bd6b0438-c122-4d21-bb40-ce665cc03fda,6fe5f52e-55c6-479b-994f-c5943a854e5c,transicion_rigidez,"[""dar tiempo"", ""menos ruido""]","[""demasiado ruido"", ""presión escolar"", ""forzar explicación"", ""pantallas tarde""]",0.32,3,2026-05-28T21:00:00,2026-04-26T21:00:00,2026-05-28T21:00:00
7ac9d8fd-be12-4a16-bc3d-5d31be72cbaa,bd6b0438-c122-4d21-bb40-ce665cc03fda,6fe5f52e-55c6-479b-994f-c5943a854e5c,apoyo_general,"[""una sola indicación"", ""microacciones"", ""menos palabras"", ""anticipación""]","[""apurar demasiado"", ""pantallas tarde"", ""muchas instrucciones"", ""forzar explicación""]",0.32,3,2026-05-31T21:00:00,2026-03-18T21:00:00,2026-05-31T21:00:00
61b4e856-acee-4a7b-9078-ffe00c2890cc,072ed9fe-c0a3-43b9-b826-b59a6982bb38,1605fc27-e3e9-409d-82ea-a30ee646d5d8,sobrecarga_cuidador,"[""una sola indicación"", ""menos palabras"", ""menos ruido"", ""bajar luces""]","[""muchas instrucciones"", ""pantallas tarde"", ""demasiado ruido"", ""presión escolar""]",0.32,3,2026-05-30T21:00:00,2026-03-15T21:00:00,2026-05-30T21:00:00
e6feae42-b6a3-46e4-b3e0-313f19ee42d0,072ed9fe-c0a3-43b9-b826-b59a6982bb38,1605fc27-e3e9-409d-82ea-a30ee646d5d8,transicion_rigidez,"[""dar tiempo"", ""mismo cierre"", ""pausa breve""]","[""presión escolar"", ""cambio brusco"", ""forzar explicación"", ""gritar""]",0.32,3,2026-05-30T00:00:00,2026-03-19T00:00:00,2026-05-30T00:00:00
08828f29-bc8f-4ba4-938d-4c5e60cdd26a,072ed9fe-c0a3-43b9-b826-b59a6982bb38,1605fc27-e3e9-409d-82ea-a30ee646d5d8,sueno_regulacion,"[""microacciones"", ""dar tiempo"", ""una sola indicación"", ""validación""]","[""apurar demasiado"", ""corregir en el pico"", ""pantallas tarde"", ""preguntar demasiado""]",0.36,4,2026-05-30T21:00:00,2026-04-17T21:00:00,2026-05-30T21:00:00
a3945834-b8c5-4294-b96c-4e6e26f69e4f,072ed9fe-c0a3-43b9-b826-b59a6982bb38,1605fc27-e3e9-409d-82ea-a30ee646d5d8,disfuncion_ejecutiva,"[""bajar luces"", ""mismo cierre"", ""una sola indicación"", ""menos ruido""]","[""corregir en el pico"", ""pantallas tarde"", ""muchas instrucciones"", ""presión escolar""]",0.36,4,2026-05-31T21:00:00,2026-03-23T21:00:00,2026-05-31T21:00:00
822dbd0c-35a8-464f-8df1-8a59aa2a239b,072ed9fe-c0a3-43b9-b826-b59a6982bb38,1605fc27-e3e9-409d-82ea-a30ee646d5d8,crisis_activa,"[""pausa breve"", ""una sola indicación"", ""dar tiempo"", ""bajar luces""]","[""gritar"", ""presión escolar"", ""demasiado ruido"", ""muchas instrucciones""]",0.4,5,2026-05-31T21:00:00,2026-04-21T21:00:00,2026-05-31T21:00:00
9b63ac94-027d-4bc3-87bf-655ab57d6655,072ed9fe-c0a3-43b9-b826-b59a6982bb38,1605fc27-e3e9-409d-82ea-a30ee646d5d8,apoyo_general,"[""microacciones"", ""validación""]","[""muchas instrucciones"", ""forzar explicación"", ""preguntar demasiado"", ""corregir en el pico""]",0.32,3,2026-05-30T21:00:00,2026-04-27T21:00:00,2026-05-30T21:00:00
e782bbeb-541f-4a7a-9b4a-2bdfdcb74b8f,072ed9fe-c0a3-43b9-b826-b59a6982bb38,1605fc27-e3e9-409d-82ea-a30ee646d5d8,sobrecarga_sensorial,"[""bajar luces"", ""validación""]","[""presión escolar"", ""preguntar demasiado""]",0.24,1,2026-05-29T21:00:00,2026-04-07T21:00:00,2026-05-29T21:00:00
9e0ea631-d5bc-4fa9-b420-d9459c605811,ab4b3068-f7d4-48cb-a424-6bf4a51adb15,6518d857-de3c-46a6-9491-43b18b35fdf1,crisis_activa,"[""anticipación"", ""dar tiempo"", ""una sola indicación"", ""menos ruido""]","[""corregir en el pico"", ""pantallas tarde"", ""apurar demasiado"", ""gritar""]",0.44,6,2026-05-31T02:00:00,2026-04-28T02:00:00,2026-05-31T02:00:00
e3d6dcd0-4149-4a8c-936a-20848d5beab4,ab4b3068-f7d4-48cb-a424-6bf4a51adb15,6518d857-de3c-46a6-9491-43b18b35fdf1,sobrecarga_cuidador,"[""microacciones"", ""bajar luces"", ""mismo cierre"", ""menos palabras""]","[""preguntar demasiado"", ""cambio brusco"", ""demasiado ruido"", ""corregir en el pico""]",0.36,4,2026-05-29T23:00:00,2026-04-23T23:00:00,2026-05-29T23:00:00
e6995fa1-f829-4444-b81b-474bb2cffa35,ab4b3068-f7d4-48cb-a424-6bf4a51adb15,6518d857-de3c-46a6-9491-43b18b35fdf1,apoyo_general,"[""pausa breve"", ""anticipación"", ""menos ruido"", ""validación""]","[""pantallas tarde"", ""presión escolar"", ""corregir en el pico"", ""cambio brusco""]",0.32,3,2026-05-31T21:00:00,2026-05-07T21:00:00,2026-05-31T21:00:00
4d459026-eeb9-47f5-86dc-709d9c291147,ab4b3068-f7d4-48cb-a424-6bf4a51adb15,6518d857-de3c-46a6-9491-43b18b35fdf1,sobrecarga_sensorial,"[""microacciones""]","[""demasiado ruido"", ""pantallas tarde"", ""presión escolar"", ""preguntar demasiado""]",0.28,2,2026-05-29T21:00:00,2026-04-11T21:00:00,2026-05-29T21:00:00
4d2ca0d4-eb63-4279-a8ec-e6e2f44f8ef2,ab4b3068-f7d4-48cb-a424-6bf4a51adb15,6518d857-de3c-46a6-9491-43b18b35fdf1,sueno_regulacion,"[""pausa breve"", ""microacciones"", ""mismo cierre""]","[""preguntar demasiado"", ""apurar demasiado"", ""cambio brusco""]",0.28,2,2026-05-29T14:33:00,2026-04-29T14:33:00,2026-05-29T14:33:00
3bd08138-76d3-4b5a-9036-0db3d510160e,ab4b3068-f7d4-48cb-a424-6bf4a51adb15,6518d857-de3c-46a6-9491-43b18b35fdf1,disfuncion_ejecutiva,"[""menos ruido"", ""dar tiempo"", ""pausa breve"", ""una sola indicación""]","[""presión escolar"", ""apurar demasiado"", ""gritar"", ""corregir en el pico""]",0.4,5,2026-05-31T21:00:00,2026-03-28T21:00:00,2026-05-31T21:00:00
0dfc7c19-b697-4e38-a8bd-511349beff1d,ab4b3068-f7d4-48cb-a424-6bf4a51adb15,6518d857-de3c-46a6-9491-43b18b35fdf1,transicion_rigidez,"[""dar tiempo""]","[""presión escolar"", ""forzar explicación""]",0.24,1,2026-05-28T21:00:00,2026-05-05T21:00:00,2026-05-28T21:00:00
06ee995e-925b-4f60-8f29-5567da01d3a3,30eb0096-76ac-42b1-9a94-e49fe94619e0,661a8547-7f7c-462d-a2e6-2b1892b4799d,sobrecarga_sensorial,"[""una sola indicación"", ""anticipación"", ""menos palabras"", ""validación""]","[""presión escolar"", ""forzar explicación"", ""muchas instrucciones"", ""corregir en el pico""]",0.4,5,2026-05-29T21:00:00,2026-05-05T21:00:00,2026-05-29T21:00:00
b945aa22-718c-4b89-a2d5-5140a1a89867,30eb0096-76ac-42b1-9a94-e49fe94619e0,661a8547-7f7c-462d-a2e6-2b1892b4799d,crisis_activa,"[""menos ruido"", ""microacciones"", ""pausa breve"", ""menos palabras""]","[""presión escolar"", ""preguntar demasiado"", ""apurar demasiado"", ""corregir en el pico""]",0.36,4,2026-05-31T02:00:00,2026-04-23T02:00:00,2026-05-31T02:00:00
9e1c09b5-ee50-4976-a4a9-0e0ae669bd6b,30eb0096-76ac-42b1-9a94-e49fe94619e0,661a8547-7f7c-462d-a2e6-2b1892b4799d,sueno_regulacion,"[""una sola indicación"", ""anticipación"", ""menos palabras"", ""pausa breve""]","[""gritar"", ""pantallas tarde"", ""cambio brusco"", ""apurar demasiado""]",0.28,2,2026-05-27T21:00:00,2026-04-26T21:00:00,2026-05-27T21:00:00
143627eb-f2e1-4236-ba70-1e9324c65846,30eb0096-76ac-42b1-9a94-e49fe94619e0,661a8547-7f7c-462d-a2e6-2b1892b4799d,disfuncion_ejecutiva,"[""menos ruido"", ""bajar luces"", ""menos palabras"", ""dar tiempo""]","[""apurar demasiado"", ""pantallas tarde"", ""cambio brusco"", ""presión escolar""]",0.36,4,2026-05-30T23:00:00,2026-05-01T23:00:00,2026-05-30T23:00:00
b1e337b4-d43d-444c-b2a7-db85ef10ddac,30eb0096-76ac-42b1-9a94-e49fe94619e0,661a8547-7f7c-462d-a2e6-2b1892b4799d,transicion_rigidez,"[""microacciones"", ""validación"", ""pausa breve"", ""menos palabras""]","[""preguntar demasiado"", ""gritar"", ""presión escolar"", ""muchas instrucciones""]",0.32,3,2026-05-30T21:00:00,2026-03-28T21:00:00,2026-05-30T21:00:00
38854b1d-ae6b-480c-836c-f4cc6a8c3560,30eb0096-76ac-42b1-9a94-e49fe94619e0,661a8547-7f7c-462d-a2e6-2b1892b4799d,apoyo_general,"[""anticipación"", ""mismo cierre"", ""pausa breve"", ""una sola indicación""]","[""gritar"", ""cambio brusco"", ""forzar explicación"", ""apurar demasiado""]",0.36,4,2026-05-31T21:00:00,2026-05-10T21:00:00,2026-05-31T21:00:00
f1b68c68-a081-4cfd-b1ff-e80e1f232f45,30eb0096-76ac-42b1-9a94-e49fe94619e0,661a8547-7f7c-462d-a2e6-2b1892b4799d,sobrecarga_cuidador,"[""validación""]","[""forzar explicación""]",0.24,1,2026-05-28T21:00:00,2026-04-25T21:00:00,2026-05-28T21:00:00
ffd79a99-9edc-45a8-83dd-8c30fb6204a4,e9ada85e-2844-4621-91da-a234c1b65638,4745f2f7-c5a1-41a5-b0f6-3474eabfab13,sueno_regulacion,"[""anticipación"", ""bajar luces"", ""dar tiempo"", ""menos ruido""]","[""forzar explicación"", ""preguntar demasiado"", ""presión escolar"", ""muchas instrucciones""]",0.32,3,2026-05-30T21:00:00,2026-03-13T21:00:00,2026-05-30T21:00:00
e45cb5a9-1222-4ab6-be0b-10fac5fbea64,e9ada85e-2844-4621-91da-a234c1b65638,4745f2f7-c5a1-41a5-b0f6-3474eabfab13,sobrecarga_sensorial,"[""anticipación"", ""menos palabras"", ""validación"", ""mismo cierre""]","[""muchas instrucciones"", ""demasiado ruido"", ""apurar demasiado"", ""preguntar demasiado""]",0.44,6,2026-05-30T23:00:00,2026-04-26T23:00:00,2026-05-30T23:00:00
0b50a479-fb94-412f-9d1b-46ca8c8d8c41,e9ada85e-2844-4621-91da-a234c1b65638,4745f2f7-c5a1-41a5-b0f6-3474eabfab13,disfuncion_ejecutiva,"[""pausa breve"", ""microacciones"", ""mismo cierre"", ""una sola indicación""]","[""preguntar demasiado"", ""muchas instrucciones"", ""presión escolar""]",0.28,2,2026-05-29T21:00:00,2026-03-31T21:00:00,2026-05-29T21:00:00
f4b2cf02-eb39-4b73-b75a-29f66e698206,e9ada85e-2844-4621-91da-a234c1b65638,4745f2f7-c5a1-41a5-b0f6-3474eabfab13,sobrecarga_cuidador,"[""pausa breve"", ""bajar luces"", ""dar tiempo"", ""mismo cierre""]","[""preguntar demasiado"", ""muchas instrucciones"", ""forzar explicación"", ""pantallas tarde""]",0.4,5,2026-05-31T21:00:00,2026-05-07T21:00:00,2026-05-31T21:00:00
6119b854-584f-4c43-bfbf-4c30ac4714e3,e9ada85e-2844-4621-91da-a234c1b65638,4745f2f7-c5a1-41a5-b0f6-3474eabfab13,crisis_activa,"[""menos palabras"", ""anticipación"", ""bajar luces"", ""mismo cierre""]","[""corregir en el pico"", ""muchas instrucciones"", ""presión escolar"", ""gritar""]",0.36,4,2026-05-31T21:00:00,2026-05-03T21:00:00,2026-05-31T21:00:00
d3ebea7e-0da0-49d1-9f9b-053989f9c5be,e9ada85e-2844-4621-91da-a234c1b65638,4745f2f7-c5a1-41a5-b0f6-3474eabfab13,apoyo_general,"[""una sola indicación"", ""validación"", ""anticipación"", ""microacciones""]","[""apurar demasiado"", ""presión escolar"", ""gritar"", ""preguntar demasiado""]",0.28,2,2026-05-31T21:00:00,2026-03-18T21:00:00,2026-05-31T21:00:00
ee8e71ad-3b0f-40ea-9886-55b7d90119dd,e9ada85e-2844-4621-91da-a234c1b65638,4745f2f7-c5a1-41a5-b0f6-3474eabfab13,transicion_rigidez,"[""validación"", ""microacciones""]","[""demasiado ruido"", ""gritar""]",0.24,1,2026-05-28T21:00:00,2026-03-16T21:00:00,2026-05-28T21:00:00
d24824c6-7907-4456-b555-dea546447db4,8e2aa368-b3e0-4edd-b5be-89e4779573e4,15ccbd91-0e1e-4e1a-9ca2-1790cf8996ed,sobrecarga_sensorial,"[""validación"", ""bajar luces"", ""menos palabras"", ""pausa breve""]","[""gritar"", ""preguntar demasiado"", ""apurar demasiado""]",0.28,2,2026-05-26T21:00:00,2026-04-03T21:00:00,2026-05-26T21:00:00
8f36a717-0b3e-4dc9-b72c-b20839ebd5c2,8e2aa368-b3e0-4edd-b5be-89e4779573e4,15ccbd91-0e1e-4e1a-9ca2-1790cf8996ed,sueno_regulacion,"[""pausa breve"", ""anticipación"", ""microacciones"", ""menos palabras""]","[""muchas instrucciones"", ""forzar explicación"", ""presión escolar"", ""gritar""]",0.36,4,2026-05-31T20:51:00,2026-05-03T20:51:00,2026-05-31T20:51:00
0f0b063e-f7aa-481e-b308-e9c249ac5841,8e2aa368-b3e0-4edd-b5be-89e4779573e4,15ccbd91-0e1e-4e1a-9ca2-1790cf8996ed,crisis_activa,"[""menos ruido"", ""bajar luces"", ""anticipación"", ""validación""]","[""cambio brusco"", ""pantallas tarde"", ""apurar demasiado"", ""presión escolar""]",0.44,6,2026-05-31T04:00:00,2026-05-07T04:00:00,2026-05-31T04:00:00
1e38618a-87f1-4d77-a5b3-55b4ec3fe051,8e2aa368-b3e0-4edd-b5be-89e4779573e4,15ccbd91-0e1e-4e1a-9ca2-1790cf8996ed,apoyo_general,"[""dar tiempo"", ""validación""]","[""presión escolar"", ""muchas instrucciones"", ""demasiado ruido"", ""preguntar demasiado""]",0.28,2,2026-05-31T01:00:00,2026-04-07T01:00:00,2026-05-31T01:00:00
4b86e250-87bb-42ed-b12c-e4068523c252,8e2aa368-b3e0-4edd-b5be-89e4779573e4,15ccbd91-0e1e-4e1a-9ca2-1790cf8996ed,transicion_rigidez,"[""validación"", ""una sola indicación"", ""bajar luces""]","[""preguntar demasiado"", ""gritar"", ""pantallas tarde""]",0.24,1,2026-05-29T21:00:00,2026-04-28T21:00:00,2026-05-29T21:00:00
059f7525-c80e-4217-9c95-36439dc0a01b,8e2aa368-b3e0-4edd-b5be-89e4779573e4,15ccbd91-0e1e-4e1a-9ca2-1790cf8996ed,disfuncion_ejecutiva,"[""pausa breve"", ""validación"", ""anticipación"", ""menos palabras""]","[""muchas instrucciones"", ""cambio brusco"", ""forzar explicación"", ""pantallas tarde""]",0.44,6,2026-05-30T23:00:00,2026-05-07T23:00:00,2026-05-30T23:00:00
4dce04e3-16e2-48cd-a078-84e712dbabf8,8e2aa368-b3e0-4edd-b5be-89e4779573e4,15ccbd91-0e1e-4e1a-9ca2-1790cf8996ed,sobrecarga_cuidador,"[""dar tiempo"", ""menos palabras"", ""bajar luces""]","[""pantallas tarde"", ""corregir en el pico"", ""cambio brusco"", ""forzar explicación""]",0.28,2,2026-05-29T21:00:00,2026-03-30T21:00:00,2026-05-29T21:00:00
afcf860f-1507-494e-935a-d3f82f84f027,ee9766fe-c87e-4ecd-99e7-e21ebb4065ca,80bbf489-aa29-44a1-af15-8dcf6f66f075,sobrecarga_cuidador,"[""anticipación"", ""mismo cierre"", ""validación"", ""dar tiempo""]","[""gritar"", ""pantallas tarde"", ""demasiado ruido"", ""corregir en el pico""]",0.36,4,2026-05-30T01:51:00,2026-03-22T01:51:00,2026-05-30T01:51:00
e53d3552-5f09-4d59-bc8d-c9e6f8aef106,ee9766fe-c87e-4ecd-99e7-e21ebb4065ca,80bbf489-aa29-44a1-af15-8dcf6f66f075,sueno_regulacion,"[""pausa breve"", ""bajar luces""]","[""pantallas tarde"", ""demasiado ruido"", ""presión escolar""]",0.28,2,2026-04-19T15:33:00,2026-02-04T15:33:00,2026-04-19T15:33:00
7032c05f-0287-4f29-9acb-8ba949ccc0a2,ee9766fe-c87e-4ecd-99e7-e21ebb4065ca,80bbf489-aa29-44a1-af15-8dcf6f66f075,apoyo_general,"[""bajar luces"", ""una sola indicación"", ""menos ruido"", ""anticipación""]","[""muchas instrucciones"", ""gritar"", ""corregir en el pico"", ""presión escolar""]",0.36,4,2026-05-27T21:51:00,2026-03-22T21:51:00,2026-05-27T21:51:00
be5fc22f-5029-4a13-9ff9-e6566c49ef22,ee9766fe-c87e-4ecd-99e7-e21ebb4065ca,80bbf489-aa29-44a1-af15-8dcf6f66f075,sobrecarga_sensorial,"[""menos ruido"", ""menos palabras"", ""pausa breve"", ""microacciones""]","[""apurar demasiado"", ""preguntar demasiado"", ""corregir en el pico"", ""demasiado ruido""]",0.4,5,2026-05-31T21:00:00,2026-04-07T21:00:00,2026-05-31T21:00:00
5c87fa2a-b020-4c5c-81e0-5aad68f3a01a,ee9766fe-c87e-4ecd-99e7-e21ebb4065ca,80bbf489-aa29-44a1-af15-8dcf6f66f075,crisis_activa,"[""menos palabras"", ""anticipación"", ""bajar luces"", ""menos ruido""]","[""corregir en el pico"", ""muchas instrucciones"", ""demasiado ruido"", ""preguntar demasiado""]",0.4,5,2026-05-31T21:00:00,2026-03-27T21:00:00,2026-05-31T21:00:00
2d7bd05e-7bae-4273-8a3c-827589c6d917,ee9766fe-c87e-4ecd-99e7-e21ebb4065ca,80bbf489-aa29-44a1-af15-8dcf6f66f075,disfuncion_ejecutiva,"[""validación"", ""bajar luces"", ""menos palabras"", ""dar tiempo""]","[""muchas instrucciones"", ""apurar demasiado"", ""pantallas tarde"", ""gritar""]",0.28,2,2026-05-31T03:51:00,2026-04-18T03:51:00,2026-05-31T03:51:00
c13dea23-1c6f-4ee3-9c0d-9267b4e6f28d,ee9766fe-c87e-4ecd-99e7-e21ebb4065ca,80bbf489-aa29-44a1-af15-8dcf6f66f075,transicion_rigidez,"[""dar tiempo"", ""validación""]","[""pantallas tarde""]",0.24,1,2026-05-28T21:00:00,2026-04-20T21:00:00,2026-05-28T21:00:00
a92d35d0-ec78-42ba-a1d8-5f412c6a6596,9d13ab2f-5a88-4c3a-9c54-5b7175a03c58,32ad5b89-19bd-4701-a536-6dd041310a8e,sobrecarga_cuidador,"[""menos ruido"", ""pausa breve"", ""bajar luces"", ""una sola indicación""]","[""preguntar demasiado"", ""presión escolar"", ""apurar demasiado"", ""pantallas tarde""]",0.32,3,2026-05-27T21:00:00,2026-04-15T21:00:00,2026-05-27T21:00:00
c63cff76-3493-484a-95be-0d48172d02d0,9d13ab2f-5a88-4c3a-9c54-5b7175a03c58,32ad5b89-19bd-4701-a536-6dd041310a8e,apoyo_general,"[""dar tiempo"", ""bajar luces"", ""pausa breve"", ""mismo cierre""]","[""cambio brusco"", ""muchas instrucciones"", ""apurar demasiado"", ""gritar""]",0.44,6,2026-05-30T09:48:00,2026-03-12T09:48:00,2026-05-30T09:48:00
c22ec35a-81b3-499a-8d60-1c0de6e6614f,9d13ab2f-5a88-4c3a-9c54-5b7175a03c58,32ad5b89-19bd-4701-a536-6dd041310a8e,transicion_rigidez,"[""validación"", ""dar tiempo"", ""bajar luces""]","[""pantallas tarde"", ""demasiado ruido"", ""forzar explicación"", ""presión escolar""]",0.28,2,2026-05-30T21:00:00,2026-03-17T21:00:00,2026-05-30T21:00:00
aeb826fa-3ef7-40d1-83a4-2e53962c4d36,9d13ab2f-5a88-4c3a-9c54-5b7175a03c58,32ad5b89-19bd-4701-a536-6dd041310a8e,crisis_activa,"[""bajar luces"", ""mismo cierre"", ""validación"", ""pausa breve""]","[""presión escolar"", ""corregir en el pico"", ""apurar demasiado"", ""preguntar demasiado""]",0.48,7,2026-05-31T03:00:00,2026-04-16T03:00:00,2026-05-31T03:00:00
01905556-db9c-4f42-b994-d0d88fd292f3,9d13ab2f-5a88-4c3a-9c54-5b7175a03c58,32ad5b89-19bd-4701-a536-6dd041310a8e,disfuncion_ejecutiva,"[""dar tiempo"", ""menos ruido""]","[""pantallas tarde"", ""demasiado ruido"", ""presión escolar"", ""gritar""]",0.28,2,2026-05-31T21:00:00,2026-05-10T21:00:00,2026-05-31T21:00:00
a9eb826e-3abd-4511-b7d1-99e190b14d3d,9d13ab2f-5a88-4c3a-9c54-5b7175a03c58,32ad5b89-19bd-4701-a536-6dd041310a8e,sobrecarga_sensorial,"[""bajar luces"", ""pausa breve"", ""dar tiempo"", ""mismo cierre""]","[""presión escolar"", ""muchas instrucciones""]",0.28,2,2026-05-31T21:00:00,2026-03-29T21:00:00,2026-05-31T21:00:00
9d5f19a5-a537-4740-ae2c-70f55576955b,9d13ab2f-5a88-4c3a-9c54-5b7175a03c58,32ad5b89-19bd-4701-a536-6dd041310a8e,sueno_regulacion,"[""menos palabras"", ""anticipación"", ""dar tiempo""]","[""presión escolar"", ""muchas instrucciones""]",0.24,1,2026-05-30T22:00:00,2026-04-06T22:00:00,2026-05-30T22:00:00
95886b29-a3e6-4b44-98c6-0f0a06a2dc0e,664b32fe-66a8-43a7-ae6f-d6db18b24fff,0f8b7f3b-63ab-44ae-a2c2-fc9f0b10dde0,transicion_rigidez,"[""pausa breve"", ""dar tiempo"", ""menos palabras""]","[""corregir en el pico"", ""apurar demasiado"", ""demasiado ruido"", ""gritar""]",0.28,2,2026-04-30T03:40:00,2026-03-02T03:40:00,2026-04-30T03:40:00
37d8140e-1c50-4a7d-887d-7e21c414f3da,664b32fe-66a8-43a7-ae6f-d6db18b24fff,0f8b7f3b-63ab-44ae-a2c2-fc9f0b10dde0,crisis_activa,"[""validación"", ""dar tiempo"", ""microacciones"", ""pausa breve""]","[""presión escolar"", ""corregir en el pico"", ""demasiado ruido"", ""apurar demasiado""]",0.36,4,2026-05-31T06:00:00,2026-03-21T06:00:00,2026-05-31T06:00:00
cc5cff7f-5e04-4062-bffa-31cb790d6548,664b32fe-66a8-43a7-ae6f-d6db18b24fff,0f8b7f3b-63ab-44ae-a2c2-fc9f0b10dde0,sueno_regulacion,"[""menos palabras"", ""pausa breve"", ""una sola indicación"", ""bajar luces""]","[""gritar"", ""pantallas tarde"", ""demasiado ruido""]",0.32,3,2026-05-31T21:00:00,2026-04-27T21:00:00,2026-05-31T21:00:00
dce47b13-5b8a-435f-b784-3eec1a559aa1,664b32fe-66a8-43a7-ae6f-d6db18b24fff,0f8b7f3b-63ab-44ae-a2c2-fc9f0b10dde0,sobrecarga_sensorial,"[""pausa breve"", ""bajar luces"", ""validación"", ""dar tiempo""]","[""forzar explicación"", ""apurar demasiado"", ""corregir en el pico"", ""demasiado ruido""]",0.36,4,2026-05-26T21:00:00,2026-03-12T21:00:00,2026-05-26T21:00:00
22a6ab8b-895b-4697-9873-9f3b702b121c,664b32fe-66a8-43a7-ae6f-d6db18b24fff,0f8b7f3b-63ab-44ae-a2c2-fc9f0b10dde0,sobrecarga_cuidador,"[""mismo cierre"", ""bajar luces"", ""anticipación"", ""menos ruido""]","[""pantallas tarde"", ""forzar explicación"", ""corregir en el pico"", ""presión escolar""]",0.36,4,2026-05-31T09:39:00,2026-05-04T09:39:00,2026-05-31T09:39:00
2b0800a1-a107-4ad6-a8b5-2f68c024fecf,664b32fe-66a8-43a7-ae6f-d6db18b24fff,0f8b7f3b-63ab-44ae-a2c2-fc9f0b10dde0,disfuncion_ejecutiva,"[""menos ruido"", ""menos palabras"", ""microacciones""]","[""demasiado ruido"", ""corregir en el pico"", ""presión escolar""]",0.24,1,2026-05-30T21:00:00,2026-03-15T21:00:00,2026-05-30T21:00:00
8a594ccf-0d81-49a6-bea0-ee831bd8bab0,664b32fe-66a8-43a7-ae6f-d6db18b24fff,0f8b7f3b-63ab-44ae-a2c2-fc9f0b10dde0,apoyo_general,"[""bajar luces"", ""mismo cierre"", ""validación"", ""menos ruido""]","[""presión escolar"", ""muchas instrucciones"", ""cambio brusco"", ""preguntar demasiado""]",0.4,5,2026-05-31T21:00:00,2026-04-06T21:00:00,2026-05-31T21:00:00
b318f258-ad97-4365-a1d8-80752b71ab5d,e0b6bdac-0a4d-4c87-afd1-887f4475ad0a,860e2860-b0cf-4b22-9226-a248a3347de8,disfuncion_ejecutiva,"[""mismo cierre"", ""dar tiempo"", ""una sola indicación"", ""menos palabras""]","[""forzar explicación"", ""demasiado ruido"", ""gritar"", ""preguntar demasiado""]",0.48,7,2026-05-30T21:00:00,2026-03-11T21:00:00,2026-05-30T21:00:00
a72a8800-9173-4839-864c-95adbb3499a6,e0b6bdac-0a4d-4c87-afd1-887f4475ad0a,860e2860-b0cf-4b22-9226-a248a3347de8,sobrecarga_cuidador,"[""menos palabras"", ""validación"", ""menos ruido"", ""bajar luces""]","[""gritar"", ""presión escolar"", ""cambio brusco"", ""demasiado ruido""]",0.44,6,2026-05-30T17:13:00,2026-04-01T17:13:00,2026-05-30T17:13:00
c64d7a2c-2de7-42fa-ae9c-89ade6ed709f,e0b6bdac-0a4d-4c87-afd1-887f4475ad0a,860e2860-b0cf-4b22-9226-a248a3347de8,sueno_regulacion,"[""una sola indicación"", ""pausa breve"", ""validación""]","[""muchas instrucciones"", ""preguntar demasiado"", ""pantallas tarde"", ""presión escolar""]",0.28,2,2026-05-31T21:00:00,2026-04-29T21:00:00,2026-05-31T21:00:00
9ae03273-86db-47c7-a3ea-a112e9934c66,e0b6bdac-0a4d-4c87-afd1-887f4475ad0a,860e2860-b0cf-4b22-9226-a248a3347de8,crisis_activa,"[""menos palabras"", ""una sola indicación""]","[""pantallas tarde"", ""preguntar demasiado"", ""muchas instrucciones"", ""cambio brusco""]",0.32,3,2026-05-30T21:00:00,2026-04-05T21:00:00,2026-05-30T21:00:00
7a53fa47-dcc2-4762-aa73-05a59d4e7042,e0b6bdac-0a4d-4c87-afd1-887f4475ad0a,860e2860-b0cf-4b22-9226-a248a3347de8,apoyo_general,"[""microacciones"", ""dar tiempo"", ""mismo cierre"", ""menos palabras""]","[""cambio brusco"", ""pantallas tarde"", ""presión escolar"", ""gritar""]",0.32,3,2026-05-31T21:00:00,2026-03-24T21:00:00,2026-05-31T21:00:00
dfb09f2f-593a-4e47-b227-35d6ea3188dc,e0b6bdac-0a4d-4c87-afd1-887f4475ad0a,860e2860-b0cf-4b22-9226-a248a3347de8,sobrecarga_sensorial,"[""anticipación"", ""menos ruido"", ""microacciones"", ""pausa breve""]","[""preguntar demasiado"", ""corregir en el pico"", ""presión escolar"", ""demasiado ruido""]",0.28,2,2026-05-31T01:00:00,2026-04-16T01:00:00,2026-05-31T01:00:00
dcefadc0-3256-4525-a0b7-c7d009248193,8ed25ff7-a627-49a6-9386-c2adb93824c5,062b3329-cd6f-4fa8-a977-05390986dd7c,sobrecarga_cuidador,"[""menos ruido"", ""validación""]","[""gritar"", ""preguntar demasiado""]",0.28,2,2026-05-29T21:00:00,2026-04-23T21:00:00,2026-05-29T21:00:00
272b0bd3-62b2-4225-b81d-52c005d998a7,8ed25ff7-a627-49a6-9386-c2adb93824c5,062b3329-cd6f-4fa8-a977-05390986dd7c,crisis_activa,"[""anticipación"", ""bajar luces"", ""menos ruido"", ""microacciones""]","[""demasiado ruido"", ""corregir en el pico"", ""cambio brusco"", ""forzar explicación""]",0.48,7,2026-05-31T21:00:00,2026-04-30T21:00:00,2026-05-31T21:00:00
173ca8fd-24e1-4a82-87ba-7f849a873bb6,8ed25ff7-a627-49a6-9386-c2adb93824c5,062b3329-cd6f-4fa8-a977-05390986dd7c,sueno_regulacion,"[""una sola indicación"", ""microacciones"", ""menos ruido"", ""anticipación""]","[""forzar explicación"", ""gritar"", ""demasiado ruido"", ""presión escolar""]",0.32,3,2026-05-31T05:00:00,2026-05-04T05:00:00,2026-05-31T05:00:00
604cfbb9-651c-4eba-a2a5-17036e2de581,8ed25ff7-a627-49a6-9386-c2adb93824c5,062b3329-cd6f-4fa8-a977-05390986dd7c,transicion_rigidez,"[""anticipación"", ""una sola indicación"", ""validación"", ""menos palabras""]","[""preguntar demasiado"", ""forzar explicación"", ""gritar"", ""cambio brusco""]",0.32,3,2026-05-31T21:00:00,2026-03-28T21:00:00,2026-05-31T21:00:00
b46cbe56-1f79-4b88-9655-fdeee009631d,8ed25ff7-a627-49a6-9386-c2adb93824c5,062b3329-cd6f-4fa8-a977-05390986dd7c,disfuncion_ejecutiva,"[""bajar luces"", ""pausa breve"", ""microacciones"", ""menos ruido""]","[""forzar explicación"", ""preguntar demasiado"", ""muchas instrucciones"", ""apurar demasiado""]",0.32,3,2026-05-31T21:00:00,2026-04-26T21:00:00,2026-05-31T21:00:00
83584e08-75ec-41b4-827f-b9a5f80ab20e,8ed25ff7-a627-49a6-9386-c2adb93824c5,062b3329-cd6f-4fa8-a977-05390986dd7c,apoyo_general,"[""menos ruido"", ""microacciones"", ""una sola indicación"", ""pausa breve""]","[""apurar demasiado"", ""muchas instrucciones"", ""forzar explicación""]",0.32,3,2026-05-31T21:00:00,2026-04-03T21:00:00,2026-05-31T21:00:00
d82daeb8-7c25-4624-b3ff-33967e512887,8ed25ff7-a627-49a6-9386-c2adb93824c5,062b3329-cd6f-4fa8-a977-05390986dd7c,sobrecarga_sensorial,"[""anticipación"", ""pausa breve"", ""validación""]","[""pantallas tarde"", ""forzar explicación"", ""gritar"", ""corregir en el pico""]",0.28,2,2026-05-31T00:00:00,2026-03-12T00:00:00,2026-05-31T00:00:00
516489c1-6443-443a-9b3b-229926b66f22,ff591414-24af-483f-9adc-e46e5dabadc2,62c406f6-1666-426d-bdc3-61a6c1bba2ff,sobrecarga_sensorial,"[""validación"", ""una sola indicación"", ""pausa breve"", ""bajar luces""]","[""demasiado ruido"", ""forzar explicación"", ""presión escolar"", ""preguntar demasiado""]",0.4,5,2026-05-31T21:00:00,2026-04-14T21:00:00,2026-05-31T21:00:00
ace9b6fa-e582-4cea-8e73-ba9d122ce75c,ff591414-24af-483f-9adc-e46e5dabadc2,62c406f6-1666-426d-bdc3-61a6c1bba2ff,sueno_regulacion,"[""menos ruido"", ""pausa breve"", ""menos palabras""]","[""cambio brusco"", ""pantallas tarde"", ""corregir en el pico""]",0.24,1,2026-04-26T12:08:00,2026-03-19T12:08:00,2026-04-26T12:08:00
786c682a-dea6-4b3b-85e2-89d885349d3b,ff591414-24af-483f-9adc-e46e5dabadc2,62c406f6-1666-426d-bdc3-61a6c1bba2ff,sobrecarga_cuidador,"[""pausa breve"", ""dar tiempo"", ""menos palabras"", ""una sola indicación""]","[""forzar explicación"", ""cambio brusco"", ""corregir en el pico""]",0.28,2,2026-05-30T21:00:00,2026-05-04T21:00:00,2026-05-30T21:00:00
f1ac5b73-fd72-4f35-9ae4-b07e5ffcf1bc,ff591414-24af-483f-9adc-e46e5dabadc2,62c406f6-1666-426d-bdc3-61a6c1bba2ff,apoyo_general,"[""anticipación"", ""mismo cierre"", ""bajar luces"", ""menos ruido""]","[""gritar"", ""apurar demasiado"", ""pantallas tarde"", ""forzar explicación""]",0.44,6,2026-05-31T21:00:00,2026-03-31T21:00:00,2026-05-31T21:00:00
c82b5c13-567a-4c42-99d2-818ec83a539a,ff591414-24af-483f-9adc-e46e5dabadc2,62c406f6-1666-426d-bdc3-61a6c1bba2ff,crisis_activa,"[""dar tiempo"", ""mismo cierre"", ""menos ruido"", ""pausa breve""]","[""forzar explicación"", ""cambio brusco"", ""pantallas tarde"", ""gritar""]",0.36,4,2026-05-31T21:00:00,2026-03-21T21:00:00,2026-05-31T21:00:00
78413a74-18f8-4de6-b3ef-0d1f665dce40,ff591414-24af-483f-9adc-e46e5dabadc2,62c406f6-1666-426d-bdc3-61a6c1bba2ff,disfuncion_ejecutiva,"[""anticipación"", ""microacciones"", ""menos ruido"", ""bajar luces""]","[""presión escolar"", ""corregir en el pico"", ""gritar"", ""forzar explicación""]",0.36,4,2026-05-30T21:00:00,2026-03-16T21:00:00,2026-05-30T21:00:00
7568d85e-3e0d-44c9-a08f-80585d65a2bd,ff591414-24af-483f-9adc-e46e5dabadc2,62c406f6-1666-426d-bdc3-61a6c1bba2ff,transicion_rigidez,"[""menos ruido"", ""menos palabras"", ""anticipación""]","[""muchas instrucciones""]",0.24,1,2026-05-30T22:00:00,2026-04-28T22:00:00,2026-05-30T22:00:00
b5ac5aab-2284-42d8-9b17-00c8a62d78cb,e803708c-45f8-4bd5-b083-2df02e637f96,126d9767-84eb-4e26-82df-52489036f19b,sobrecarga_sensorial,"[""microacciones"", ""validación"", ""anticipación"", ""una sola indicación""]","[""gritar"", ""presión escolar"", ""pantallas tarde"", ""muchas instrucciones""]",0.44,6,2026-05-29T11:41:00,2026-03-28T11:41:00,2026-05-29T11:41:00
7785c213-04fc-4213-8233-8e8995e6f533,e803708c-45f8-4bd5-b083-2df02e637f96,126d9767-84eb-4e26-82df-52489036f19b,crisis_activa,"[""una sola indicación"", ""bajar luces"", ""menos palabras"", ""dar tiempo""]","[""corregir en el pico"", ""pantallas tarde"", ""cambio brusco"", ""apurar demasiado""]",0.36,4,2026-05-28T21:00:00,2026-04-01T21:00:00,2026-05-28T21:00:00
5d2938ce-c160-4c26-af72-42bdf3ac6427,e803708c-45f8-4bd5-b083-2df02e637f96,126d9767-84eb-4e26-82df-52489036f19b,apoyo_general,"[""validación"", ""pausa breve"", ""dar tiempo"", ""menos palabras""]","[""pantallas tarde"", ""muchas instrucciones"", ""preguntar demasiado"", ""demasiado ruido""]",0.36,4,2026-05-30T21:00:00,2026-05-09T21:00:00,2026-05-30T21:00:00
3b46c87b-4a4b-4cae-bb15-80d828f174bc,e803708c-45f8-4bd5-b083-2df02e637f96,126d9767-84eb-4e26-82df-52489036f19b,sobrecarga_cuidador,"[""microacciones"", ""validación"", ""bajar luces"", ""mismo cierre""]","[""cambio brusco"", ""apurar demasiado"", ""pantallas tarde"", ""forzar explicación""]",0.36,4,2026-05-28T21:00:00,2026-03-18T21:00:00,2026-05-28T21:00:00
160465d3-68c1-4834-a7eb-d4a9febf2000,e803708c-45f8-4bd5-b083-2df02e637f96,126d9767-84eb-4e26-82df-52489036f19b,disfuncion_ejecutiva,"[""validación"", ""bajar luces""]","[""corregir en el pico"", ""apurar demasiado"", ""pantallas tarde"", ""cambio brusco""]",0.32,3,2026-05-31T21:00:00,2026-03-24T21:00:00,2026-05-31T21:00:00
4811ea6e-269e-426b-af66-0b40d40b5645,e803708c-45f8-4bd5-b083-2df02e637f96,126d9767-84eb-4e26-82df-52489036f19b,transicion_rigidez,"[""microacciones"", ""dar tiempo"", ""una sola indicación""]","[""demasiado ruido"", ""cambio brusco"", ""muchas instrucciones"", ""gritar""]",0.28,2,2026-05-21T21:41:00,2026-03-08T21:41:00,2026-05-21T21:41:00
4c082704-e045-440a-bc51-c8f21493bea7,f4fcf803-cd18-4055-aa4f-bc62520b9e5e,f70911ab-afee-4287-8941-a083bba734a6,crisis_activa,"[""una sola indicación"", ""menos ruido"", ""menos palabras"", ""anticipación""]","[""muchas instrucciones"", ""apurar demasiado"", ""demasiado ruido"", ""corregir en el pico""]",0.36,4,2026-05-28T21:00:00,2026-04-23T21:00:00,2026-05-28T21:00:00
0bf1e477-3f97-4031-9318-8905a3bb356a,f4fcf803-cd18-4055-aa4f-bc62520b9e5e,f70911ab-afee-4287-8941-a083bba734a6,transicion_rigidez,"[""anticipación"", ""microacciones"", ""menos ruido"", ""bajar luces""]","[""muchas instrucciones"", ""preguntar demasiado"", ""gritar"", ""forzar explicación""]",0.44,6,2026-05-31T05:00:00,2026-03-26T05:00:00,2026-05-31T05:00:00
50edd05b-4a74-460e-bdf6-0f3c8da0e67d,f4fcf803-cd18-4055-aa4f-bc62520b9e5e,f70911ab-afee-4287-8941-a083bba734a6,sobrecarga_cuidador,"[""bajar luces"", ""microacciones"", ""dar tiempo"", ""menos ruido""]","[""forzar explicación"", ""apurar demasiado"", ""muchas instrucciones"", ""demasiado ruido""]",0.4,5,2026-05-31T01:00:00,2026-04-02T01:00:00,2026-05-31T01:00:00
e846c20a-7edd-4ef7-ad94-77596fa8a089,f4fcf803-cd18-4055-aa4f-bc62520b9e5e,f70911ab-afee-4287-8941-a083bba734a6,sobrecarga_sensorial,"[""pausa breve"", ""dar tiempo"", ""validación"", ""menos palabras""]","[""demasiado ruido"", ""preguntar demasiado"", ""pantallas tarde"", ""cambio brusco""]",0.36,4,2026-05-30T21:00:00,2026-03-18T21:00:00,2026-05-30T21:00:00
bdd86ac3-663b-418e-a098-59d975cd8f8b,f4fcf803-cd18-4055-aa4f-bc62520b9e5e,f70911ab-afee-4287-8941-a083bba734a6,apoyo_general,"[""validación"", ""pausa breve"", ""menos ruido"", ""dar tiempo""]","[""presión escolar"", ""gritar"", ""pantallas tarde"", ""demasiado ruido""]",0.32,3,2026-05-31T14:50:00,2026-04-09T14:50:00,2026-05-31T14:50:00
851e07aa-958e-493f-8d56-7609ff830489,f4fcf803-cd18-4055-aa4f-bc62520b9e5e,f70911ab-afee-4287-8941-a083bba734a6,disfuncion_ejecutiva,"[""pausa breve""]","[""corregir en el pico"", ""pantallas tarde"", ""apurar demasiado""]",0.24,1,2026-05-31T02:00:00,2026-03-17T02:00:00,2026-05-31T02:00:00
5fce148e-93c9-45b2-b04c-d4ebda325946,bd4e14da-8c94-40a5-91ff-905d841a2622,30244cf0-7fe1-4286-99d3-7df00999715e,apoyo_general,"[""anticipación"", ""pausa breve"", ""una sola indicación"", ""menos ruido""]","[""apurar demasiado"", ""pantallas tarde"", ""presión escolar"", ""corregir en el pico""]",0.48,7,2026-05-31T21:00:00,2026-03-20T21:00:00,2026-05-31T21:00:00
dbb92897-0c7d-4931-8b98-e4ef989bbfd5,bd4e14da-8c94-40a5-91ff-905d841a2622,30244cf0-7fe1-4286-99d3-7df00999715e,sobrecarga_cuidador,"[""mismo cierre"", ""una sola indicación"", ""menos palabras"", ""menos ruido""]","[""pantallas tarde"", ""gritar"", ""preguntar demasiado"", ""muchas instrucciones""]",0.36,4,2026-05-29T01:50:00,2026-04-02T01:50:00,2026-05-29T01:50:00
42a26543-f8be-441c-adca-ed76dc6c588f,bd4e14da-8c94-40a5-91ff-905d841a2622,30244cf0-7fe1-4286-99d3-7df00999715e,disfuncion_ejecutiva,"[""mismo cierre"", ""menos ruido"", ""validación""]","[""corregir en el pico"", ""forzar explicación""]",0.32,3,2026-05-31T21:00:00,2026-03-23T21:00:00,2026-05-31T21:00:00
9244bf4b-6340-477e-9c3c-b2724321b2db,bd4e14da-8c94-40a5-91ff-905d841a2622,30244cf0-7fe1-4286-99d3-7df00999715e,crisis_activa,"[""mismo cierre"", ""anticipación"", ""menos ruido"", ""una sola indicación""]","[""pantallas tarde"", ""muchas instrucciones"", ""demasiado ruido"", ""preguntar demasiado""]",0.36,4,2026-05-30T21:00:00,2026-03-17T21:00:00,2026-05-30T21:00:00
2e356cbf-fa27-48fd-b10d-9949e91fb25f,bd4e14da-8c94-40a5-91ff-905d841a2622,30244cf0-7fe1-4286-99d3-7df00999715e,sobrecarga_sensorial,"[""mismo cierre"", ""una sola indicación"", ""pausa breve"", ""microacciones""]","[""corregir en el pico"", ""cambio brusco"", ""pantallas tarde"", ""apurar demasiado""]",0.32,3,2026-05-31T00:00:00,2026-05-04T00:00:00,2026-05-31T00:00:00
6ec82480-dd81-4844-80e3-165ec57ea1b4,bd4e14da-8c94-40a5-91ff-905d841a2622,30244cf0-7fe1-4286-99d3-7df00999715e,sueno_regulacion,"[""menos palabras"", ""pausa breve"", ""anticipación""]","[""pantallas tarde"", ""presión escolar"", ""muchas instrucciones""]",0.24,1,2026-05-29T21:00:00,2026-05-09T21:00:00,2026-05-29T21:00:00
61ee2542-08b0-4d51-b530-56f49da5cd1e,bd4e14da-8c94-40a5-91ff-905d841a2622,30244cf0-7fe1-4286-99d3-7df00999715e,transicion_rigidez,"[""una sola indicación""]","[""gritar"", ""pantallas tarde"", ""forzar explicación""]",0.24,1,2026-05-29T21:00:00,2026-04-14T21:00:00,2026-05-29T21:00:00
a9bf91cd-fb98-41e5-93fb-02b968f7499c,2f0831f7-46b8-4d1d-94bb-ff66ae4b2391,b068fe13-f108-4132-9030-3edfae53af6c,transicion_rigidez,"[""anticipación"", ""mismo cierre"", ""una sola indicación""]","[""gritar"", ""presión escolar""]",0.28,2,2026-05-05T22:34:00,2026-03-01T22:34:00,2026-05-05T22:34:00
42341cf9-6a47-42b2-8ab5-d5734645e744,2f0831f7-46b8-4d1d-94bb-ff66ae4b2391,b068fe13-f108-4132-9030-3edfae53af6c,crisis_activa,"[""menos ruido"", ""mismo cierre"", ""bajar luces"", ""microacciones""]","[""forzar explicación"", ""apurar demasiado"", ""preguntar demasiado"", ""cambio brusco""]",0.36,4,2026-05-29T21:00:00,2026-05-03T21:00:00,2026-05-29T21:00:00
edd52b61-05ec-4333-b63b-176c1ed259af,2f0831f7-46b8-4d1d-94bb-ff66ae4b2391,b068fe13-f108-4132-9030-3edfae53af6c,sobrecarga_cuidador,"[""microacciones"", ""validación"", ""bajar luces"", ""una sola indicación""]","[""pantallas tarde"", ""demasiado ruido"", ""forzar explicación"", ""apurar demasiado""]",0.44,6,2026-05-31T21:00:00,2026-03-20T21:00:00,2026-05-31T21:00:00
f767861e-a116-4f35-aec9-844ee7f00273,2f0831f7-46b8-4d1d-94bb-ff66ae4b2391,b068fe13-f108-4132-9030-3edfae53af6c,disfuncion_ejecutiva,"[""validación"", ""microacciones"", ""menos palabras"", ""anticipación""]","[""demasiado ruido"", ""forzar explicación"", ""corregir en el pico"", ""cambio brusco""]",0.4,5,2026-05-31T21:00:00,2026-04-01T21:00:00,2026-05-31T21:00:00
d72b35b0-1a58-4eec-b9a8-28e78b7da248,2f0831f7-46b8-4d1d-94bb-ff66ae4b2391,b068fe13-f108-4132-9030-3edfae53af6c,apoyo_general,"[""una sola indicación"", ""bajar luces"", ""validación"", ""anticipación""]","[""preguntar demasiado"", ""muchas instrucciones"", ""gritar"", ""apurar demasiado""]",0.32,3,2026-05-30T21:00:00,2026-04-17T21:00:00,2026-05-30T21:00:00
ab376b43-8a11-45de-a54e-95e97c6ac10c,2f0831f7-46b8-4d1d-94bb-ff66ae4b2391,b068fe13-f108-4132-9030-3edfae53af6c,sobrecarga_sensorial,"[""anticipación"", ""menos palabras"", ""microacciones""]","[""apurar demasiado"", ""cambio brusco"", ""corregir en el pico"", ""gritar""]",0.32,3,2026-05-31T21:00:00,2026-03-29T21:00:00,2026-05-31T21:00:00
05325348-6dc4-4523-8859-9a4d725671fa,4af5fd77-157f-484a-9fab-fe262b72bd43,00916892-3bb7-4e8e-8cd2-81f4079e5e03,crisis_activa,"[""una sola indicación"", ""pausa breve"", ""dar tiempo"", ""bajar luces""]","[""cambio brusco"", ""forzar explicación"", ""muchas instrucciones"", ""preguntar demasiado""]",0.44,6,2026-05-31T21:00:00,2026-04-25T21:00:00,2026-05-31T21:00:00
596fcb3a-4015-4822-aeb2-2dd9aa15bb7c,4af5fd77-157f-484a-9fab-fe262b72bd43,00916892-3bb7-4e8e-8cd2-81f4079e5e03,sobrecarga_cuidador,"[""bajar luces"", ""mismo cierre"", ""una sola indicación""]","[""cambio brusco"", ""corregir en el pico"", ""apurar demasiado"", ""muchas instrucciones""]",0.32,3,2026-05-31T01:00:00,2026-03-15T01:00:00,2026-05-31T01:00:00
a305ba0d-ea16-43e0-8883-04e94446e8a9,4af5fd77-157f-484a-9fab-fe262b72bd43,00916892-3bb7-4e8e-8cd2-81f4079e5e03,apoyo_general,"[""mismo cierre"", ""bajar luces"", ""validación"", ""microacciones""]","[""corregir en el pico"", ""forzar explicación"", ""preguntar demasiado"", ""demasiado ruido""]",0.44,6,2026-05-31T07:00:00,2026-04-12T07:00:00,2026-05-31T07:00:00
1120de34-b2d2-491e-be35-645af4bcde50,4af5fd77-157f-484a-9fab-fe262b72bd43,00916892-3bb7-4e8e-8cd2-81f4079e5e03,sobrecarga_sensorial,"[""microacciones"", ""dar tiempo"", ""mismo cierre"", ""anticipación""]","[""apurar demasiado"", ""preguntar demasiado"", ""demasiado ruido"", ""gritar""]",0.32,3,2026-05-31T02:00:00,2026-04-16T02:00:00,2026-05-31T02:00:00
8aa03a1d-0fcd-4b6a-b5b0-9688c24d7069,4af5fd77-157f-484a-9fab-fe262b72bd43,00916892-3bb7-4e8e-8cd2-81f4079e5e03,transicion_rigidez,"[""anticipación"", ""microacciones"", ""dar tiempo""]","[""forzar explicación"", ""cambio brusco"", ""gritar""]",0.28,2,2026-05-27T21:00:00,2026-03-29T21:00:00,2026-05-27T21:00:00
52bc8dd8-2c29-425a-b2fc-b1a7959de6d5,4af5fd77-157f-484a-9fab-fe262b72bd43,00916892-3bb7-4e8e-8cd2-81f4079e5e03,disfuncion_ejecutiva,"[""mismo cierre"", ""menos ruido"", ""menos palabras"", ""pausa breve""]","[""corregir en el pico"", ""presión escolar"", ""cambio brusco"", ""muchas instrucciones""]",0.28,2,2026-05-29T22:00:00,2026-03-13T22:00:00,2026-05-29T22:00:00
4abc75b9-a1db-4df3-9b34-4de37765dc72,4af5fd77-157f-484a-9fab-fe262b72bd43,00916892-3bb7-4e8e-8cd2-81f4079e5e03,sueno_regulacion,"[""dar tiempo""]","[""gritar"", ""forzar explicación"", ""pantallas tarde""]",0.24,1,2026-05-31T21:00:00,2026-03-12T21:00:00,2026-05-31T21:00:00
e894e41c-04e1-4536-82dc-591add2cfed2,44551dbf-ca93-44ca-9dc3-38a333db55d0,c1c92cd7-c7d9-45d1-850c-8671d6202ef5,transicion_rigidez,"[""dar tiempo"", ""pausa breve"", ""menos ruido"", ""bajar luces""]","[""preguntar demasiado"", ""pantallas tarde"", ""corregir en el pico"", ""cambio brusco""]",0.36,4,2026-05-29T12:40:00,2026-04-07T12:40:00,2026-05-29T12:40:00
3cad566b-a4f8-43fc-b6de-c0e61c248858,44551dbf-ca93-44ca-9dc3-38a333db55d0,c1c92cd7-c7d9-45d1-850c-8671d6202ef5,crisis_activa,"[""microacciones"", ""anticipación"", ""una sola indicación"", ""pausa breve""]","[""corregir en el pico"", ""presión escolar"", ""pantallas tarde"", ""cambio brusco""]",0.48,7,2026-05-31T21:00:00,2026-04-05T21:00:00,2026-05-31T21:00:00
d66d05c3-11c1-4bae-9d23-2440d55cedc2,44551dbf-ca93-44ca-9dc3-38a333db55d0,c1c92cd7-c7d9-45d1-850c-8671d6202ef5,apoyo_general,"[""pausa breve"", ""validación"", ""dar tiempo"", ""menos palabras""]","[""corregir en el pico"", ""forzar explicación"", ""demasiado ruido"", ""pantallas tarde""]",0.32,3,2026-05-29T21:00:00,2026-04-05T21:00:00,2026-05-29T21:00:00
5c8282f0-547f-44b0-87c7-998e1fc51d47,44551dbf-ca93-44ca-9dc3-38a333db55d0,c1c92cd7-c7d9-45d1-850c-8671d6202ef5,sobrecarga_sensorial,"[""menos palabras"", ""mismo cierre"", ""bajar luces""]","[""presión escolar"", ""preguntar demasiado"", ""pantallas tarde"", ""demasiado ruido""]",0.32,3,2026-05-30T02:00:00,2026-03-28T02:00:00,2026-05-30T02:00:00
4f5026a7-7f96-4236-807a-595030891e36,44551dbf-ca93-44ca-9dc3-38a333db55d0,c1c92cd7-c7d9-45d1-850c-8671d6202ef5,sobrecarga_cuidador,"[""anticipación"", ""microacciones""]","[""apurar demasiado"", ""preguntar demasiado"", ""forzar explicación"", ""corregir en el pico""]",0.32,3,2026-05-29T21:00:00,2026-05-05T21:00:00,2026-05-29T21:00:00
cd31d29a-2571-48b3-bcaf-0cd9339b1744,44551dbf-ca93-44ca-9dc3-38a333db55d0,c1c92cd7-c7d9-45d1-850c-8671d6202ef5,sueno_regulacion,"[""menos palabras"", ""validación"", ""mismo cierre"", ""menos ruido""]","[""gritar"", ""forzar explicación"", ""apurar demasiado"", ""cambio brusco""]",0.28,2,2026-05-27T11:40:00,2026-04-13T11:40:00,2026-05-27T11:40:00
e72c35f4-81f0-4d50-9aa7-9c5bb439b648,44551dbf-ca93-44ca-9dc3-38a333db55d0,c1c92cd7-c7d9-45d1-850c-8671d6202ef5,disfuncion_ejecutiva,"[""dar tiempo"", ""menos palabras""]","[""muchas instrucciones""]",0.24,1,2026-05-29T01:00:00,2026-04-17T01:00:00,2026-05-29T01:00:00
e8ed606f-deb5-4ea7-8a48-3554bb9c8238,3829ae9b-d2a4-4785-bc9f-e36c86c978f0,3d08a8f5-579b-4582-b1c3-459a99600bb9,apoyo_general,"[""dar tiempo"", ""microacciones"", ""anticipación"", ""mismo cierre""]","[""demasiado ruido"", ""muchas instrucciones"", ""presión escolar"", ""pantallas tarde""]",0.48,7,2026-05-30T21:32:00,2026-05-10T21:32:00,2026-05-30T21:32:00
5e7b50c0-9b9c-4ed3-b0e5-dda61d4a81f7,3829ae9b-d2a4-4785-bc9f-e36c86c978f0,3d08a8f5-579b-4582-b1c3-459a99600bb9,disfuncion_ejecutiva,"[""menos ruido"", ""microacciones"", ""validación"", ""menos palabras""]","[""demasiado ruido"", ""gritar"", ""presión escolar"", ""pantallas tarde""]",0.36,4,2026-05-31T21:00:00,2026-04-23T21:00:00,2026-05-31T21:00:00
34990925-c7ec-4a6c-b9c6-a650e14cf6d2,3829ae9b-d2a4-4785-bc9f-e36c86c978f0,3d08a8f5-579b-4582-b1c3-459a99600bb9,crisis_activa,"[""pausa breve"", ""microacciones"", ""mismo cierre"", ""menos palabras""]","[""forzar explicación"", ""apurar demasiado"", ""muchas instrucciones"", ""demasiado ruido""]",0.36,4,2026-05-31T21:00:00,2026-04-11T21:00:00,2026-05-31T21:00:00
22ec1188-eaa3-487c-a7d1-5419c7bd7213,3829ae9b-d2a4-4785-bc9f-e36c86c978f0,3d08a8f5-579b-4582-b1c3-459a99600bb9,sobrecarga_cuidador,"[""menos palabras"", ""validación"", ""anticipación"", ""dar tiempo""]","[""corregir en el pico"", ""apurar demasiado"", ""pantallas tarde"", ""cambio brusco""]",0.32,3,2026-05-31T21:00:00,2026-04-25T21:00:00,2026-05-31T21:00:00
6af4c12e-29a4-4771-bbd4-7b2d8f942dca,3829ae9b-d2a4-4785-bc9f-e36c86c978f0,3d08a8f5-579b-4582-b1c3-459a99600bb9,sueno_regulacion,"[""mismo cierre"", ""anticipación""]","[""presión escolar"", ""pantallas tarde"", ""corregir en el pico""]",0.24,1,2026-05-29T21:00:00,2026-03-20T21:00:00,2026-05-29T21:00:00
43c9018c-1359-4f94-a48b-b29f1a58359b,3829ae9b-d2a4-4785-bc9f-e36c86c978f0,3d08a8f5-579b-4582-b1c3-459a99600bb9,transicion_rigidez,"[""mismo cierre"", ""microacciones"", ""pausa breve"", ""menos palabras""]","[""apurar demasiado"", ""gritar"", ""cambio brusco"", ""corregir en el pico""]",0.32,3,2026-05-31T21:00:00,2026-04-16T21:00:00,2026-05-31T21:00:00
f99ce80d-0173-447b-b81e-1a5cda5d7b3d,3829ae9b-d2a4-4785-bc9f-e36c86c978f0,3d08a8f5-579b-4582-b1c3-459a99600bb9,sobrecarga_sensorial,[],"[""forzar explicación""]",0.24,1,2026-05-29T21:00:00,2026-05-03T21:00:00,2026-05-29T21:00:00
81dddcc0-430d-45c9-b78d-acd1a798d303,dfcffd5a-0c0d-48b5-bbbc-489ecc348a4d,9996b206-afa2-4a94-bdb9-ea34836b38d3,sobrecarga_cuidador,"[""bajar luces"", ""menos ruido"", ""pausa breve"", ""menos palabras""]","[""muchas instrucciones"", ""pantallas tarde"", ""apurar demasiado"", ""forzar explicación""]",0.44,6,2026-05-31T21:00:00,2026-05-02T21:00:00,2026-05-31T21:00:00
c8d3b0c1-4429-4563-8da2-2878895ccb8d,dfcffd5a-0c0d-48b5-bbbc-489ecc348a4d,9996b206-afa2-4a94-bdb9-ea34836b38d3,crisis_activa,"[""validación"", ""menos palabras"", ""dar tiempo"", ""menos ruido""]","[""presión escolar"", ""gritar"", ""forzar explicación"", ""apurar demasiado""]",0.32,3,2026-05-30T23:00:00,2026-04-07T23:00:00,2026-05-30T23:00:00
c7e5a7fe-0c27-4b0b-b9c6-aec4211c783f,dfcffd5a-0c0d-48b5-bbbc-489ecc348a4d,9996b206-afa2-4a94-bdb9-ea34836b38d3,disfuncion_ejecutiva,"[""microacciones"", ""validación"", ""una sola indicación"", ""pausa breve""]","[""demasiado ruido"", ""forzar explicación"", ""cambio brusco"", ""presión escolar""]",0.4,5,2026-05-29T01:00:00,2026-03-10T01:00:00,2026-05-29T01:00:00
46e70ce8-3b27-48af-b59a-8dd6f40696be,dfcffd5a-0c0d-48b5-bbbc-489ecc348a4d,9996b206-afa2-4a94-bdb9-ea34836b38d3,sobrecarga_sensorial,"[""pausa breve"", ""una sola indicación"", ""microacciones"", ""bajar luces""]","[""muchas instrucciones"", ""preguntar demasiado"", ""forzar explicación"", ""gritar""]",0.36,4,2026-05-28T21:00:00,2026-05-05T21:00:00,2026-05-28T21:00:00
a63a2d88-7d4d-406c-95ee-b6abc79628f9,dfcffd5a-0c0d-48b5-bbbc-489ecc348a4d,9996b206-afa2-4a94-bdb9-ea34836b38d3,apoyo_general,"[""menos palabras"", ""una sola indicación""]","[""presión escolar"", ""preguntar demasiado"", ""corregir en el pico"", ""cambio brusco""]",0.28,2,2026-05-31T21:00:00,2026-05-01T21:00:00,2026-05-31T21:00:00
380e61d1-3fb3-4f34-bf16-f2853c565cbd,dfcffd5a-0c0d-48b5-bbbc-489ecc348a4d,9996b206-afa2-4a94-bdb9-ea34836b38d3,transicion_rigidez,"[""mismo cierre"", ""microacciones"", ""validación"", ""bajar luces""]","[""forzar explicación"", ""apurar demasiado"", ""corregir en el pico"", ""cambio brusco""]",0.32,3,2026-05-31T19:36:00,2026-04-13T19:36:00,2026-05-31T19:36:00
cfa6a14c-4e13-4536-bee1-0e0fb470a20b,6364960e-3215-41da-a19a-a27c8112eb7a,88ac33ed-c268-456e-9683-8e3bd374dcfb,crisis_activa,"[""una sola indicación"", ""mismo cierre"", ""dar tiempo"", ""pausa breve""]","[""presión escolar"", ""pantallas tarde"", ""corregir en el pico"", ""apurar demasiado""]",0.48,7,2026-05-30T21:00:00,2026-04-07T21:00:00,2026-05-30T21:00:00
92114b9c-ea61-428c-a185-65a459a9e90f,6364960e-3215-41da-a19a-a27c8112eb7a,88ac33ed-c268-456e-9683-8e3bd374dcfb,disfuncion_ejecutiva,"[""anticipación"", ""menos palabras"", ""microacciones"", ""una sola indicación""]","[""preguntar demasiado"", ""muchas instrucciones"", ""apurar demasiado"", ""demasiado ruido""]",0.32,3,2026-05-30T21:00:00,2026-04-13T21:00:00,2026-05-30T21:00:00
3423a8a2-27e2-4530-ad60-dfb087a5f8aa,6364960e-3215-41da-a19a-a27c8112eb7a,88ac33ed-c268-456e-9683-8e3bd374dcfb,apoyo_general,"[""mismo cierre"", ""menos ruido"", ""microacciones"", ""bajar luces""]","[""cambio brusco"", ""presión escolar"", ""apurar demasiado"", ""demasiado ruido""]",0.4,5,2026-05-31T05:00:00,2026-05-08T05:00:00,2026-05-31T05:00:00
9e3b257c-97fe-4dc9-a1cf-e65e7be3f7d8,6364960e-3215-41da-a19a-a27c8112eb7a,88ac33ed-c268-456e-9683-8e3bd374dcfb,sobrecarga_cuidador,"[""una sola indicación"", ""pausa breve"", ""microacciones"", ""anticipación""]","[""presión escolar"", ""demasiado ruido"", ""pantallas tarde"", ""cambio brusco""]",0.32,3,2026-05-29T22:00:00,2026-03-25T22:00:00,2026-05-29T22:00:00
f312a255-81ae-44a2-b326-1c40068eb670,6364960e-3215-41da-a19a-a27c8112eb7a,88ac33ed-c268-456e-9683-8e3bd374dcfb,transicion_rigidez,"[""pausa breve"", ""una sola indicación"", ""menos ruido""]","[""demasiado ruido"", ""corregir en el pico"", ""muchas instrucciones"", ""forzar explicación""]",0.28,2,2026-05-31T01:00:00,2026-03-13T01:00:00,2026-05-31T01:00:00
99ef0d2d-bb4e-41b9-ade4-c94f279c946b,6364960e-3215-41da-a19a-a27c8112eb7a,88ac33ed-c268-456e-9683-8e3bd374dcfb,sobrecarga_sensorial,"[""pausa breve"", ""dar tiempo"", ""microacciones"", ""una sola indicación""]","[""cambio brusco"", ""preguntar demasiado""]",0.28,2,2026-05-31T21:00:00,2026-04-14T21:00:00,2026-05-31T21:00:00
f62bf3c3-3695-41b2-9fb4-660c9c278680,6364960e-3215-41da-a19a-a27c8112eb7a,88ac33ed-c268-456e-9683-8e3bd374dcfb,sueno_regulacion,"[""dar tiempo"", ""microacciones""]","[""pantallas tarde"", ""gritar""]",0.24,1,2026-05-26T21:00:00,2026-03-27T21:00:00,2026-05-26T21:00:00
cd9ff7fa-91e8-4985-a8de-0c283ad1b144,e2d1458a-d75a-4097-87bd-9c03905f769c,1121a47e-b078-4dbd-9da8-9212e3ed675a,crisis_activa,"[""menos ruido"", ""microacciones"", ""mismo cierre"", ""anticipación""]","[""muchas instrucciones"", ""pantallas tarde"", ""apurar demasiado"", ""preguntar demasiado""]",0.44,6,2026-05-30T21:00:00,2026-05-06T21:00:00,2026-05-30T21:00:00
fad828e6-1625-421b-b2d5-19426ff600b2,e2d1458a-d75a-4097-87bd-9c03905f769c,1121a47e-b078-4dbd-9da8-9212e3ed675a,apoyo_general,"[""microacciones"", ""dar tiempo"", ""una sola indicación"", ""anticipación""]","[""forzar explicación"", ""pantallas tarde"", ""demasiado ruido"", ""presión escolar""]",0.4,5,2026-05-31T21:00:00,2026-04-16T21:00:00,2026-05-31T21:00:00
9210f7e7-208b-4c27-8175-8f2e5b25acd2,e2d1458a-d75a-4097-87bd-9c03905f769c,1121a47e-b078-4dbd-9da8-9212e3ed675a,disfuncion_ejecutiva,"[""una sola indicación"", ""menos ruido"", ""menos palabras""]","[""corregir en el pico"", ""demasiado ruido"", ""muchas instrucciones""]",0.28,2,2026-05-31T21:00:00,2026-03-18T21:00:00,2026-05-31T21:00:00
4f26493f-ef36-4e31-944b-2d34c7bd9f90,e2d1458a-d75a-4097-87bd-9c03905f769c,1121a47e-b078-4dbd-9da8-9212e3ed675a,sobrecarga_cuidador,"[""bajar luces"", ""menos palabras"", ""mismo cierre"", ""pausa breve""]","[""apurar demasiado"", ""muchas instrucciones"", ""gritar""]",0.28,2,2026-05-29T21:00:00,2026-03-12T21:00:00,2026-05-29T21:00:00
71bf128d-814b-42a4-bb72-2592a95a5a08,e2d1458a-d75a-4097-87bd-9c03905f769c,1121a47e-b078-4dbd-9da8-9212e3ed675a,sobrecarga_sensorial,"[""una sola indicación"", ""validación"", ""menos palabras"", ""bajar luces""]","[""forzar explicación"", ""gritar"", ""muchas instrucciones"", ""presión escolar""]",0.36,4,2026-05-31T21:00:00,2026-04-24T21:00:00,2026-05-31T21:00:00
fbf69aaa-aa83-4bf7-a8eb-260f457003c3,e2d1458a-d75a-4097-87bd-9c03905f769c,1121a47e-b078-4dbd-9da8-9212e3ed675a,sueno_regulacion,"[""anticipación"", ""microacciones"", ""mismo cierre"", ""bajar luces""]","[""pantallas tarde"", ""forzar explicación"", ""cambio brusco"", ""gritar""]",0.28,2,2026-05-29T21:00:00,2026-03-16T21:00:00,2026-05-29T21:00:00
f4fb0fea-36aa-4fb9-ab97-4dc491e8de4a,e2d1458a-d75a-4097-87bd-9c03905f769c,1121a47e-b078-4dbd-9da8-9212e3ed675a,transicion_rigidez,"[""bajar luces"", ""una sola indicación"", ""menos palabras"", ""menos ruido""]","[""gritar"", ""corregir en el pico""]",0.28,2,2026-05-31T21:00:00,2026-03-31T21:00:00,2026-05-31T21:00:00
c7e7560d-7f70-4689-bb75-91a110338a1b,40cde2b1-a647-4cb0-8c9a-adebe1bab0cb,96c224b6-0ccd-4143-90dc-fef450b4d6f6,sobrecarga_cuidador,"[""validación"", ""pausa breve"", ""mismo cierre"", ""una sola indicación""]","[""demasiado ruido"", ""forzar explicación"", ""presión escolar"", ""corregir en el pico""]",0.36,4,2026-05-31T04:00:00,2026-03-20T04:00:00,2026-05-31T04:00:00
7deb4c4d-4c71-4113-af0f-c69170cb90fa,40cde2b1-a647-4cb0-8c9a-adebe1bab0cb,96c224b6-0ccd-4143-90dc-fef450b4d6f6,disfuncion_ejecutiva,"[""anticipación"", ""validación""]","[""corregir en el pico"", ""presión escolar"", ""pantallas tarde"", ""preguntar demasiado""]",0.32,3,2026-05-31T20:38:00,2026-04-03T20:38:00,2026-05-31T20:38:00
f710b381-30d0-42e9-bb66-e9c98d12c4c2,40cde2b1-a647-4cb0-8c9a-adebe1bab0cb,96c224b6-0ccd-4143-90dc-fef450b4d6f6,crisis_activa,"[""validación"", ""dar tiempo"", ""menos ruido"", ""bajar luces""]","[""apurar demasiado"", ""preguntar demasiado"", ""forzar explicación"", ""presión escolar""]",0.44,6,2026-05-29T23:00:00,2026-04-16T23:00:00,2026-05-29T23:00:00
1630c4f8-10ab-484a-9d77-0814cc4f9aa1,40cde2b1-a647-4cb0-8c9a-adebe1bab0cb,96c224b6-0ccd-4143-90dc-fef450b4d6f6,sobrecarga_sensorial,"[""anticipación"", ""una sola indicación"", ""bajar luces"", ""microacciones""]","[""gritar"", ""apurar demasiado"", ""demasiado ruido"", ""presión escolar""]",0.4,5,2026-05-30T21:00:00,2026-04-24T21:00:00,2026-05-30T21:00:00
27d4043d-5ada-4f80-9d79-7176ef1aa34b,40cde2b1-a647-4cb0-8c9a-adebe1bab0cb,96c224b6-0ccd-4143-90dc-fef450b4d6f6,sueno_regulacion,"[""pausa breve"", ""microacciones"", ""anticipación"", ""validación""]","[""muchas instrucciones"", ""demasiado ruido"", ""preguntar demasiado"", ""forzar explicación""]",0.28,2,2026-05-30T23:00:00,2026-03-11T23:00:00,2026-05-30T23:00:00
279b9c78-6e64-4937-bb3f-a106746f944d,40cde2b1-a647-4cb0-8c9a-adebe1bab0cb,96c224b6-0ccd-4143-90dc-fef450b4d6f6,transicion_rigidez,"[""bajar luces"", ""pausa breve""]","[""demasiado ruido"", ""preguntar demasiado""]",0.28,2,2026-05-31T02:00:00,2026-03-26T02:00:00,2026-05-31T02:00:00
1380be2f-e20d-4ffc-a3e9-62ca44f4d527,40cde2b1-a647-4cb0-8c9a-adebe1bab0cb,96c224b6-0ccd-4143-90dc-fef450b4d6f6,apoyo_general,"[""bajar luces""]","[""pantallas tarde""]",0.24,1,2026-05-31T03:00:00,2026-04-05T03:00:00,2026-05-31T03:00:00
e4fe81c1-aa3b-401f-b417-e6b983f4e9b4,11ca98bb-300e-4841-94b4-55a324d71d47,ffcabd8d-9234-424f-990c-848ef8e493e0,crisis_activa,"[""dar tiempo"", ""menos ruido"", ""bajar luces"", ""pausa breve""]","[""pantallas tarde"", ""preguntar demasiado"", ""presión escolar"", ""gritar""]",0.48,7,2026-05-31T00:00:00,2026-04-26T00:00:00,2026-05-31T00:00:00
6ee753f9-6c0d-46fa-ba96-24ebe248d86a,11ca98bb-300e-4841-94b4-55a324d71d47,ffcabd8d-9234-424f-990c-848ef8e493e0,transicion_rigidez,"[""pausa breve"", ""menos palabras"", ""validación"", ""bajar luces""]","[""demasiado ruido"", ""gritar"", ""corregir en el pico"", ""apurar demasiado""]",0.36,4,2026-05-29T21:00:00,2026-03-29T21:00:00,2026-05-29T21:00:00
b9374c14-6cfe-4f17-a2a2-7a4ccc077442,11ca98bb-300e-4841-94b4-55a324d71d47,ffcabd8d-9234-424f-990c-848ef8e493e0,apoyo_general,"[""bajar luces""]","[""cambio brusco"", ""corregir en el pico""]",0.24,1,2026-03-29T13:28:00,2026-01-29T13:28:00,2026-03-29T13:28:00
91a78591-78a9-4a86-bba8-8bff98cf6619,11ca98bb-300e-4841-94b4-55a324d71d47,ffcabd8d-9234-424f-990c-848ef8e493e0,disfuncion_ejecutiva,"[""bajar luces"", ""dar tiempo"", ""microacciones"", ""validación""]","[""pantallas tarde"", ""muchas instrucciones"", ""presión escolar"", ""demasiado ruido""]",0.32,3,2026-05-30T21:00:00,2026-04-23T21:00:00,2026-05-30T21:00:00
a7d90e91-6625-41f9-9cff-0228ec9fec84,11ca98bb-300e-4841-94b4-55a324d71d47,ffcabd8d-9234-424f-990c-848ef8e493e0,sobrecarga_sensorial,"[""una sola indicación"", ""anticipación"", ""validación""]","[""presión escolar"", ""gritar"", ""corregir en el pico"", ""pantallas tarde""]",0.32,3,2026-05-22T11:33:00,2026-04-14T11:33:00,2026-05-22T11:33:00
8eaf87c9-2d3c-4507-842f-516d814e3aaa,11ca98bb-300e-4841-94b4-55a324d71d47,ffcabd8d-9234-424f-990c-848ef8e493e0,sobrecarga_cuidador,"[""mismo cierre"", ""una sola indicación"", ""menos palabras"", ""bajar luces""]","[""gritar"", ""pantallas tarde"", ""demasiado ruido"", ""preguntar demasiado""]",0.36,4,2026-05-31T21:00:00,2026-04-27T21:00:00,2026-05-31T21:00:00
fd50c0a7-16b5-40b5-81c8-612b3133fcd8,11ca98bb-300e-4841-94b4-55a324d71d47,ffcabd8d-9234-424f-990c-848ef8e493e0,sueno_regulacion,"[""bajar luces"", ""menos palabras"", ""validación""]","[""pantallas tarde"", ""preguntar demasiado"", ""gritar""]",0.24,1,2026-05-27T15:33:00,2026-05-06T15:33:00,2026-05-27T15:33:00
c82e9a9d-780b-4494-ac16-331f370fe82b,1e078026-5215-4954-9008-8e40fc0623a0,27794c57-be73-49b2-85b9-275438618801,apoyo_general,"[""microacciones"", ""dar tiempo"", ""bajar luces"", ""mismo cierre""]","[""preguntar demasiado"", ""muchas instrucciones"", ""demasiado ruido"", ""forzar explicación""]",0.52,8,2026-05-30T03:00:00,2026-05-05T03:00:00,2026-05-30T03:00:00
d0e5ff3a-12ab-4d2d-9bdb-deb80d4adece,1e078026-5215-4954-9008-8e40fc0623a0,27794c57-be73-49b2-85b9-275438618801,sobrecarga_sensorial,"[""menos palabras"", ""una sola indicación"", ""bajar luces"", ""pausa breve""]","[""gritar"", ""preguntar demasiado"", ""cambio brusco"", ""presión escolar""]",0.36,4,2026-05-31T17:46:00,2026-03-23T17:46:00,2026-05-31T17:46:00
d1a73450-ccae-4c6b-b46a-51e75a5269db,1e078026-5215-4954-9008-8e40fc0623a0,27794c57-be73-49b2-85b9-275438618801,crisis_activa,"[""anticipación"", ""bajar luces"", ""dar tiempo""]","[""apurar demasiado"", ""corregir en el pico"", ""cambio brusco"", ""pantallas tarde""]",0.32,3,2026-05-29T03:00:00,2026-03-31T03:00:00,2026-05-29T03:00:00
d54e473b-efd4-4748-9d9f-60f635a0f714,1e078026-5215-4954-9008-8e40fc0623a0,27794c57-be73-49b2-85b9-275438618801,sobrecarga_cuidador,[],"[""gritar"", ""presión escolar"", ""demasiado ruido"", ""cambio brusco""]",0.32,3,2026-05-29T21:00:00,2026-04-08T21:00:00,2026-05-29T21:00:00
541f2cea-1090-47c3-bb9a-5208d4684e63,1e078026-5215-4954-9008-8e40fc0623a0,27794c57-be73-49b2-85b9-275438618801,disfuncion_ejecutiva,"[""pausa breve"", ""bajar luces"", ""menos palabras"", ""una sola indicación""]","[""gritar"", ""muchas instrucciones"", ""forzar explicación""]",0.28,2,2026-05-27T14:46:00,2026-04-14T14:46:00,2026-05-27T14:46:00
32b31dcd-e83e-4969-98ae-4d2e079a90e3,1e078026-5215-4954-9008-8e40fc0623a0,27794c57-be73-49b2-85b9-275438618801,transicion_rigidez,"[""anticipación"", ""validación"", ""menos ruido""]","[""forzar explicación""]",0.24,1,2026-05-27T21:00:00,2026-04-26T21:00:00,2026-05-27T21:00:00
5af3c9a3-3202-4552-8bdd-4e8f42ef5a30,1e078026-5215-4954-9008-8e40fc0623a0,27794c57-be73-49b2-85b9-275438618801,sueno_regulacion,"[""validación"", ""dar tiempo""]","[""apurar demasiado"", ""corregir en el pico""]",0.28,2,2026-05-30T07:00:00,2026-04-25T07:00:00,2026-05-30T07:00:00
07111465-e658-4bc0-9ff4-92fc31c41521,9a9a09a3-5515-4657-9b0c-fb149bea0cf6,404fb6ad-d2d3-4d63-b05c-3b7675aae2fe,disfuncion_ejecutiva,"[""bajar luces"", ""menos ruido"", ""pausa breve""]","[""presión escolar"", ""demasiado ruido"", ""forzar explicación"", ""preguntar demasiado""]",0.32,3,2026-05-28T21:00:00,2026-04-18T21:00:00,2026-05-28T21:00:00
36d5ac40-c15c-4c75-96e4-837d1dfc5e49,9a9a09a3-5515-4657-9b0c-fb149bea0cf6,404fb6ad-d2d3-4d63-b05c-3b7675aae2fe,sobrecarga_cuidador,"[""mismo cierre"", ""una sola indicación"", ""validación"", ""microacciones""]","[""pantallas tarde"", ""corregir en el pico"", ""cambio brusco"", ""preguntar demasiado""]",0.4,5,2026-05-31T21:00:00,2026-03-15T21:00:00,2026-05-31T21:00:00
2b30ec8b-1c67-47a5-8b18-9bbdf1840596,9a9a09a3-5515-4657-9b0c-fb149bea0cf6,404fb6ad-d2d3-4d63-b05c-3b7675aae2fe,apoyo_general,"[""dar tiempo"", ""microacciones"", ""pausa breve"", ""una sola indicación""]","[""demasiado ruido"", ""cambio brusco"", ""forzar explicación"", ""presión escolar""]",0.4,5,2026-05-27T21:00:00,2026-04-25T21:00:00,2026-05-27T21:00:00
b394fb85-ec07-4075-b142-413f1b7d10c1,9a9a09a3-5515-4657-9b0c-fb149bea0cf6,404fb6ad-d2d3-4d63-b05c-3b7675aae2fe,sobrecarga_sensorial,"[""menos ruido"", ""anticipación"", ""dar tiempo"", ""bajar luces""]","[""demasiado ruido"", ""presión escolar"", ""preguntar demasiado"", ""corregir en el pico""]",0.36,4,2026-05-31T21:00:00,2026-04-01T21:00:00,2026-05-31T21:00:00
51196170-be43-4570-9e1d-34926a1f230c,9a9a09a3-5515-4657-9b0c-fb149bea0cf6,404fb6ad-d2d3-4d63-b05c-3b7675aae2fe,crisis_activa,"[""una sola indicación"", ""bajar luces"", ""pausa breve"", ""menos palabras""]","[""presión escolar"", ""apurar demasiado"", ""corregir en el pico"", ""pantallas tarde""]",0.36,4,2026-05-31T21:00:00,2026-03-24T21:00:00,2026-05-31T21:00:00
593674c1-1e5c-4f62-91e9-498a62804df1,9a9a09a3-5515-4657-9b0c-fb149bea0cf6,404fb6ad-d2d3-4d63-b05c-3b7675aae2fe,sueno_regulacion,"[""microacciones"", ""dar tiempo"", ""menos palabras"", ""una sola indicación""]","[""forzar explicación"", ""demasiado ruido""]",0.28,2,2026-05-30T21:00:00,2026-03-21T21:00:00,2026-05-30T21:00:00
8e842866-9c33-4b28-b4de-256b55e29075,e567f6a9-5940-4125-9f3e-8b161538d3b4,e710876a-25bc-48d3-a422-f49c281e36aa,sobrecarga_sensorial,"[""mismo cierre"", ""microacciones"", ""dar tiempo"", ""una sola indicación""]","[""pantallas tarde"", ""corregir en el pico"", ""forzar explicación"", ""presión escolar""]",0.4,5,2026-05-29T11:32:00,2026-04-03T11:32:00,2026-05-29T11:32:00
87127939-fe31-4065-8515-de24699fef39,e567f6a9-5940-4125-9f3e-8b161538d3b4,e710876a-25bc-48d3-a422-f49c281e36aa,sobrecarga_cuidador,"[""menos palabras"", ""microacciones"", ""mismo cierre"", ""validación""]","[""forzar explicación"", ""gritar"", ""presión escolar"", ""pantallas tarde""]",0.32,3,2026-05-26T21:00:00,2026-04-06T21:00:00,2026-05-26T21:00:00
793ec556-57d4-436a-9f74-aa11f3aa59df,e567f6a9-5940-4125-9f3e-8b161538d3b4,e710876a-25bc-48d3-a422-f49c281e36aa,sueno_regulacion,"[""bajar luces"", ""una sola indicación"", ""anticipación"", ""microacciones""]","[""cambio brusco"", ""forzar explicación"", ""corregir en el pico"", ""preguntar demasiado""]",0.32,3,2026-05-29T02:00:00,2026-04-08T02:00:00,2026-05-29T02:00:00
9cbcbc20-32da-4b52-bcc6-59d61aae37ae,e567f6a9-5940-4125-9f3e-8b161538d3b4,e710876a-25bc-48d3-a422-f49c281e36aa,transicion_rigidez,"[""pausa breve"", ""bajar luces"", ""menos ruido"", ""validación""]","[""preguntar demasiado"", ""forzar explicación"", ""presión escolar"", ""muchas instrucciones""]",0.36,4,2026-05-30T23:00:00,2026-04-17T23:00:00,2026-05-30T23:00:00
e3e6c5ff-0356-44a8-83cd-22e935e01052,e567f6a9-5940-4125-9f3e-8b161538d3b4,e710876a-25bc-48d3-a422-f49c281e36aa,crisis_activa,"[""una sola indicación"", ""anticipación"", ""mismo cierre""]","[""gritar"", ""corregir en el pico"", ""pantallas tarde""]",0.32,3,2026-05-30T18:40:00,2026-04-16T18:40:00,2026-05-30T18:40:00
4206bb0b-7bb4-4773-bd46-6899ce5ddce0,e567f6a9-5940-4125-9f3e-8b161538d3b4,e710876a-25bc-48d3-a422-f49c281e36aa,apoyo_general,"[""menos ruido"", ""bajar luces"", ""mismo cierre"", ""validación""]","[""muchas instrucciones"", ""gritar"", ""demasiado ruido""]",0.36,4,2026-05-29T21:00:00,2026-03-18T21:00:00,2026-05-29T21:00:00
fdb6b899-fc4d-4268-8346-c4450b76a26a,e567f6a9-5940-4125-9f3e-8b161538d3b4,e710876a-25bc-48d3-a422-f49c281e36aa,disfuncion_ejecutiva,"[""dar tiempo""]","[""muchas instrucciones"", ""pantallas tarde""]",0.24,1,2026-05-31T21:00:00,2026-04-08T21:00:00,2026-05-31T21:00:00
96dfe211-fb14-4b03-add8-f46df737153c,7bdfb695-9442-4916-a0e4-edaeb98d8f19,09c813a6-c3bd-4c90-88c2-8579f07fb7aa,disfuncion_ejecutiva,"[""menos palabras"", ""una sola indicación"", ""menos ruido"", ""mismo cierre""]","[""cambio brusco"", ""forzar explicación"", ""presión escolar""]",0.28,2,2026-05-30T21:00:00,2026-04-25T21:00:00,2026-05-30T21:00:00
230c2c5e-afa3-4c0f-9fa3-447d19d8dee0,7bdfb695-9442-4916-a0e4-edaeb98d8f19,09c813a6-c3bd-4c90-88c2-8579f07fb7aa,sobrecarga_cuidador,"[""menos ruido"", ""mismo cierre"", ""menos palabras"", ""pausa breve""]","[""apurar demasiado"", ""gritar"", ""preguntar demasiado"", ""muchas instrucciones""]",0.4,5,2026-05-31T21:00:00,2026-04-09T21:00:00,2026-05-31T21:00:00
fd96a7d9-35fd-44d3-a021-c42a51f9c1e1,7bdfb695-9442-4916-a0e4-edaeb98d8f19,09c813a6-c3bd-4c90-88c2-8579f07fb7aa,transicion_rigidez,"[""dar tiempo"", ""menos ruido"", ""una sola indicación"", ""pausa breve""]","[""corregir en el pico"", ""forzar explicación"", ""muchas instrucciones"", ""cambio brusco""]",0.4,5,2026-05-31T07:00:00,2026-03-15T07:00:00,2026-05-31T07:00:00
42c5abe8-6372-4497-8210-6f4caa14ec1e,7bdfb695-9442-4916-a0e4-edaeb98d8f19,09c813a6-c3bd-4c90-88c2-8579f07fb7aa,sobrecarga_sensorial,"[""bajar luces"", ""menos palabras"", ""microacciones"", ""menos ruido""]","[""forzar explicación"", ""demasiado ruido"", ""apurar demasiado"", ""preguntar demasiado""]",0.36,4,2026-05-30T21:00:00,2026-04-28T21:00:00,2026-05-30T21:00:00
326a8c87-ef51-4cd5-bcfa-102d86755ceb,7bdfb695-9442-4916-a0e4-edaeb98d8f19,09c813a6-c3bd-4c90-88c2-8579f07fb7aa,sueno_regulacion,"[""validación"", ""una sola indicación"", ""mismo cierre"", ""bajar luces""]","[""demasiado ruido"", ""cambio brusco"", ""corregir en el pico"", ""pantallas tarde""]",0.28,2,2026-05-31T21:00:00,2026-03-22T21:00:00,2026-05-31T21:00:00
7307820a-294b-425e-a175-b402a3ce36e5,7bdfb695-9442-4916-a0e4-edaeb98d8f19,09c813a6-c3bd-4c90-88c2-8579f07fb7aa,apoyo_general,"[""menos palabras"", ""mismo cierre"", ""validación"", ""bajar luces""]","[""cambio brusco"", ""pantallas tarde"", ""demasiado ruido"", ""forzar explicación""]",0.36,4,2026-05-30T21:00:00,2026-05-04T21:00:00,2026-05-30T21:00:00
e9564e12-07ec-428b-9115-9edf2e3420aa,7bdfb695-9442-4916-a0e4-edaeb98d8f19,09c813a6-c3bd-4c90-88c2-8579f07fb7aa,crisis_activa,"[""microacciones"", ""validación""]","[""apurar demasiado"", ""preguntar demasiado""]",0.24,1,2026-05-30T02:00:00,2026-04-16T02:00:00,2026-05-30T02:00:00
305e947f-ea0e-4971-a8eb-7f9b47acb35a,bbf5f08d-1b3c-4d26-8144-169f7081a79d,40ed2c9e-85f0-4d85-a319-07ba0c1bbee8,crisis_activa,"[""pausa breve"", ""microacciones"", ""dar tiempo""]","[""muchas instrucciones"", ""cambio brusco"", ""preguntar demasiado""]",0.28,2,2026-05-28T21:00:00,2026-04-02T21:00:00,2026-05-28T21:00:00
8b476f3d-568d-4397-81d2-d8c94643c7de,bbf5f08d-1b3c-4d26-8144-169f7081a79d,40ed2c9e-85f0-4d85-a319-07ba0c1bbee8,apoyo_general,"[""bajar luces"", ""anticipación"", ""dar tiempo"", ""mismo cierre""]","[""corregir en el pico"", ""apurar demasiado"", ""muchas instrucciones"", ""gritar""]",0.44,6,2026-05-31T21:00:00,2026-03-26T21:00:00,2026-05-31T21:00:00
3b74ac95-b5e1-4731-bfe1-05cf70ff6e05,bbf5f08d-1b3c-4d26-8144-169f7081a79d,40ed2c9e-85f0-4d85-a319-07ba0c1bbee8,sobrecarga_cuidador,"[""mismo cierre"", ""menos ruido"", ""dar tiempo"", ""microacciones""]","[""muchas instrucciones"", ""cambio brusco"", ""presión escolar"", ""pantallas tarde""]",0.48,7,2026-05-31T21:00:00,2026-04-21T21:00:00,2026-05-31T21:00:00
94461626-7af9-43e4-96da-ec82a41f5c07,bbf5f08d-1b3c-4d26-8144-169f7081a79d,40ed2c9e-85f0-4d85-a319-07ba0c1bbee8,disfuncion_ejecutiva,"[""dar tiempo"", ""menos palabras"", ""anticipación"", ""menos ruido""]","[""corregir en el pico"", ""preguntar demasiado""]",0.32,3,2026-05-29T21:00:00,2026-03-30T21:00:00,2026-05-29T21:00:00
1f43d50c-3686-4d98-9113-5cacaa2a361e,bbf5f08d-1b3c-4d26-8144-169f7081a79d,40ed2c9e-85f0-4d85-a319-07ba0c1bbee8,sueno_regulacion,"[""una sola indicación"", ""microacciones"", ""pausa breve"", ""mismo cierre""]","[""pantallas tarde"", ""presión escolar"", ""demasiado ruido"", ""gritar""]",0.32,3,2026-05-29T21:00:00,2026-05-09T21:00:00,2026-05-29T21:00:00
8a7d736f-095a-4af9-8d06-d44058f21669,bbf5f08d-1b3c-4d26-8144-169f7081a79d,40ed2c9e-85f0-4d85-a319-07ba0c1bbee8,transicion_rigidez,"[""anticipación"", ""validación"", ""menos palabras""]","[""muchas instrucciones"", ""forzar explicación"", ""apurar demasiado"", ""demasiado ruido""]",0.28,2,2026-05-30T10:33:00,2026-03-26T10:33:00,2026-05-30T10:33:00
f30ec17f-ecee-4ed0-be8a-f6169f42cbe6,35300a64-f664-4af5-a526-fb055c362e23,af405833-025e-4247-9ee2-92dba1416320,disfuncion_ejecutiva,"[""bajar luces"", ""dar tiempo"", ""pausa breve"", ""menos palabras""]","[""apurar demasiado"", ""pantallas tarde"", ""preguntar demasiado"", ""cambio brusco""]",0.32,3,2026-05-30T21:00:00,2026-04-02T21:00:00,2026-05-30T21:00:00
b28f84b6-eea5-4c30-a0a4-8e02060fc6e8,35300a64-f664-4af5-a526-fb055c362e23,af405833-025e-4247-9ee2-92dba1416320,crisis_activa,"[""microacciones"", ""menos palabras"", ""bajar luces"", ""mismo cierre""]","[""presión escolar"", ""muchas instrucciones"", ""preguntar demasiado"", ""cambio brusco""]",0.52,8,2026-05-30T21:00:00,2026-04-21T21:00:00,2026-05-30T21:00:00
a27f1609-a75d-4273-ba89-8187c8fb721b,35300a64-f664-4af5-a526-fb055c362e23,af405833-025e-4247-9ee2-92dba1416320,transicion_rigidez,"[""una sola indicación"", ""menos ruido"", ""dar tiempo"", ""validación""]","[""preguntar demasiado"", ""presión escolar"", ""pantallas tarde"", ""muchas instrucciones""]",0.32,3,2026-05-31T21:00:00,2026-04-20T21:00:00,2026-05-31T21:00:00
4a57bbf0-d439-4a2c-93a3-8caf08c99075,35300a64-f664-4af5-a526-fb055c362e23,af405833-025e-4247-9ee2-92dba1416320,sobrecarga_sensorial,"[""mismo cierre"", ""microacciones"", ""dar tiempo"", ""una sola indicación""]","[""corregir en el pico"", ""cambio brusco"", ""gritar"", ""demasiado ruido""]",0.4,5,2026-05-29T02:00:00,2026-04-03T02:00:00,2026-05-29T02:00:00
8a9ab596-a9e7-4b8c-81fc-53b6cb2df2b6,35300a64-f664-4af5-a526-fb055c362e23,af405833-025e-4247-9ee2-92dba1416320,apoyo_general,"[""menos palabras"", ""bajar luces""]","[""corregir en el pico"", ""demasiado ruido"", ""preguntar demasiado"", ""apurar demasiado""]",0.28,2,2026-05-28T21:00:00,2026-05-05T21:00:00,2026-05-28T21:00:00
0a09dbd6-9df6-407b-86ff-099b7b369944,35300a64-f664-4af5-a526-fb055c362e23,af405833-025e-4247-9ee2-92dba1416320,sobrecarga_cuidador,"[""bajar luces"", ""menos ruido"", ""mismo cierre""]","[""corregir en el pico"", ""cambio brusco""]",0.28,2,2026-05-31T21:00:00,2026-03-17T21:00:00,2026-05-31T21:00:00
353e7cd3-cceb-4197-ab8c-1fd5cbd437b6,e78d2a4c-c84e-4e06-8631-e0878e4df38f,84980125-56a4-4595-9c61-804cb1ed2bfb,disfuncion_ejecutiva,"[""mismo cierre""]","[""cambio brusco"", ""pantallas tarde"", ""muchas instrucciones"", ""presión escolar""]",0.32,3,2026-05-31T21:00:00,2026-03-19T21:00:00,2026-05-31T21:00:00
0179d056-42d0-455c-ac24-0f92df389d1f,e78d2a4c-c84e-4e06-8631-e0878e4df38f,84980125-56a4-4595-9c61-804cb1ed2bfb,sobrecarga_sensorial,"[""microacciones"", ""menos palabras"", ""una sola indicación"", ""pausa breve""]","[""preguntar demasiado"", ""corregir en el pico"", ""pantallas tarde"", ""forzar explicación""]",0.36,4,2026-05-31T11:15:00,2026-04-06T11:15:00,2026-05-31T11:15:00
de2e42c8-3c15-4e8c-823f-7ede49b7f04b,e78d2a4c-c84e-4e06-8631-e0878e4df38f,84980125-56a4-4595-9c61-804cb1ed2bfb,transicion_rigidez,"[""pausa breve"", ""menos ruido""]","[""presión escolar"", ""cambio brusco""]",0.28,2,2026-05-29T21:00:00,2026-05-08T21:00:00,2026-05-29T21:00:00
7ecb1c7f-6297-4feb-b22b-2278d8abad8f,e78d2a4c-c84e-4e06-8631-e0878e4df38f,84980125-56a4-4595-9c61-804cb1ed2bfb,sueno_regulacion,"[""mismo cierre"", ""validación"", ""menos ruido"", ""menos palabras""]","[""forzar explicación"", ""gritar"", ""presión escolar"", ""muchas instrucciones""]",0.32,3,2026-05-30T23:00:00,2026-03-29T23:00:00,2026-05-30T23:00:00
97100c74-803c-43a9-9dfb-be08b239ed7f,e78d2a4c-c84e-4e06-8631-e0878e4df38f,84980125-56a4-4595-9c61-804cb1ed2bfb,crisis_activa,"[""pausa breve"", ""una sola indicación"", ""validación"", ""microacciones""]","[""preguntar demasiado"", ""demasiado ruido"", ""cambio brusco"", ""gritar""]",0.44,6,2026-05-31T21:00:00,2026-04-24T21:00:00,2026-05-31T21:00:00
bd469df8-6f52-4b3f-8de3-7bee8b438452,e78d2a4c-c84e-4e06-8631-e0878e4df38f,84980125-56a4-4595-9c61-804cb1ed2bfb,apoyo_general,"[""anticipación"", ""menos palabras"", ""bajar luces"", ""una sola indicación""]","[""pantallas tarde"", ""gritar"", ""preguntar demasiado"", ""apurar demasiado""]",0.4,5,2026-05-31T21:00:00,2026-04-01T21:00:00,2026-05-31T21:00:00
3dc3d130-0ac0-4ad1-bfe3-a3dc15ca746d,42233187-9ab3-4290-ad23-ffa842a57980,f4a05518-2e09-4b96-b9e5-973f603427a2,crisis_activa,"[""menos ruido"", ""dar tiempo"", ""validación"", ""mismo cierre""]","[""pantallas tarde"", ""gritar"", ""cambio brusco"", ""demasiado ruido""]",0.44,6,2026-05-29T21:00:00,2026-04-13T21:00:00,2026-05-29T21:00:00
6e4ebca5-d922-4648-b72a-2ba7b091fefc,42233187-9ab3-4290-ad23-ffa842a57980,f4a05518-2e09-4b96-b9e5-973f603427a2,sobrecarga_sensorial,"[""microacciones"", ""menos palabras"", ""anticipación"", ""una sola indicación""]","[""corregir en el pico"", ""pantallas tarde"", ""apurar demasiado"", ""cambio brusco""]",0.28,2,2026-05-29T06:33:00,2026-04-30T06:33:00,2026-05-29T06:33:00
ceba7712-4b11-4ed4-90ac-f9262b3b32d4,42233187-9ab3-4290-ad23-ffa842a57980,f4a05518-2e09-4b96-b9e5-973f603427a2,sueno_regulacion,"[""menos ruido"", ""una sola indicación"", ""menos palabras"", ""anticipación""]","[""pantallas tarde"", ""gritar"", ""demasiado ruido"", ""corregir en el pico""]",0.32,3,2026-05-30T03:00:00,2026-03-27T03:00:00,2026-05-30T03:00:00
25737b40-f1ea-4563-81bb-861a274d7934,42233187-9ab3-4290-ad23-ffa842a57980,f4a05518-2e09-4b96-b9e5-973f603427a2,sobrecarga_cuidador,"[""mismo cierre"", ""menos ruido""]","[""presión escolar"", ""apurar demasiado"", ""gritar"", ""muchas instrucciones""]",0.28,2,2026-05-31T00:00:00,2026-03-21T00:00:00,2026-05-31T00:00:00
83a63a67-1b2b-4aff-a817-a9e960510d07,42233187-9ab3-4290-ad23-ffa842a57980,f4a05518-2e09-4b96-b9e5-973f603427a2,disfuncion_ejecutiva,"[""validación"", ""microacciones"", ""pausa breve"", ""menos palabras""]","[""muchas instrucciones"", ""preguntar demasiado"", ""corregir en el pico"", ""apurar demasiado""]",0.4,5,2026-05-28T21:00:00,2026-04-15T21:00:00,2026-05-28T21:00:00
6f86a5e5-125b-4911-9be5-c7c80a763c42,42233187-9ab3-4290-ad23-ffa842a57980,f4a05518-2e09-4b96-b9e5-973f603427a2,apoyo_general,"[""menos palabras"", ""dar tiempo"", ""mismo cierre"", ""pausa breve""]","[""preguntar demasiado"", ""cambio brusco"", ""corregir en el pico"", ""apurar demasiado""]",0.32,3,2026-05-30T21:00:00,2026-03-12T21:00:00,2026-05-30T21:00:00
2d7858c0-3d0a-4876-a923-8c609e6b9bca,42233187-9ab3-4290-ad23-ffa842a57980,f4a05518-2e09-4b96-b9e5-973f603427a2,transicion_rigidez,"[""mismo cierre""]","[""muchas instrucciones"", ""apurar demasiado"", ""forzar explicación""]",0.28,2,2026-05-31T21:00:00,2026-04-03T21:00:00,2026-05-31T21:00:00
491d5dc8-31b2-4143-a78d-71c7736830b5,6340c30f-8b5b-4d32-8039-1e311ffb1075,ea45fd99-725d-4d91-9778-301490c11bec,apoyo_general,"[""microacciones"", ""una sola indicación"", ""mismo cierre"", ""menos palabras""]","[""demasiado ruido"", ""gritar"", ""cambio brusco"", ""apurar demasiado""]",0.48,7,2026-05-30T21:00:00,2026-03-11T21:00:00,2026-05-30T21:00:00
1c57a255-7494-469d-ad8e-8027654fb87d,6340c30f-8b5b-4d32-8039-1e311ffb1075,ea45fd99-725d-4d91-9778-301490c11bec,crisis_activa,"[""microacciones"", ""pausa breve"", ""menos palabras""]","[""apurar demasiado"", ""forzar explicación"", ""presión escolar"", ""preguntar demasiado""]",0.32,3,2026-05-27T21:00:00,2026-05-03T21:00:00,2026-05-27T21:00:00
74789443-c08d-4f52-87fe-9aa4320207ee,6340c30f-8b5b-4d32-8039-1e311ffb1075,ea45fd99-725d-4d91-9778-301490c11bec,sobrecarga_sensorial,"[""anticipación"", ""bajar luces"", ""mismo cierre""]","[""forzar explicación"", ""cambio brusco"", ""pantallas tarde""]",0.32,3,2026-05-28T21:00:00,2026-05-07T21:00:00,2026-05-28T21:00:00
b48a97d1-4eef-4628-8bbf-9c48265f4ff1,6340c30f-8b5b-4d32-8039-1e311ffb1075,ea45fd99-725d-4d91-9778-301490c11bec,sueno_regulacion,"[""pausa breve"", ""una sola indicación"", ""bajar luces"", ""menos ruido""]","[""pantallas tarde"", ""gritar"", ""demasiado ruido"", ""presión escolar""]",0.4,5,2026-05-30T20:36:00,2026-04-22T20:36:00,2026-05-30T20:36:00
ce996253-5828-4d93-835a-701c9bd06e68,6340c30f-8b5b-4d32-8039-1e311ffb1075,ea45fd99-725d-4d91-9778-301490c11bec,sobrecarga_cuidador,"[""bajar luces"", ""anticipación"", ""mismo cierre"", ""una sola indicación""]","[""demasiado ruido"", ""apurar demasiado"", ""pantallas tarde"", ""forzar explicación""]",0.32,3,2026-05-31T21:00:00,2026-05-06T21:00:00,2026-05-31T21:00:00
b0498f4f-ec42-4a46-af7d-e9cc5545742f,6340c30f-8b5b-4d32-8039-1e311ffb1075,ea45fd99-725d-4d91-9778-301490c11bec,disfuncion_ejecutiva,"[""anticipación""]","[""preguntar demasiado"", ""gritar""]",0.24,1,2026-05-30T21:00:00,2026-05-09T21:00:00,2026-05-30T21:00:00
d0a16c21-0788-49d8-936e-da9f4a8ff5e4,6340c30f-8b5b-4d32-8039-1e311ffb1075,ea45fd99-725d-4d91-9778-301490c11bec,transicion_rigidez,"[""menos palabras"", ""pausa breve""]","[""corregir en el pico""]",0.24,1,2026-05-31T03:00:00,2026-05-06T03:00:00,2026-05-31T03:00:00
d1f839af-5062-4ef1-a804-57e3f0a10d68,03f2fa32-6c8e-489f-a286-c7f4bf6e34cc,33adc609-c3f3-4023-8411-a8d5e96da91c,sobrecarga_sensorial,"[""menos ruido"", ""dar tiempo"", ""una sola indicación"", ""validación""]","[""pantallas tarde"", ""forzar explicación"", ""apurar demasiado"", ""demasiado ruido""]",0.32,3,2026-05-30T05:00:00,2026-04-11T05:00:00,2026-05-30T05:00:00
1cf927c2-0a6a-445d-a7ef-7d4c5c1bddcc,03f2fa32-6c8e-489f-a286-c7f4bf6e34cc,33adc609-c3f3-4023-8411-a8d5e96da91c,sueno_regulacion,"[""bajar luces""]","[""apurar demasiado""]",0.24,1,2026-04-16T19:29:00,2026-01-28T19:29:00,2026-04-16T19:29:00
562925c9-6fc9-4416-bee8-b826845ebd10,03f2fa32-6c8e-489f-a286-c7f4bf6e34cc,33adc609-c3f3-4023-8411-a8d5e96da91c,transicion_rigidez,"[""mismo cierre"", ""validación"", ""dar tiempo"", ""una sola indicación""]","[""cambio brusco"", ""apurar demasiado"", ""demasiado ruido"", ""forzar explicación""]",0.44,6,2026-05-30T21:00:00,2026-04-28T21:00:00,2026-05-30T21:00:00
1ae207e7-e2a4-487b-84bc-190db789f567,03f2fa32-6c8e-489f-a286-c7f4bf6e34cc,33adc609-c3f3-4023-8411-a8d5e96da91c,disfuncion_ejecutiva,"[""mismo cierre"", ""validación"", ""menos palabras""]","[""pantallas tarde"", ""muchas instrucciones"", ""apurar demasiado"", ""cambio brusco""]",0.28,2,2026-05-31T21:00:00,2026-03-16T21:00:00,2026-05-31T21:00:00
bcd2b76a-bcea-4f43-b10a-f54d3b28ef50,03f2fa32-6c8e-489f-a286-c7f4bf6e34cc,33adc609-c3f3-4023-8411-a8d5e96da91c,apoyo_general,"[""dar tiempo"", ""bajar luces"", ""menos palabras"", ""mismo cierre""]","[""preguntar demasiado"", ""forzar explicación"", ""pantallas tarde"", ""presión escolar""]",0.44,6,2026-05-31T21:00:00,2026-05-06T21:00:00,2026-05-31T21:00:00
eb477cd6-beb4-4f3a-a5e1-77b7a3f23307,03f2fa32-6c8e-489f-a286-c7f4bf6e34cc,33adc609-c3f3-4023-8411-a8d5e96da91c,sobrecarga_cuidador,"[""menos ruido"", ""microacciones"", ""menos palabras"", ""mismo cierre""]","[""gritar"", ""preguntar demasiado"", ""presión escolar""]",0.32,3,2026-05-29T21:00:00,2026-04-04T21:00:00,2026-05-29T21:00:00
ffcf126d-45e7-47a2-878b-12f5614d55c9,03f2fa32-6c8e-489f-a286-c7f4bf6e34cc,33adc609-c3f3-4023-8411-a8d5e96da91c,crisis_activa,"[""mismo cierre"", ""una sola indicación"", ""menos ruido"", ""menos palabras""]","[""demasiado ruido"", ""corregir en el pico"", ""gritar"", ""cambio brusco""]",0.28,2,2026-05-28T23:00:00,2026-04-27T23:00:00,2026-05-28T23:00:00
f1820449-8f69-4dd0-a23f-823303c908e6,bb844779-7042-4616-8b3c-d7bd921fbbde,f6bafba5-caae-4adf-a51d-c90de56797f0,disfuncion_ejecutiva,"[""mismo cierre"", ""dar tiempo"", ""validación"", ""anticipación""]","[""cambio brusco"", ""preguntar demasiado"", ""forzar explicación""]",0.32,3,2026-05-26T19:41:00,2026-04-04T19:41:00,2026-05-26T19:41:00
4fd15efe-d789-4921-82a0-09f402d8630d,bb844779-7042-4616-8b3c-d7bd921fbbde,f6bafba5-caae-4adf-a51d-c90de56797f0,sobrecarga_sensorial,"[""dar tiempo"", ""microacciones"", ""mismo cierre"", ""bajar luces""]","[""demasiado ruido"", ""pantallas tarde"", ""muchas instrucciones"", ""presión escolar""]",0.36,4,2026-05-31T02:00:00,2026-04-25T02:00:00,2026-05-31T02:00:00
aa4caccc-935f-43f5-aa23-8358ea3261a2,bb844779-7042-4616-8b3c-d7bd921fbbde,f6bafba5-caae-4adf-a51d-c90de56797f0,crisis_activa,"[""pausa breve"", ""microacciones""]","[""forzar explicación"", ""preguntar demasiado"", ""cambio brusco""]",0.32,3,2026-05-29T21:00:00,2026-03-10T21:00:00,2026-05-29T21:00:00
9c68bf7f-80f0-4289-9d3d-a7fc607218f8,bb844779-7042-4616-8b3c-d7bd921fbbde,f6bafba5-caae-4adf-a51d-c90de56797f0,apoyo_general,"[""menos ruido"", ""bajar luces"", ""dar tiempo"", ""una sola indicación""]","[""preguntar demasiado"", ""pantallas tarde"", ""forzar explicación"", ""gritar""]",0.52,8,2026-05-31T05:41:00,2026-03-28T05:41:00,2026-05-31T05:41:00
dd91a8bc-a44f-4f5a-baad-8ab93cd2b434,bb844779-7042-4616-8b3c-d7bd921fbbde,f6bafba5-caae-4adf-a51d-c90de56797f0,sueno_regulacion,"[""mismo cierre"", ""menos ruido"", ""pausa breve""]","[""gritar"", ""forzar explicación"", ""corregir en el pico"", ""pantallas tarde""]",0.28,2,2026-05-29T21:00:00,2026-04-08T21:00:00,2026-05-29T21:00:00
9404b265-e22c-47f5-ac83-8a9b707e44b0,bb844779-7042-4616-8b3c-d7bd921fbbde,f6bafba5-caae-4adf-a51d-c90de56797f0,sobrecarga_cuidador,"[""microacciones"", ""menos palabras"", ""pausa breve"", ""una sola indicación""]","[""cambio brusco"", ""forzar explicación"", ""corregir en el pico"", ""preguntar demasiado""]",0.32,3,2026-05-31T00:00:00,2026-04-02T00:00:00,2026-05-31T00:00:00
17f27177-7d0c-47aa-a86c-128bee01725d,cabd734c-419f-4c8e-ab9a-1b200e593abe,bb64bfd0-2878-4d2c-a172-94d611568f82,apoyo_general,"[""una sola indicación"", ""microacciones"", ""menos palabras"", ""pausa breve""]","[""presión escolar"", ""gritar"", ""demasiado ruido"", ""muchas instrucciones""]",0.28,2,2026-05-28T22:46:00,2026-04-28T22:46:00,2026-05-28T22:46:00
1b3450dc-6fcc-4e8e-b3f2-240e36246c5b,cabd734c-419f-4c8e-ab9a-1b200e593abe,bb64bfd0-2878-4d2c-a172-94d611568f82,transicion_rigidez,"[""anticipación"", ""validación"", ""mismo cierre"", ""dar tiempo""]","[""forzar explicación"", ""apurar demasiado"", ""pantallas tarde"", ""gritar""]",0.36,4,2026-05-31T01:00:00,2026-05-03T01:00:00,2026-05-31T01:00:00
70564b26-a0a4-4586-b959-e5896f363983,cabd734c-419f-4c8e-ab9a-1b200e593abe,bb64bfd0-2878-4d2c-a172-94d611568f82,sobrecarga_sensorial,"[""microacciones"", ""pausa breve"", ""bajar luces"", ""anticipación""]","[""corregir en el pico"", ""forzar explicación"", ""gritar"", ""cambio brusco""]",0.56,9,2026-05-31T02:00:00,2026-04-22T02:00:00,2026-05-31T02:00:00
cfa7d4ac-9920-44c2-994c-2c295de64f1d,cabd734c-419f-4c8e-ab9a-1b200e593abe,bb64bfd0-2878-4d2c-a172-94d611568f82,sueno_regulacion,"[""mismo cierre"", ""bajar luces"", ""pausa breve"", ""dar tiempo""]","[""preguntar demasiado"", ""apurar demasiado""]",0.28,2,2026-05-29T21:00:00,2026-03-16T21:00:00,2026-05-29T21:00:00
07999ee9-017b-4cd5-84bc-43192e537bec,cabd734c-419f-4c8e-ab9a-1b200e593abe,bb64bfd0-2878-4d2c-a172-94d611568f82,sobrecarga_cuidador,"[""menos palabras"", ""mismo cierre"", ""una sola indicación""]","[""forzar explicación"", ""demasiado ruido"", ""pantallas tarde""]",0.28,2,2026-05-31T21:00:00,2026-03-30T21:00:00,2026-05-31T21:00:00
0e964873-e8cc-4eb4-8465-e964e4e5b407,cabd734c-419f-4c8e-ab9a-1b200e593abe,bb64bfd0-2878-4d2c-a172-94d611568f82,crisis_activa,"[""dar tiempo"", ""pausa breve"", ""bajar luces"", ""menos ruido""]","[""cambio brusco"", ""presión escolar"", ""muchas instrucciones"", ""demasiado ruido""]",0.32,3,2026-05-30T21:00:00,2026-05-04T21:00:00,2026-05-30T21:00:00
9f831db8-c02d-40b2-be87-0e7f77a4984e,cabd734c-419f-4c8e-ab9a-1b200e593abe,bb64bfd0-2878-4d2c-a172-94d611568f82,disfuncion_ejecutiva,"[""dar tiempo""]","[""forzar explicación"", ""presión escolar""]",0.24,1,2026-05-29T21:00:00,2026-04-29T21:00:00,2026-05-29T21:00:00
64fd3a53-8d59-4a70-8558-5cd4d18bb9ef,4d24738a-b4e1-4bcb-a1e8-68ac77e73d1a,ccf3b701-1e3f-4db5-bc96-bc160f02af3a,sueno_regulacion,"[""menos palabras""]","[""cambio brusco"", ""apurar demasiado"", ""gritar""]",0.28,2,2026-05-31T21:00:00,2026-03-31T21:00:00,2026-05-31T21:00:00
f91a53a0-7f91-4eba-a75f-784effd7acdb,4d24738a-b4e1-4bcb-a1e8-68ac77e73d1a,ccf3b701-1e3f-4db5-bc96-bc160f02af3a,disfuncion_ejecutiva,"[""dar tiempo"", ""menos palabras"", ""microacciones"", ""menos ruido""]","[""preguntar demasiado"", ""forzar explicación"", ""apurar demasiado"", ""muchas instrucciones""]",0.36,4,2026-05-31T21:00:00,2026-04-25T21:00:00,2026-05-31T21:00:00
bcd53571-75cb-458b-8708-b5c7010b54fe,4d24738a-b4e1-4bcb-a1e8-68ac77e73d1a,ccf3b701-1e3f-4db5-bc96-bc160f02af3a,sobrecarga_cuidador,"[""menos palabras"", ""dar tiempo"", ""validación""]","[""apurar demasiado"", ""preguntar demasiado"", ""presión escolar"", ""muchas instrucciones""]",0.36,4,2026-05-30T18:37:00,2026-03-16T18:37:00,2026-05-30T18:37:00
88f62847-a93a-4de9-b80b-56c742df666d,4d24738a-b4e1-4bcb-a1e8-68ac77e73d1a,ccf3b701-1e3f-4db5-bc96-bc160f02af3a,crisis_activa,"[""microacciones"", ""dar tiempo"", ""validación"", ""anticipación""]","[""muchas instrucciones"", ""gritar"", ""preguntar demasiado"", ""demasiado ruido""]",0.44,6,2026-05-30T21:00:00,2026-03-27T21:00:00,2026-05-30T21:00:00
9e4e7584-b9c8-40b5-b6db-ad164aefeabe,4d24738a-b4e1-4bcb-a1e8-68ac77e73d1a,ccf3b701-1e3f-4db5-bc96-bc160f02af3a,sobrecarga_sensorial,"[""validación"", ""una sola indicación"", ""menos ruido"", ""microacciones""]","[""demasiado ruido"", ""presión escolar"", ""preguntar demasiado"", ""pantallas tarde""]",0.4,5,2026-05-31T21:00:00,2026-03-22T21:00:00,2026-05-31T21:00:00
3c1a42a6-adf9-40d8-bb17-0429e8b0c56e,4d24738a-b4e1-4bcb-a1e8-68ac77e73d1a,ccf3b701-1e3f-4db5-bc96-bc160f02af3a,transicion_rigidez,[],"[""pantallas tarde""]",0.24,1,2026-05-28T21:00:00,2026-03-10T21:00:00,2026-05-28T21:00:00
43817ae1-453c-48f5-af09-e07713918c48,4d24738a-b4e1-4bcb-a1e8-68ac77e73d1a,ccf3b701-1e3f-4db5-bc96-bc160f02af3a,apoyo_general,"[""anticipación"", ""una sola indicación"", ""validación""]","[""gritar"", ""muchas instrucciones"", ""demasiado ruido""]",0.24,1,2026-05-28T21:00:00,2026-04-17T21:00:00,2026-05-28T21:00:00
63f10818-62cd-4545-9f40-f307ddd33f2b,6b250bbf-6ea6-42d7-ac1a-e715215ed167,e7bfc81a-b82c-4828-8c9f-5d5cccf09396,disfuncion_ejecutiva,"[""una sola indicación"", ""anticipación"", ""pausa breve"", ""mismo cierre""]","[""demasiado ruido"", ""cambio brusco"", ""muchas instrucciones"", ""apurar demasiado""]",0.32,3,2026-05-30T19:57:00,2026-05-02T19:57:00,2026-05-30T19:57:00
82698efe-3b25-44ae-9a28-34db274497c9,6b250bbf-6ea6-42d7-ac1a-e715215ed167,e7bfc81a-b82c-4828-8c9f-5d5cccf09396,sobrecarga_cuidador,"[""validación"", ""microacciones"", ""bajar luces"", ""dar tiempo""]","[""cambio brusco"", ""preguntar demasiado"", ""muchas instrucciones"", ""pantallas tarde""]",0.36,4,2026-05-20T13:37:00,2026-03-14T13:37:00,2026-05-20T13:37:00
39a67de6-a9c6-4677-8723-8f24b0d3f72e,6b250bbf-6ea6-42d7-ac1a-e715215ed167,e7bfc81a-b82c-4828-8c9f-5d5cccf09396,transicion_rigidez,"[""anticipación"", ""mismo cierre""]","[""preguntar demasiado"", ""muchas instrucciones""]",0.24,1,2026-04-08T15:18:00,2026-02-22T15:18:00,2026-04-08T15:18:00
6dd592c0-c268-44d8-b065-bdbc97f1c5fb,6b250bbf-6ea6-42d7-ac1a-e715215ed167,e7bfc81a-b82c-4828-8c9f-5d5cccf09396,apoyo_general,"[""anticipación"", ""una sola indicación"", ""dar tiempo"", ""mismo cierre""]","[""presión escolar"", ""preguntar demasiado"", ""cambio brusco"", ""muchas instrucciones""]",0.52,8,2026-05-31T03:00:00,2026-05-04T03:00:00,2026-05-31T03:00:00
d434c527-017d-4cd7-9630-12264eeb5620,6b250bbf-6ea6-42d7-ac1a-e715215ed167,e7bfc81a-b82c-4828-8c9f-5d5cccf09396,crisis_activa,"[""una sola indicación"", ""mismo cierre"", ""microacciones"", ""menos ruido""]","[""muchas instrucciones"", ""corregir en el pico"", ""pantallas tarde"", ""preguntar demasiado""]",0.36,4,2026-05-29T21:00:00,2026-04-02T21:00:00,2026-05-29T21:00:00
a29b40a1-5465-4781-ab8b-66ad3697f0ff,6b250bbf-6ea6-42d7-ac1a-e715215ed167,e7bfc81a-b82c-4828-8c9f-5d5cccf09396,sueno_regulacion,"[""menos ruido"", ""microacciones""]","[""demasiado ruido"", ""pantallas tarde""]",0.24,1,2026-05-05T10:18:00,2026-04-03T10:18:00,2026-05-05T10:18:00
a637917c-9494-4f73-96f8-e9b4062c7c1d,6b250bbf-6ea6-42d7-ac1a-e715215ed167,e7bfc81a-b82c-4828-8c9f-5d5cccf09396,sobrecarga_sensorial,"[""validación"", ""dar tiempo"", ""una sola indicación""]","[""cambio brusco"", ""preguntar demasiado""]",0.28,2,2026-05-28T21:00:00,2026-05-05T21:00:00,2026-05-28T21:00:00
400435f8-5124-475d-a901-dc486e0d3d04,0eeb0b95-213d-4d0f-817b-4b931bd93b1b,6a6a053b-ad54-4604-9fda-9a67f8fe97e2,sobrecarga_sensorial,"[""anticipación"", ""menos palabras"", ""bajar luces"", ""una sola indicación""]","[""corregir en el pico"", ""muchas instrucciones""]",0.28,2,2026-05-31T21:00:00,2026-03-19T21:00:00,2026-05-31T21:00:00
e933cb39-f83e-4391-9d3c-9033b106dd1f,0eeb0b95-213d-4d0f-817b-4b931bd93b1b,6a6a053b-ad54-4604-9fda-9a67f8fe97e2,apoyo_general,"[""anticipación"", ""menos palabras"", ""validación"", ""menos ruido""]","[""corregir en el pico"", ""cambio brusco"", ""preguntar demasiado"", ""muchas instrucciones""]",0.4,5,2026-05-31T21:00:00,2026-04-01T21:00:00,2026-05-31T21:00:00
8cfa9df1-fcb1-4127-afc8-99008b6bfc6f,0eeb0b95-213d-4d0f-817b-4b931bd93b1b,6a6a053b-ad54-4604-9fda-9a67f8fe97e2,sueno_regulacion,"[""anticipación"", ""una sola indicación"", ""microacciones""]","[""cambio brusco""]",0.28,2,2026-05-31T02:00:00,2026-05-05T02:00:00,2026-05-31T02:00:00
efaf0d79-ffde-43c7-8e9a-b3bf48610e90,0eeb0b95-213d-4d0f-817b-4b931bd93b1b,6a6a053b-ad54-4604-9fda-9a67f8fe97e2,disfuncion_ejecutiva,"[""bajar luces"", ""microacciones"", ""mismo cierre"", ""menos palabras""]","[""apurar demasiado"", ""pantallas tarde"", ""corregir en el pico"", ""muchas instrucciones""]",0.32,3,2026-05-31T21:00:00,2026-05-10T21:00:00,2026-05-31T21:00:00
168502b9-eeb6-46b6-b7e7-7274e871ed20,0eeb0b95-213d-4d0f-817b-4b931bd93b1b,6a6a053b-ad54-4604-9fda-9a67f8fe97e2,sobrecarga_cuidador,"[""una sola indicación"", ""mismo cierre"", ""anticipación"", ""validación""]","[""apurar demasiado"", ""demasiado ruido"", ""forzar explicación"", ""pantallas tarde""]",0.4,5,2026-05-30T21:00:00,2026-04-23T21:00:00,2026-05-30T21:00:00
b3c522f0-11ae-46db-b4e9-9248da92a9c4,0eeb0b95-213d-4d0f-817b-4b931bd93b1b,6a6a053b-ad54-4604-9fda-9a67f8fe97e2,transicion_rigidez,"[""pausa breve"", ""bajar luces"", ""dar tiempo"", ""validación""]","[""gritar"", ""presión escolar"", ""cambio brusco"", ""muchas instrucciones""]",0.36,4,2026-05-30T04:00:00,2026-03-19T04:00:00,2026-05-30T04:00:00
dc697a55-4013-463b-aef0-709aab598233,0eeb0b95-213d-4d0f-817b-4b931bd93b1b,6a6a053b-ad54-4604-9fda-9a67f8fe97e2,crisis_activa,"[""mismo cierre"", ""pausa breve"", ""una sola indicación""]","[""presión escolar"", ""demasiado ruido"", ""cambio brusco"", ""preguntar demasiado""]",0.28,2,2026-05-30T21:00:00,2026-04-05T21:00:00,2026-05-30T21:00:00
5f282506-6d3a-4caf-9137-e8bbc556be86,669609ff-54c3-4f7c-b479-68e3a02fb4c8,025bba66-5f6d-4b4e-bd01-ee3a9c8f7195,sobrecarga_sensorial,"[""menos palabras"", ""mismo cierre"", ""pausa breve"", ""dar tiempo""]","[""apurar demasiado"", ""forzar explicación"", ""pantallas tarde"", ""preguntar demasiado""]",0.36,4,2026-05-30T21:00:00,2026-05-03T21:00:00,2026-05-30T21:00:00
35b324b2-8b58-4db7-8dc1-c82df487ae2b,669609ff-54c3-4f7c-b479-68e3a02fb4c8,025bba66-5f6d-4b4e-bd01-ee3a9c8f7195,sobrecarga_cuidador,"[""menos ruido"", ""microacciones"", ""pausa breve"", ""dar tiempo""]","[""forzar explicación"", ""presión escolar"", ""pantallas tarde"", ""preguntar demasiado""]",0.36,4,2026-05-30T21:00:00,2026-04-01T21:00:00,2026-05-30T21:00:00
df72dbac-b717-4947-85f2-c4a121237ad5,669609ff-54c3-4f7c-b479-68e3a02fb4c8,025bba66-5f6d-4b4e-bd01-ee3a9c8f7195,disfuncion_ejecutiva,"[""menos ruido"", ""mismo cierre"", ""menos palabras"", ""validación""]","[""pantallas tarde"", ""preguntar demasiado"", ""demasiado ruido"", ""cambio brusco""]",0.36,4,2026-05-31T21:00:00,2026-04-25T21:00:00,2026-05-31T21:00:00
e06bbbb1-3777-40cb-86ac-bf3b376b4f03,669609ff-54c3-4f7c-b479-68e3a02fb4c8,025bba66-5f6d-4b4e-bd01-ee3a9c8f7195,crisis_activa,"[""validación"", ""una sola indicación"", ""microacciones"", ""anticipación""]","[""preguntar demasiado"", ""forzar explicación"", ""cambio brusco"", ""gritar""]",0.32,3,2026-05-31T21:00:00,2026-04-23T21:00:00,2026-05-31T21:00:00
3da0ce87-19ee-400b-a140-0487f497fc25,669609ff-54c3-4f7c-b479-68e3a02fb4c8,025bba66-5f6d-4b4e-bd01-ee3a9c8f7195,apoyo_general,"[""una sola indicación"", ""menos ruido"", ""bajar luces"", ""microacciones""]","[""gritar"", ""cambio brusco"", ""forzar explicación"", ""corregir en el pico""]",0.4,5,2026-05-31T21:00:00,2026-05-04T21:00:00,2026-05-31T21:00:00
42fb77de-ff36-427b-9d17-d87edc382542,669609ff-54c3-4f7c-b479-68e3a02fb4c8,025bba66-5f6d-4b4e-bd01-ee3a9c8f7195,sueno_regulacion,"[""bajar luces""]","[""demasiado ruido"", ""forzar explicación"", ""presión escolar""]",0.24,1,2026-05-01T13:30:00,2026-04-05T13:30:00,2026-05-01T13:30:00
9bbf2f86-fedc-48c1-b196-6b8046a9fa2d,669609ff-54c3-4f7c-b479-68e3a02fb4c8,025bba66-5f6d-4b4e-bd01-ee3a9c8f7195,transicion_rigidez,"[""validación"", ""menos ruido""]","[""gritar"", ""pantallas tarde"", ""cambio brusco"", ""presión escolar""]",0.28,2,2026-05-31T16:38:00,2026-04-15T16:38:00,2026-05-31T16:38:00
eed0cd05-a467-446f-9981-7c0a92ccfde9,d691ff58-3270-4370-8017-5091091f2369,9143abc3-6961-4eb8-a76c-0468c6e4a505,apoyo_general,"[""mismo cierre"", ""pausa breve"", ""menos palabras"", ""anticipación""]","[""demasiado ruido"", ""preguntar demasiado"", ""apurar demasiado"", ""forzar explicación""]",0.4,5,2026-05-30T21:00:00,2026-04-05T21:00:00,2026-05-30T21:00:00
52b2ad6b-52ad-4d92-8120-f001ad42a939,d691ff58-3270-4370-8017-5091091f2369,9143abc3-6961-4eb8-a76c-0468c6e4a505,sobrecarga_sensorial,"[""menos ruido"", ""mismo cierre"", ""validación"", ""bajar luces""]","[""presión escolar"", ""cambio brusco"", ""pantallas tarde"", ""muchas instrucciones""]",0.32,3,2026-05-30T21:00:00,2026-03-31T21:00:00,2026-05-30T21:00:00
da202688-153d-4c2b-93ed-939262af7371,d691ff58-3270-4370-8017-5091091f2369,9143abc3-6961-4eb8-a76c-0468c6e4a505,disfuncion_ejecutiva,"[""microacciones"", ""pausa breve"", ""mismo cierre"", ""bajar luces""]","[""gritar"", ""forzar explicación"", ""demasiado ruido"", ""muchas instrucciones""]",0.44,6,2026-05-31T21:00:00,2026-04-26T21:00:00,2026-05-31T21:00:00
d625e694-e623-4ff7-a682-ff0b164a200d,d691ff58-3270-4370-8017-5091091f2369,9143abc3-6961-4eb8-a76c-0468c6e4a505,sueno_regulacion,"[""microacciones"", ""validación"", ""menos ruido""]","[""gritar"", ""pantallas tarde"", ""corregir en el pico""]",0.28,2,2026-05-30T13:05:00,2026-04-03T13:05:00,2026-05-30T13:05:00
62b27bdb-2320-4b6a-8519-8ec5efa23a3a,d691ff58-3270-4370-8017-5091091f2369,9143abc3-6961-4eb8-a76c-0468c6e4a505,transicion_rigidez,"[""dar tiempo"", ""pausa breve"", ""menos ruido"", ""mismo cierre""]","[""pantallas tarde"", ""apurar demasiado"", ""preguntar demasiado"", ""gritar""]",0.32,3,2026-05-31T21:00:00,2026-03-27T21:00:00,2026-05-31T21:00:00
c7801f7b-6aa1-41b9-ad00-09fa1ef574b3,d691ff58-3270-4370-8017-5091091f2369,9143abc3-6961-4eb8-a76c-0468c6e4a505,crisis_activa,"[""menos palabras"", ""microacciones""]","[""pantallas tarde"", ""preguntar demasiado""]",0.28,2,2026-05-31T21:00:00,2026-04-02T21:00:00,2026-05-31T21:00:00
b6bf118e-d73e-4e79-a099-6237336adcb3,d691ff58-3270-4370-8017-5091091f2369,9143abc3-6961-4eb8-a76c-0468c6e4a505,sobrecarga_cuidador,"[""menos palabras"", ""dar tiempo"", ""menos ruido""]","[""preguntar demasiado"", ""presión escolar"", ""demasiado ruido"", ""forzar explicación""]",0.28,2,2026-05-30T21:00:00,2026-03-31T21:00:00,2026-05-30T21:00:00
4073c934-48e9-4421-bdf4-6a0f15b00298,c5a1179e-a492-4240-b4ae-bd69ba8f7037,74631c3f-3508-4bc9-afce-e39cf4a2638b,transicion_rigidez,"[""una sola indicación"", ""menos palabras"", ""dar tiempo"", ""menos ruido""]","[""apurar demasiado"", ""forzar explicación"", ""preguntar demasiado"", ""gritar""]",0.44,6,2026-05-29T08:00:00,2026-03-12T08:00:00,2026-05-29T08:00:00
ff33ff88-1f55-4ac7-82de-715793651ab7,c5a1179e-a492-4240-b4ae-bd69ba8f7037,74631c3f-3508-4bc9-afce-e39cf4a2638b,sobrecarga_cuidador,"[""anticipación"", ""mismo cierre"", ""menos ruido"", ""validación""]","[""forzar explicación"", ""demasiado ruido"", ""corregir en el pico"", ""presión escolar""]",0.36,4,2026-05-31T21:00:00,2026-03-17T21:00:00,2026-05-31T21:00:00
4a1fc536-5c84-4af4-b620-d46283bc0ecd,c5a1179e-a492-4240-b4ae-bd69ba8f7037,74631c3f-3508-4bc9-afce-e39cf4a2638b,disfuncion_ejecutiva,"[""menos palabras"", ""pausa breve"", ""microacciones"", ""menos ruido""]","[""presión escolar"", ""forzar explicación"", ""demasiado ruido"", ""apurar demasiado""]",0.4,5,2026-05-30T21:00:00,2026-03-26T21:00:00,2026-05-30T21:00:00
515a7a05-423c-46ce-82bd-a90d4cde13e6,c5a1179e-a492-4240-b4ae-bd69ba8f7037,74631c3f-3508-4bc9-afce-e39cf4a2638b,sueno_regulacion,"[""anticipación"", ""microacciones""]","[""pantallas tarde"", ""demasiado ruido""]",0.28,2,2026-05-31T20:01:00,2026-03-12T20:01:00,2026-05-31T20:01:00
8acdf2b0-864d-4d6f-afe7-06447252ca7d,c5a1179e-a492-4240-b4ae-bd69ba8f7037,74631c3f-3508-4bc9-afce-e39cf4a2638b,apoyo_general,"[""dar tiempo"", ""mismo cierre"", ""microacciones"", ""menos ruido""]","[""corregir en el pico"", ""pantallas tarde"", ""forzar explicación"", ""cambio brusco""]",0.32,3,2026-05-31T21:00:00,2026-04-22T21:00:00,2026-05-31T21:00:00
169e7514-8a64-4131-abbf-cbe1964eea65,c5a1179e-a492-4240-b4ae-bd69ba8f7037,74631c3f-3508-4bc9-afce-e39cf4a2638b,sobrecarga_sensorial,"[""validación"", ""bajar luces""]","[""apurar demasiado"", ""corregir en el pico"", ""cambio brusco"", ""muchas instrucciones""]",0.28,2,2026-05-31T21:00:00,2026-03-26T21:00:00,2026-05-31T21:00:00
f1db03ca-61f2-479e-bb5a-15d1010db47d,c5a1179e-a492-4240-b4ae-bd69ba8f7037,74631c3f-3508-4bc9-afce-e39cf4a2638b,crisis_activa,"[""pausa breve"", ""anticipación"", ""menos ruido""]","[""demasiado ruido"", ""presión escolar""]",0.24,1,2026-05-26T21:00:00,2026-04-04T21:00:00,2026-05-26T21:00:00
cbe9cf34-0d4f-4966-8335-ba40df78a819,d56d9f7e-3c29-4960-8e0a-43f7b68ae6e4,22e1674a-21ba-45ca-886f-4d49cab28ed1,sobrecarga_cuidador,"[""una sola indicación"", ""mismo cierre"", ""menos ruido"", ""dar tiempo""]","[""cambio brusco"", ""preguntar demasiado"", ""forzar explicación"", ""corregir en el pico""]",0.32,3,2026-05-31T10:00:00,2026-04-19T10:00:00,2026-05-31T10:00:00
4ad84795-f97b-4177-9247-71c7cae055f6,d56d9f7e-3c29-4960-8e0a-43f7b68ae6e4,22e1674a-21ba-45ca-886f-4d49cab28ed1,sueno_regulacion,"[""dar tiempo"", ""validación"", ""anticipación"", ""menos palabras""]","[""apurar demasiado"", ""forzar explicación"", ""preguntar demasiado"", ""gritar""]",0.28,2,2026-05-29T09:44:00,2026-05-09T09:44:00,2026-05-29T09:44:00
bfad31e1-eb22-4e81-80ef-d39014923c88,d56d9f7e-3c29-4960-8e0a-43f7b68ae6e4,22e1674a-21ba-45ca-886f-4d49cab28ed1,sobrecarga_sensorial,"[""bajar luces"", ""pausa breve"", ""dar tiempo"", ""una sola indicación""]","[""forzar explicación"", ""muchas instrucciones"", ""demasiado ruido"", ""pantallas tarde""]",0.36,4,2026-05-31T21:00:00,2026-05-03T21:00:00,2026-05-31T21:00:00
2e2beb1f-2117-4fcb-aa34-2ff578f5475e,d56d9f7e-3c29-4960-8e0a-43f7b68ae6e4,22e1674a-21ba-45ca-886f-4d49cab28ed1,apoyo_general,"[""bajar luces"", ""mismo cierre"", ""microacciones"", ""dar tiempo""]","[""cambio brusco"", ""forzar explicación"", ""corregir en el pico"", ""presión escolar""]",0.36,4,2026-05-29T15:17:00,2026-03-24T15:17:00,2026-05-29T15:17:00
389098a5-0334-4575-b969-06c5d9e11005,d56d9f7e-3c29-4960-8e0a-43f7b68ae6e4,22e1674a-21ba-45ca-886f-4d49cab28ed1,disfuncion_ejecutiva,"[""validación"", ""mismo cierre"", ""microacciones"", ""menos palabras""]","[""cambio brusco"", ""corregir en el pico"", ""demasiado ruido""]",0.32,3,2026-05-28T03:00:00,2026-03-29T03:00:00,2026-05-28T03:00:00
bd8eae7e-7aa1-4ceb-ac39-53c036ab9e38,d56d9f7e-3c29-4960-8e0a-43f7b68ae6e4,22e1674a-21ba-45ca-886f-4d49cab28ed1,crisis_activa,"[""microacciones"", ""una sola indicación"", ""menos palabras"", ""mismo cierre""]","[""gritar"", ""corregir en el pico"", ""forzar explicación"", ""preguntar demasiado""]",0.44,6,2026-05-30T21:00:00,2026-05-06T21:00:00,2026-05-30T21:00:00
5fc70aac-6802-4e4c-bb40-fdcb1d3d1c93,d56d9f7e-3c29-4960-8e0a-43f7b68ae6e4,22e1674a-21ba-45ca-886f-4d49cab28ed1,transicion_rigidez,"[""anticipación""]","[""presión escolar""]",0.24,1,2026-05-28T21:00:00,2026-04-30T21:00:00,2026-05-28T21:00:00
aca350ba-0220-4a3e-a44f-40aed6359c58,55089e60-d46f-4ebc-8689-74e4f6cf47b3,d368f7fe-026e-435a-8af6-0dfabcd2ca8b,sobrecarga_cuidador,"[""menos palabras"", ""bajar luces"", ""dar tiempo"", ""anticipación""]","[""forzar explicación"", ""cambio brusco"", ""gritar"", ""pantallas tarde""]",0.48,7,2026-05-31T21:00:00,2026-03-20T21:00:00,2026-05-31T21:00:00
b1e63076-6d00-4b63-a85e-1c929955ed3b,55089e60-d46f-4ebc-8689-74e4f6cf47b3,d368f7fe-026e-435a-8af6-0dfabcd2ca8b,sobrecarga_sensorial,"[""mismo cierre"", ""microacciones"", ""bajar luces"", ""validación""]","[""pantallas tarde"", ""gritar"", ""preguntar demasiado"", ""presión escolar""]",0.36,4,2026-05-31T21:00:00,2026-03-30T21:00:00,2026-05-31T21:00:00
f8235b16-e1ea-4bb4-90da-c860d567e2fb,55089e60-d46f-4ebc-8689-74e4f6cf47b3,d368f7fe-026e-435a-8af6-0dfabcd2ca8b,crisis_activa,"[""menos palabras"", ""pausa breve""]","[""cambio brusco"", ""pantallas tarde"", ""forzar explicación""]",0.32,3,2026-05-29T21:00:00,2026-04-03T21:00:00,2026-05-29T21:00:00
1e1fc352-b093-4c3f-bddf-b6d83162b15f,55089e60-d46f-4ebc-8689-74e4f6cf47b3,d368f7fe-026e-435a-8af6-0dfabcd2ca8b,sueno_regulacion,"[""bajar luces"", ""pausa breve"", ""dar tiempo"", ""validación""]","[""forzar explicación"", ""preguntar demasiado"", ""gritar"", ""pantallas tarde""]",0.32,3,2026-05-31T21:00:00,2026-03-15T21:00:00,2026-05-31T21:00:00
16f063d1-ca85-4e6b-9f69-4b4cf029a695,55089e60-d46f-4ebc-8689-74e4f6cf47b3,d368f7fe-026e-435a-8af6-0dfabcd2ca8b,apoyo_general,"[""bajar luces"", ""pausa breve"", ""una sola indicación""]","[""gritar"", ""preguntar demasiado"", ""cambio brusco""]",0.28,2,2026-05-26T21:00:00,2026-03-21T21:00:00,2026-05-26T21:00:00
10af4c41-fad7-4e8f-9215-7e549be1a8e9,55089e60-d46f-4ebc-8689-74e4f6cf47b3,d368f7fe-026e-435a-8af6-0dfabcd2ca8b,disfuncion_ejecutiva,"[""microacciones"", ""mismo cierre"", ""dar tiempo"", ""bajar luces""]","[""apurar demasiado"", ""preguntar demasiado"", ""cambio brusco"", ""presión escolar""]",0.32,3,2026-05-31T21:00:00,2026-04-13T21:00:00,2026-05-31T21:00:00
cd58f64f-5624-4f66-b668-0aaf1014d1ac,55089e60-d46f-4ebc-8689-74e4f6cf47b3,d368f7fe-026e-435a-8af6-0dfabcd2ca8b,transicion_rigidez,"[""anticipación""]","[""preguntar demasiado"", ""cambio brusco"", ""muchas instrucciones""]",0.24,1,2026-05-28T21:00:00,2026-04-07T21:00:00,2026-05-28T21:00:00
c0526619-3bc9-4781-be46-08d7ec5d7410,80b65243-53c2-4b60-a3bd-c3b83daa3bf6,29d5ced7-3a52-46a4-aad7-ffd02fa4f1c9,transicion_rigidez,"[""menos ruido""]","[""demasiado ruido"", ""forzar explicación"", ""presión escolar"", ""corregir en el pico""]",0.28,2,2026-05-18T23:47:00,2026-03-09T23:47:00,2026-05-18T23:47:00
f5961f04-4c2e-4201-824b-f8256f8a84d9,80b65243-53c2-4b60-a3bd-c3b83daa3bf6,29d5ced7-3a52-46a4-aad7-ffd02fa4f1c9,sobrecarga_sensorial,"[""mismo cierre"", ""pausa breve"", ""bajar luces"", ""menos ruido""]","[""presión escolar"", ""pantallas tarde"", ""corregir en el pico"", ""muchas instrucciones""]",0.4,5,2026-05-30T23:00:00,2026-04-20T23:00:00,2026-05-30T23:00:00
030c24ac-5049-430b-acf3-f6d7dd01c34c,80b65243-53c2-4b60-a3bd-c3b83daa3bf6,29d5ced7-3a52-46a4-aad7-ffd02fa4f1c9,crisis_activa,"[""pausa breve"", ""una sola indicación"", ""menos palabras"", ""microacciones""]","[""corregir en el pico"", ""forzar explicación"", ""muchas instrucciones"", ""demasiado ruido""]",0.36,4,2026-05-31T03:00:00,2026-03-24T03:00:00,2026-05-31T03:00:00
6b0d0e4a-c4ae-4650-93e9-fe51ebb2fc6d,80b65243-53c2-4b60-a3bd-c3b83daa3bf6,29d5ced7-3a52-46a4-aad7-ffd02fa4f1c9,apoyo_general,"[""menos palabras"", ""bajar luces"", ""microacciones"", ""validación""]","[""corregir en el pico"", ""apurar demasiado"", ""demasiado ruido"", ""preguntar demasiado""]",0.36,4,2026-05-31T03:00:00,2026-04-07T03:00:00,2026-05-31T03:00:00
3e07162a-1719-4eb7-a97d-cae079743da3,80b65243-53c2-4b60-a3bd-c3b83daa3bf6,29d5ced7-3a52-46a4-aad7-ffd02fa4f1c9,disfuncion_ejecutiva,"[""anticipación"", ""microacciones"", ""menos palabras"", ""menos ruido""]","[""corregir en el pico"", ""pantallas tarde"", ""apurar demasiado"", ""forzar explicación""]",0.4,5,2026-05-31T14:24:00,2026-05-03T14:24:00,2026-05-31T14:24:00
b0de7ecf-a9de-48e1-8a34-f47c282389b2,80b65243-53c2-4b60-a3bd-c3b83daa3bf6,29d5ced7-3a52-46a4-aad7-ffd02fa4f1c9,sobrecarga_cuidador,"[""dar tiempo"", ""anticipación"", ""mismo cierre"", ""menos palabras""]","[""forzar explicación"", ""pantallas tarde"", ""demasiado ruido"", ""preguntar demasiado""]",0.32,3,2026-05-27T21:00:00,2026-04-05T21:00:00,2026-05-27T21:00:00
33b0bd64-b8a1-4d11-b2bf-ea9d32d12fe5,218e92aa-7c88-4b22-bd5d-d6c2263e6fb5,54a75c11-cb96-41e6-9288-5678a6066101,sueno_regulacion,"[""una sola indicación"", ""pausa breve"", ""anticipación"", ""menos palabras""]","[""presión escolar"", ""gritar"", ""preguntar demasiado"", ""pantallas tarde""]",0.36,4,2026-05-26T21:00:00,2026-03-16T21:00:00,2026-05-26T21:00:00
d4a4138e-855c-447d-8029-e97a61d3fe1d,218e92aa-7c88-4b22-bd5d-d6c2263e6fb5,54a75c11-cb96-41e6-9288-5678a6066101,apoyo_general,"[""menos ruido"", ""una sola indicación"", ""dar tiempo"", ""mismo cierre""]","[""presión escolar"", ""apurar demasiado"", ""cambio brusco"", ""muchas instrucciones""]",0.44,6,2026-05-31T21:00:00,2026-04-24T21:00:00,2026-05-31T21:00:00
d2390424-d9a4-44eb-a670-2ee0a6b83a1f,218e92aa-7c88-4b22-bd5d-d6c2263e6fb5,54a75c11-cb96-41e6-9288-5678a6066101,transicion_rigidez,"[""una sola indicación"", ""validación"", ""microacciones"", ""pausa breve""]","[""gritar"", ""muchas instrucciones"", ""cambio brusco"", ""apurar demasiado""]",0.44,6,2026-05-31T21:00:00,2026-05-10T21:00:00,2026-05-31T21:00:00
28b456a2-5569-4bf1-86c9-82bbc37b0f3f,218e92aa-7c88-4b22-bd5d-d6c2263e6fb5,54a75c11-cb96-41e6-9288-5678a6066101,sobrecarga_sensorial,"[""una sola indicación"", ""menos ruido"", ""mismo cierre""]","[""corregir en el pico"", ""muchas instrucciones"", ""demasiado ruido""]",0.28,2,2026-05-26T21:00:00,2026-03-11T21:00:00,2026-05-26T21:00:00
fa06e0f4-9171-4b2e-85cb-bb319320a1b4,218e92aa-7c88-4b22-bd5d-d6c2263e6fb5,54a75c11-cb96-41e6-9288-5678a6066101,crisis_activa,"[""una sola indicación"", ""microacciones"", ""validación"", ""pausa breve""]","[""cambio brusco"", ""muchas instrucciones"", ""corregir en el pico"", ""pantallas tarde""]",0.36,4,2026-05-30T21:00:00,2026-04-06T21:00:00,2026-05-30T21:00:00
24b36cea-64d8-4677-aaf2-a22b46432e3d,218e92aa-7c88-4b22-bd5d-d6c2263e6fb5,54a75c11-cb96-41e6-9288-5678a6066101,disfuncion_ejecutiva,"[""mismo cierre""]","[""cambio brusco""]",0.24,1,2026-05-31T21:00:00,2026-04-05T21:00:00,2026-05-31T21:00:00
d71578c4-aca0-4987-b55d-343747f50e7e,11d0c5c7-307a-49b9-8d57-44b99f520cdc,9ff4226d-4872-4bde-ac45-221a053efef7,disfuncion_ejecutiva,"[""bajar luces"", ""validación"", ""menos palabras"", ""menos ruido""]","[""cambio brusco"", ""forzar explicación"", ""apurar demasiado"", ""preguntar demasiado""]",0.32,3,2026-05-31T18:07:00,2026-04-04T18:07:00,2026-05-31T18:07:00
879a4a04-fb42-4e6c-b014-8c811a4ca68d,11d0c5c7-307a-49b9-8d57-44b99f520cdc,9ff4226d-4872-4bde-ac45-221a053efef7,apoyo_general,"[""bajar luces"", ""menos ruido"", ""mismo cierre"", ""validación""]","[""cambio brusco"", ""pantallas tarde"", ""demasiado ruido"", ""presión escolar""]",0.56,9,2026-05-31T12:44:00,2026-03-12T12:44:00,2026-05-31T12:44:00
03e9bb7f-3486-437f-902b-82b13050a099,11d0c5c7-307a-49b9-8d57-44b99f520cdc,9ff4226d-4872-4bde-ac45-221a053efef7,crisis_activa,"[""anticipación"", ""menos palabras"", ""dar tiempo""]","[""muchas instrucciones"", ""demasiado ruido"", ""corregir en el pico"", ""pantallas tarde""]",0.28,2,2026-05-29T21:00:00,2026-03-14T21:00:00,2026-05-29T21:00:00
7b44359f-a632-485f-baa0-7be04d267ffc,11d0c5c7-307a-49b9-8d57-44b99f520cdc,9ff4226d-4872-4bde-ac45-221a053efef7,sueno_regulacion,"[""validación"", ""menos palabras""]","[""pantallas tarde"", ""demasiado ruido"", ""cambio brusco""]",0.28,2,2026-05-26T21:00:00,2026-04-28T21:00:00,2026-05-26T21:00:00
2814994a-d12b-4cd8-b587-344059969678,11d0c5c7-307a-49b9-8d57-44b99f520cdc,9ff4226d-4872-4bde-ac45-221a053efef7,sobrecarga_cuidador,"[""anticipación"", ""menos palabras"", ""bajar luces"", ""microacciones""]","[""apurar demasiado"", ""forzar explicación"", ""pantallas tarde"", ""cambio brusco""]",0.4,5,2026-05-29T21:00:00,2026-04-23T21:00:00,2026-05-29T21:00:00
dc1fd6d7-3cd2-4383-92ce-3a66d6cc22dd,11d0c5c7-307a-49b9-8d57-44b99f520cdc,9ff4226d-4872-4bde-ac45-221a053efef7,sobrecarga_sensorial,"[""dar tiempo"", ""microacciones"", ""una sola indicación""]","[""corregir en el pico""]",0.24,1,2026-05-29T21:00:00,2026-05-08T21:00:00,2026-05-29T21:00:00
df8e82d0-5fa5-4406-aba4-49126509e3cd,11d0c5c7-307a-49b9-8d57-44b99f520cdc,9ff4226d-4872-4bde-ac45-221a053efef7,transicion_rigidez,"[""microacciones""]","[""corregir en el pico"", ""muchas instrucciones"", ""presión escolar""]",0.24,1,2026-05-31T00:00:00,2026-04-19T00:00:00,2026-05-31T00:00:00
8b3d3c48-ad70-4177-aef2-975a39f5c4c5,676a059e-b867-4351-802a-2faecd906915,dcf187c5-49ca-4d0a-ae63-41e478202535,disfuncion_ejecutiva,"[""anticipación"", ""mismo cierre"", ""pausa breve"", ""menos palabras""]","[""cambio brusco"", ""pantallas tarde"", ""demasiado ruido"", ""apurar demasiado""]",0.36,4,2026-05-30T14:04:00,2026-04-03T14:04:00,2026-05-30T14:04:00
3e2f78d7-a73f-417f-ab21-48eb580d868e,676a059e-b867-4351-802a-2faecd906915,dcf187c5-49ca-4d0a-ae63-41e478202535,sobrecarga_sensorial,"[""validación"", ""menos palabras"", ""bajar luces"", ""pausa breve""]","[""demasiado ruido"", ""gritar"", ""corregir en el pico"", ""cambio brusco""]",0.36,4,2026-05-31T21:00:00,2026-04-12T21:00:00,2026-05-31T21:00:00
a0865eff-dc20-4b42-b5cd-8e1c824b163e,676a059e-b867-4351-802a-2faecd906915,dcf187c5-49ca-4d0a-ae63-41e478202535,apoyo_general,"[""menos ruido"", ""microacciones"", ""anticipación"", ""una sola indicación""]","[""forzar explicación"", ""cambio brusco"", ""apurar demasiado"", ""presión escolar""]",0.32,3,2026-05-30T21:00:00,2026-04-10T21:00:00,2026-05-30T21:00:00
d5d3ea09-ece1-460e-be0d-1cc6de352e77,676a059e-b867-4351-802a-2faecd906915,dcf187c5-49ca-4d0a-ae63-41e478202535,crisis_activa,"[""menos ruido"", ""microacciones"", ""una sola indicación"", ""bajar luces""]","[""pantallas tarde"", ""muchas instrucciones"", ""demasiado ruido"", ""corregir en el pico""]",0.44,6,2026-05-31T00:00:00,2026-04-06T00:00:00,2026-05-31T00:00:00
5bc5dea6-e36d-405d-9474-b733d99c88e7,676a059e-b867-4351-802a-2faecd906915,dcf187c5-49ca-4d0a-ae63-41e478202535,sobrecarga_cuidador,"[""menos ruido"", ""menos palabras"", ""anticipación"", ""pausa breve""]","[""gritar"", ""preguntar demasiado"", ""corregir en el pico"", ""muchas instrucciones""]",0.36,4,2026-05-29T23:18:00,2026-05-05T23:18:00,2026-05-29T23:18:00
e0718418-e405-44d4-adbc-18cfabb86afd,676a059e-b867-4351-802a-2faecd906915,dcf187c5-49ca-4d0a-ae63-41e478202535,transicion_rigidez,"[""validación"", ""dar tiempo""]","[""gritar"", ""demasiado ruido"", ""muchas instrucciones""]",0.24,1,2026-05-28T21:00:00,2026-04-25T21:00:00,2026-05-28T21:00:00
8bb4d44d-7ba9-49da-85f7-5f18c86780fa,676a059e-b867-4351-802a-2faecd906915,dcf187c5-49ca-4d0a-ae63-41e478202535,sueno_regulacion,[],"[""forzar explicación""]",0.24,1,2026-05-28T21:00:00,2026-04-28T21:00:00,2026-05-28T21:00:00
4d93fd7a-eb47-4a0f-b29d-8770e764ea49,76bf3857-4864-47a6-9eff-bbdabe6c5769,08637f78-79d6-4927-a0cf-0288a0f7abbe,sobrecarga_cuidador,"[""pausa breve"", ""una sola indicación"", ""validación"", ""menos ruido""]","[""cambio brusco"", ""apurar demasiado"", ""gritar"", ""forzar explicación""]",0.44,6,2026-05-30T22:00:00,2026-04-09T22:00:00,2026-05-30T22:00:00
b5726970-d7ad-40f7-bf2f-af5821e9e963,76bf3857-4864-47a6-9eff-bbdabe6c5769,08637f78-79d6-4927-a0cf-0288a0f7abbe,disfuncion_ejecutiva,"[""anticipación"", ""pausa breve"", ""microacciones"", ""validación""]","[""corregir en el pico"", ""apurar demasiado"", ""muchas instrucciones"", ""forzar explicación""]",0.36,4,2026-05-31T21:00:00,2026-03-29T21:00:00,2026-05-31T21:00:00
67f7683a-2161-4d00-9de0-df079d13d065,76bf3857-4864-47a6-9eff-bbdabe6c5769,08637f78-79d6-4927-a0cf-0288a0f7abbe,apoyo_general,"[""menos ruido"", ""bajar luces"", ""dar tiempo"", ""mismo cierre""]","[""muchas instrucciones"", ""demasiado ruido"", ""pantallas tarde"", ""apurar demasiado""]",0.44,6,2026-05-30T21:00:00,2026-04-23T21:00:00,2026-05-30T21:00:00
e7c92d55-96e8-40fb-bf24-f790fe062155,76bf3857-4864-47a6-9eff-bbdabe6c5769,08637f78-79d6-4927-a0cf-0288a0f7abbe,transicion_rigidez,"[""menos ruido"", ""bajar luces"", ""menos palabras"", ""anticipación""]","[""presión escolar"", ""preguntar demasiado"", ""forzar explicación"", ""gritar""]",0.28,2,2026-05-29T21:00:00,2026-04-01T21:00:00,2026-05-29T21:00:00
7b21d894-57bf-4f6d-821b-09f4d7bd02c2,76bf3857-4864-47a6-9eff-bbdabe6c5769,08637f78-79d6-4927-a0cf-0288a0f7abbe,crisis_activa,"[""anticipación"", ""bajar luces"", ""microacciones"", ""una sola indicación""]","[""presión escolar"", ""apurar demasiado"", ""forzar explicación"", ""gritar""]",0.4,5,2026-05-30T21:00:00,2026-04-10T21:00:00,2026-05-30T21:00:00
